event_timestamp,user_id,city,event_type,order_id,revenue,source,platform
2026-06-01 02:01:45,TEST-KZN-0001,Казань,purchase,TEST-00001,unknown,test,android
2026-06-01 02:01:49,TEST-KZN-0121,Казань,purchase,TEST-00121,110.00,test,android
2026-06-01 02:31:18,TEST-KZN-0031,Казань,purchase,TEST-00031,110.00,test,android
2026-06-01 03:01:47,TEST-KZN-0061,Казань,purchase,TEST-00061,110.00,test,ios
2026-06-01 03:31:47,TEST-KZN-0091,Казань,purchase,TEST-00091,110.00,test,android
2026-06-01 08:03:46,NSK-0009,Новосибирск,visit,,0,ads,android
2026-06-01 08:08:18,NSK-0009,Новосибирск,product_view,,0,ads,android
2026-06-01 08:11:12,SPB-0071,Санкт-Петербург,visit,,0,referral,android
2026-06-01 08:15:32,NSK-0020,Новосибирск,visit,,0,organic,android
2026-06-01 08:17:25,KZN-0010,Казань,visit,,0,ads,android
2026-06-01 08:21:02,NSK-0020,Новосибирск,product_view,,0,organic,android
2026-06-01 08:22:08,KZN-0069,Казань,visit,,0,organic,android
2026-06-01 08:22:18,SPB-0024,Санкт-Петербург,visit,,0,ads,ios
2026-06-01 08:32:46,KZN-0010,Казань,product_view,,0,ads,android
2026-06-01 08:33:00,NSK-0047,Новосибирск,visit,,0,organic,android
2026-06-01 08:36:51,SPB-0071,Санкт-Петербург,product_view,,0,referral,android
2026-06-01 08:36:58,MSK-0131,Москва,visit,,0,ads,ios
2026-06-01 08:45:37,EKB-0083,Екатеринбург,visit,,0,ads,android
2026-06-01 08:45:41,MSK-0131,Москва,product_view,,0,ads,ios
2026-06-01 08:47:33,KZN-0069,Казань,product_view,,0,organic,android
2026-06-01 08:52:18,NSK-0047,Новосибирск,product_view,,0,organic,android
2026-06-01 09:12:22,KZN-0127,Казань,visit,,0,referral,web
2026-06-01 09:14:30,EKB-0083,Екатеринбург,product_view,,0,ads,android
2026-06-01 09:17:10,SPB-0146,Санкт-Петербург,visit,,0,organic,android
2026-06-01 09:19:18,MSK-0261,Москва,visit,,0,organic,web
2026-06-01 09:21:57,MSK-0233,Москва,visit,,0,ads,android
2026-06-01 09:23:11,MSK-0238,Москва,visit,,0,ads,android
2026-06-01 09:29:39,MSK-0066,Москва,visit,,0,organic,android
2026-06-01 09:30:01,KZN-0127,Казань,product_view,,0,referral,web
2026-06-01 09:30:32,MSK-0261,Москва,product_view,,0,organic,web
2026-06-01 09:38:29,EKB-0059,Екатеринбург,visit,,0,referral,web
2026-06-01 09:40:42,SPB-0170,Санкт-Петербург,visit,,0,organic,ios
2026-06-01 09:41:21,MSK-0233,Москва,product_view,,0,ads,android
2026-06-01 09:41:51,MSK-0211,Москва,visit,,0,organic,android
2026-06-01 09:42:52,MSK-0240,Москва,visit,,0,organic,ios
2026-06-01 09:45:01,MSK-0045,Москва,visit,,0,ads,ios
2026-06-01 09:46:25,MSK-0240,Москва,product_view,,0,organic,ios
2026-06-01 09:47:09,MSK-0045,Москва,product_view,,0,ads,ios
2026-06-01 09:47:24,KZN-0021,Казань,visit,,0,ads,ios
2026-06-01 09:48:45,SPB-0167,Санкт-Петербург,visit,,0,ads,ios
2026-06-01 09:55:49,SPB-0167,Санкт-Петербург,product_view,,0,ads,ios
2026-06-01 10:00:48,MSK-0096,Москва,visit,,0,organic,ios
2026-06-01 10:01:45,NSK-0013,Новосибирск,visit,,0,ads,web
2026-06-01 10:04:08,MSK-0240,Москва,product_view,,0,organic,ios
2026-06-01 10:07:24,NSK-0013,Новосибирск,product_view,,0,ads,web
2026-06-01 10:07:51,MSK-0096,Москва,product_view,,0,organic,ios
2026-06-01 10:08:18,EKB-0017,Екатеринбург,purchase,ORD-000032,290.00,organic,web
2026-06-01 10:08:21,KZN-0021,Казань,product_view,,0,ads,ios
2026-06-01 10:08:29,KZN-0008,Казань,visit,,0,organic,android
2026-06-01 10:09:24,SPB-0043,Санкт-Петербург,purchase,ORD-000020,650.00,organic,ios
2026-06-01 10:14:07,NSK-0073,Новосибирск,visit,,0,organic,android
2026-06-01 10:17:00,SPB-0130,Санкт-Петербург,visit,,0,referral,ios
2026-06-01 10:18:02,MSK-0062,Москва,visit,,0,organic,android
2026-06-01 10:19:10,SPB-0166,Санкт-Петербург,visit,,0,organic,android
2026-06-01 10:20:55,KZN-0008,Казань,product_view,,0,organic,android
2026-06-01 10:21:55,MSK-0045,Москва,product_view,,0,ads,ios
2026-06-01 10:23:33,MSK-0223,Москва,visit,,0,organic,ios
2026-06-01 10:26:56,EKB-0007,Екатеринбург,visit,,0,organic,android
2026-06-01 10:29:37,EKB-0002,Екатеринбург,visit,,0,organic,android
2026-06-01 10:31:51,MSK-0031,Москва,purchase,ORD-000005,230.00,organic,android
2026-06-01 10:34:36,KZN-0052,Казань,visit,,0,organic,android
2026-06-01 10:37:14,SPB-0148,Санкт-Петербург,visit,,0,organic,web
2026-06-01 10:37:55,EKB-0007,Екатеринбург,product_view,,0,organic,android
2026-06-01 10:41:12,MSK-0148,Москва,visit,,0,ads,ios
2026-06-01 10:45:05,SPB-0046,Санкт-Петербург,visit,,0,organic,android
2026-06-01 10:45:14,NSK-0062,Новосибирск,visit,,0,organic,android
2026-06-01 10:45:21,EKB-0007,Екатеринбург,product_view,,0,organic,android
2026-06-01 10:52:57,EKB-0002,Екатеринбург,product_view,,0,organic,android
2026-06-01 10:53:02,SPB-0046,Санкт-Петербург,product_view,,0,organic,android
2026-06-01 11:00:27,MSK-0148,Москва,product_view,,0,ads,ios
2026-06-01 11:03:20,SPB-0054,Санкт-Петербург,visit,,0,organic,android
2026-06-01 11:09:22,MSK-0032,Москва,visit,,0,organic,ios
2026-06-01 11:09:37,SPB-0027,Санкт-Петербург,purchase,ORD-000019,350.00,organic,android
2026-06-01 11:12:58,NSK-0062,Новосибирск,product_view,,0,organic,android
2026-06-01 11:13:40,EKB-0002,Екатеринбург,product_view,,0,organic,android
2026-06-01 11:18:04,NSK-0066,Новосибирск,visit,,0,ads,ios
2026-06-01 11:22:50,MSK-0032,Москва,product_view,,0,organic,ios
2026-06-01 11:22:56,EKB-0017,Екатеринбург,visit,,0,organic,web
2026-06-01 11:23:37,SPB-0045,Санкт-Петербург,purchase,ORD-000015,270.00,organic,ios
2026-06-01 11:25:06,SPB-0046,Санкт-Петербург,product_view,,0,organic,android
2026-06-01 11:26:34,EKB-0074,Екатеринбург,visit,,0,referral,ios
2026-06-01 11:27:50,NSK-0066,Новосибирск,product_view,,0,ads,ios
2026-06-01 11:30:57,MSK-0212,Москва,visit,,0,organic,android
2026-06-01 11:34:04,MSK-0031,Москва,visit,,0,organic,android
2026-06-01 11:34:24,KZN-0111,Казань,visit,,0,organic,ios
2026-06-01 11:34:36,EKB-0066,Екатеринбург,visit,,0,organic,ios
2026-06-01 11:35:40,EKB-0074,Екатеринбург,product_view,,0,referral,ios
2026-06-01 11:38:53,EKB-0002,Екатеринбург,purchase,ORD-000031,290.00,organic,android
2026-06-01 11:41:41,MSK-0228,Москва,visit,,0,ads,android
2026-06-01 11:41:51,MSK-0032,Москва,product_view,,0,organic,ios
2026-06-01 11:42:02,MSK-0073,Москва,visit,,0,organic,android
2026-06-01 11:44:55,MSK-0190,Москва,visit,,0,referral,ios
2026-06-01 11:45:24,EKB-0079,Екатеринбург,visit,,0,organic,web
2026-06-01 11:46:22,SPB-0015,Санкт-Петербург,visit,,0,organic,android
2026-06-01 11:51:20,MSK-0031,Москва,product_view,,0,organic,android
2026-06-01 11:51:23,EKB-0079,Екатеринбург,product_view,,0,organic,web
2026-06-01 11:51:40,EKB-0017,Екатеринбург,product_view,,0,organic,web
2026-06-01 11:52:09,MSK-0073,Москва,product_view,,0,organic,android
2026-06-01 11:54:24,KZN-0103,Казань,visit,,0,organic,web
2026-06-01 11:54:34,EKB-0074,Екатеринбург,product_view,,0,referral,ios
2026-06-01 11:54:40,SPB-0052,Санкт-Петербург,purchase,ORD-000021,270.00,organic,android
2026-06-01 11:56:59,EKB-0022,Екатеринбург,purchase,ORD-000029,250.00,organic,ios
2026-06-01 12:00:14,MSK-0243,Москва,visit,,0,organic,ios
2026-06-01 12:01:26,SPB-0067,Санкт-Петербург,visit,,0,organic,android
2026-06-01 12:03:17,KZN-0060,Казань,visit,,0,referral,android
2026-06-01 12:05:40,EKB-0082,Екатеринбург,visit,,0,referral,android
2026-06-01 12:05:49,MSK-0018,Москва,visit,,0,ads,android
2026-06-01 12:06:26,MSK-0045,Москва,purchase,ORD-000003,400.00,ads,ios
2026-06-01 12:08:11,SPB-0204,Санкт-Петербург,visit,,0,ads,ios
2026-06-01 12:12:36,MSK-0031,Москва,product_view,,0,organic,android
2026-06-01 12:13:27,MSK-0040,Москва,visit,,0,ads,android
2026-06-01 12:14:26,SPB-0015,Санкт-Петербург,product_view,,0,organic,android
2026-06-01 12:14:51,MSK-0073,Москва,product_view,,0,organic,android
2026-06-01 12:17:51,MSK-0242,Москва,visit,,0,referral,android
2026-06-01 12:18:38,SPB-0067,Санкт-Петербург,product_view,,0,organic,android
2026-06-01 12:22:40,KZN-0116,Казань,visit,,0,ads,ios
2026-06-01 12:25:12,KZN-0060,Казань,product_view,,0,referral,android
2026-06-01 12:25:41,MSK-0132,Москва,visit,,0,referral,android
2026-06-01 12:26:38,MSK-0072,Москва,visit,,0,organic,android
2026-06-01 12:26:58,MSK-0018,Москва,product_view,,0,ads,android
2026-06-01 12:28:50,MSK-0040,Москва,product_view,,0,ads,android
2026-06-01 12:32:11,MSK-0018,Москва,product_view,,0,ads,android
2026-06-01 12:33:23,SPB-0190,Санкт-Петербург,visit,,0,ads,ios
2026-06-01 12:34:11,MSK-0040,Москва,purchase,ORD-000011,230.00,ads,android
2026-06-01 12:35:24,MSK-0072,Москва,purchase,ORD-000009,230.00,organic,android
2026-06-01 12:39:40,NSK-0010,Новосибирск,purchase,ORD-000037,360.00,ads,ios
2026-06-01 12:42:52,KZN-0061,Казань,visit,,0,ads,ios
2026-06-01 12:42:57,SPB-0029,Санкт-Петербург,visit,,0,referral,ios
2026-06-01 12:43:39,MSK-0072,Москва,product_view,,0,organic,android
2026-06-01 12:44:26,KZN-0023,Казань,visit,,0,organic,web
2026-06-01 12:45:44,NSK-0060,Новосибирск,visit,,0,ads,web
2026-06-01 12:46:11,KZN-0023,Казань,product_view,,0,organic,web
2026-06-01 12:48:15,MSK-0242,Москва,product_view,,0,referral,android
2026-06-01 12:50:51,SPB-0043,Санкт-Петербург,visit,,0,organic,ios
2026-06-01 12:50:57,NSK-0010,Новосибирск,visit,,0,ads,ios
2026-06-01 12:52:36,SPB-0154,Санкт-Петербург,visit,,0,referral,ios
2026-06-01 12:56:12,NSK-0010,Новосибирск,product_view,,0,ads,ios
2026-06-01 12:59:32,SPB-0029,Санкт-Петербург,product_view,,0,referral,ios
2026-06-01 13:00:17,SPB-0036,Санкт-Петербург,purchase,ORD-000022,270.00,organic,ios
2026-06-01 13:00:28,MSK-0043,Москва,visit,,0,referral,android
2026-06-01 13:08:29,SPB-0154,Санкт-Петербург,product_view,,0,referral,ios
2026-06-01 13:08:32,SPB-0029,Санкт-Петербург,product_view,,0,referral,ios
2026-06-01 13:12:15,SPB-0043,Санкт-Петербург,product_view,,0,organic,ios
2026-06-01 13:12:39,KZN-0061,Казань,product_view,,0,ads,ios
2026-06-01 13:13:51,MSK-0109,Москва,visit,,0,ads,android
2026-06-01 13:17:49,KZN-0096,Казань,visit,,0,referral,ios
2026-06-01 13:22:06,SPB-0043,Санкт-Петербург,product_view,,0,organic,ios
2026-06-01 13:25:36,MSK-0018,Москва,purchase,ORD-000006,270.00,ads,android
2026-06-01 13:30:26,SPB-0155,Санкт-Петербург,visit,,0,ads,android
2026-06-01 13:35:05,MSK-0109,Москва,product_view,,0,ads,android
2026-06-01 13:41:24,SPB-0010,Санкт-Петербург,visit,,0,organic,ios
2026-06-01 13:43:40,KZN-0096,Казань,product_view,,0,referral,ios
2026-06-01 13:43:53,KZN-0018,Казань,visit,,0,ads,android
2026-06-01 13:44:53,MSK-0258,Москва,visit,,0,organic,android
2026-06-01 13:46:22,MSK-0109,Москва,product_view,,0,ads,android
2026-06-01 13:47:04,MSK-0258,Москва,product_view,,0,organic,android
2026-06-01 13:49:55,MSK-0042,Москва,visit,,0,organic,web
2026-06-01 13:52:25,KZN-0013,Казань,visit,,0,ads,android
2026-06-01 13:58:23,MSK-0061,Москва,visit,,0,organic,android
2026-06-01 14:00:36,NSK-0004,Новосибирск,visit,,0,ads,ios
2026-06-01 14:01:23,KZN-0115,Казань,visit,,0,organic,ios
2026-06-01 14:01:44,MSK-0042,Москва,product_view,,0,organic,web
2026-06-01 14:02:06,SPB-0010,Санкт-Петербург,product_view,,0,organic,ios
2026-06-01 14:03:39,KZN-0014,Казань,purchase,ORD-000026,300.00,organic,android
2026-06-01 14:04:33,KZN-0013,Казань,product_view,,0,ads,android
2026-06-01 14:05:02,SPB-0010,Санкт-Петербург,product_view,,0,organic,ios
2026-06-01 14:05:07,MSK-0061,Москва,product_view,,0,organic,android
2026-06-01 14:06:55,SPB-0155,Санкт-Петербург,product_view,,0,ads,android
2026-06-01 14:13:18,SPB-0212,Санкт-Петербург,visit,,0,organic,android
2026-06-01 14:14:19,EKB-0043,Екатеринбург,visit,,0,organic,android
2026-06-01 14:14:31,KZN-0013,Казань,product_view,,0,ads,android
2026-06-01 14:15:27,SPB-0092,Санкт-Петербург,visit,,0,organic,web
2026-06-01 14:16:46,SPB-0026,Санкт-Петербург,visit,,0,organic,android
2026-06-01 14:16:47,MSK-0061,Москва,product_view,,0,organic,android
2026-06-01 14:22:01,MSK-0042,Москва,product_view,,0,organic,web
2026-06-01 14:22:41,SPB-0212,Санкт-Петербург,product_view,,0,organic,android
2026-06-01 14:29:09,SPB-0212,Санкт-Петербург,product_view,,0,organic,android
2026-06-01 14:34:08,KZN-0009,Казань,visit,,0,organic,android
2026-06-01 14:35:43,SPB-0041,Санкт-Петербург,visit,,0,ads,web
2026-06-01 14:37:24,EKB-0019,Екатеринбург,purchase,ORD-000033,710.00,ads,android
2026-06-01 14:40:11,NSK-0087,Новосибирск,visit,,0,organic,web
2026-06-01 14:42:41,SPB-0026,Санкт-Петербург,product_view,,0,organic,android
2026-06-01 14:44:47,EKB-0025,Екатеринбург,visit,,0,ads,android
2026-06-01 14:46:31,EKB-0019,Екатеринбург,visit,,0,ads,android
2026-06-01 14:51:40,EKB-0088,Екатеринбург,visit,,0,referral,android
2026-06-01 14:52:52,SPB-0078,Санкт-Петербург,visit,,0,ads,web
2026-06-01 14:53:03,EKB-0019,Екатеринбург,product_view,,0,ads,android
2026-06-01 14:54:36,MSK-0002,Москва,visit,,0,organic,android
2026-06-01 14:54:39,SPB-0133,Санкт-Петербург,visit,,0,ads,android
2026-06-01 14:54:58,KZN-0009,Казань,product_view,,0,organic,android
2026-06-01 14:56:11,SPB-0045,Санкт-Петербург,visit,,0,organic,ios
2026-06-01 14:56:27,SPB-0183,Санкт-Петербург,visit,,0,organic,android
2026-06-01 14:58:39,SPB-0151,Санкт-Петербург,visit,,0,organic,ios
2026-06-01 14:59:50,MSK-0086,Москва,visit,,0,organic,android
2026-06-01 15:02:54,MSK-0064,Москва,visit,,0,ads,ios
2026-06-01 15:07:08,EKB-0007,Екатеринбург,purchase,ORD-000030,250.00,organic,android
2026-06-01 15:07:35,MSK-0002,Москва,product_view,,0,organic,android
2026-06-01 15:08:10,SPB-0183,Санкт-Петербург,product_view,,0,organic,android
2026-06-01 15:09:11,NSK-0087,Новосибирск,product_view,,0,organic,web
2026-06-01 15:09:30,KZN-0008,Казань,purchase,ORD-000028,180.00,organic,android
2026-06-01 15:09:50,SPB-0045,Санкт-Петербург,product_view,,0,organic,ios
2026-06-01 15:11:20,EKB-0075,Екатеринбург,visit,,0,organic,ios
2026-06-01 15:13:45,SPB-0084,Санкт-Петербург,visit,,0,organic,android
2026-06-01 15:16:58,EKB-0090,Екатеринбург,visit,,0,organic,ios
2026-06-01 15:17:55,EKB-0088,Екатеринбург,product_view,,0,referral,android
2026-06-01 15:22:41,EKB-0019,Екатеринбург,product_view,,0,ads,android
2026-06-01 15:24:12,SPB-0084,Санкт-Петербург,product_view,,0,organic,android
2026-06-01 15:24:55,MSK-0032,Москва,purchase,ORD-000002,320.00,organic,ios
2026-06-01 15:25:00,SPB-0133,Санкт-Петербург,product_view,,0,ads,android
2026-06-01 15:25:41,MSK-0150,Москва,visit,,0,ads,android
2026-06-01 15:26:11,SPB-0010,Санкт-Петербург,purchase,ORD-000016,220.00,organic,ios
2026-06-01 15:26:20,SPB-0084,Санкт-Петербург,product_view,,0,organic,android
2026-06-01 15:26:45,MSK-0198,Москва,visit,,0,organic,android
2026-06-01 15:27:49,SPB-0183,Санкт-Петербург,product_view,,0,organic,android
2026-06-01 15:28:09,SPB-0133,Санкт-Петербург,product_view,,0,ads,android
2026-06-01 15:32:22,MSK-0002,Москва,product_view,,0,organic,android
2026-06-01 15:33:47,MSK-0064,Москва,product_view,,0,ads,ios
2026-06-01 15:34:16,MSK-0125,Москва,visit,,0,organic,android
2026-06-01 15:34:20,MSK-0086,Москва,product_view,,0,organic,android
2026-06-01 15:39:02,MSK-0073,Москва,purchase,ORD-000001,190.00,organic,android
2026-06-01 15:40:28,EKB-0022,Екатеринбург,visit,,0,organic,ios
2026-06-01 15:45:05,EKB-0075,Екатеринбург,product_view,,0,organic,ios
2026-06-01 15:45:41,EKB-0081,Екатеринбург,visit,,0,organic,android
2026-06-01 15:46:17,EKB-0068,Екатеринбург,visit,,0,organic,android
2026-06-01 15:49:43,EKB-0022,Екатеринбург,product_view,,0,organic,ios
2026-06-01 15:49:54,SPB-0027,Санкт-Петербург,visit,,0,organic,android
2026-06-01 15:50:33,MSK-0125,Москва,product_view,,0,organic,android
2026-06-01 15:56:46,EKB-0075,Екатеринбург,product_view,,0,organic,ios
2026-06-01 15:57:37,SPB-0016,Санкт-Петербург,visit,,0,referral,ios
2026-06-01 16:00:45,NSK-0052,Новосибирск,visit,,0,organic,android
2026-06-01 16:04:23,EKB-0068,Екатеринбург,product_view,,0,organic,android
2026-06-01 16:04:47,SPB-0027,Санкт-Петербург,product_view,,0,organic,android
2026-06-01 16:06:02,MSK-0053,Москва,purchase,ORD-000008,360.00,organic,ios
2026-06-01 16:06:10,SPB-0026,Санкт-Петербург,purchase,ORD-000018,350.00,organic,android
2026-06-01 16:10:37,SPB-0027,Санкт-Петербург,product_view,,0,organic,android
2026-06-01 16:11:24,SPB-0016,Санкт-Петербург,product_view,,0,referral,ios
2026-06-01 16:13:10,MSK-0123,Москва,visit,,0,organic,android
2026-06-01 16:13:30,SPB-0015,Санкт-Петербург,purchase,ORD-000017,270.00,organic,android
2026-06-01 16:17:04,MSK-0123,Москва,product_view,,0,organic,android
2026-06-01 16:17:18,NSK-0052,Новосибирск,product_view,,0,organic,android
2026-06-01 16:21:43,SPB-0048,Санкт-Петербург,visit,,0,organic,android
2026-06-01 16:27:24,MSK-0144,Москва,visit,,0,organic,android
2026-06-01 16:27:32,MSK-0188,Москва,visit,,0,referral,ios
2026-06-01 16:37:24,KZN-0027,Казань,visit,,0,referral,ios
2026-06-01 16:37:42,SPB-0036,Санкт-Петербург,visit,,0,organic,ios
2026-06-01 16:38:50,MSK-0204,Москва,visit,,0,referral,ios
2026-06-01 16:44:57,MSK-0204,Москва,product_view,,0,referral,ios
2026-06-01 16:49:22,SPB-0174,Санкт-Петербург,visit,,0,organic,web
2026-06-01 16:51:07,MSK-0220,Москва,visit,,0,organic,android
2026-06-01 16:54:37,MSK-0019,Москва,visit,,0,ads,android
2026-06-01 16:56:21,MSK-0080,Москва,visit,,0,ads,ios
2026-06-01 17:01:12,KZN-0027,Казань,product_view,,0,referral,ios
2026-06-01 17:01:12,EKB-0035,Екатеринбург,visit,,0,ads,android
2026-06-01 17:02:30,KZN-0079,Казань,visit,,0,ads,ios
2026-06-01 17:07:53,MSK-0249,Москва,visit,,0,ads,ios
2026-06-01 17:09:39,NSK-0002,Новосибирск,visit,,0,organic,android
2026-06-01 17:12:50,SPB-0036,Санкт-Петербург,product_view,,0,organic,ios
2026-06-01 17:13:03,MSK-0249,Москва,product_view,,0,ads,ios
2026-06-01 17:14:16,SPB-0036,Санкт-Петербург,product_view,,0,organic,ios
2026-06-01 17:14:45,NSK-0002,Новосибирск,product_view,,0,organic,android
2026-06-01 17:16:19,MSK-0193,Москва,visit,,0,organic,android
2026-06-01 17:19:55,KZN-0137,Казань,visit,,0,ads,android
2026-06-01 17:22:09,MSK-0061,Москва,purchase,ORD-000012,190.00,organic,android
2026-06-01 17:30:57,KZN-0075,Казань,visit,,0,organic,android
2026-06-01 17:32:09,SPB-0052,Санкт-Петербург,visit,,0,organic,android
2026-06-01 17:35:02,KZN-0137,Казань,product_view,,0,ads,android
2026-06-01 17:37:39,NSK-0057,Новосибирск,visit,,0,organic,web
2026-06-01 17:38:07,KZN-0075,Казань,product_view,,0,organic,android
2026-06-01 17:48:51,NSK-0070,Новосибирск,visit,,0,organic,ios
2026-06-01 17:54:07,EKB-0031,Екатеринбург,visit,,0,organic,ios
2026-06-01 17:54:42,MSK-0234,Москва,visit,,0,ads,web
2026-06-01 17:55:33,MSK-0224,Москва,visit,,0,organic,ios
2026-06-01 17:59:05,EKB-0048,Екатеринбург,visit,,0,ads,android
2026-06-01 17:59:39,SPB-0052,Санкт-Петербург,product_view,,0,organic,android
2026-06-01 18:00:03,MSK-0224,Москва,product_view,,0,organic,ios
2026-06-01 18:04:49,MSK-0283,Москва,visit,,0,ads,ios
2026-06-01 18:04:59,NSK-0057,Новосибирск,product_view,,0,organic,web
2026-06-01 18:06:29,MSK-0070,Москва,visit,,0,organic,android
2026-06-01 18:06:50,MSK-0017,Москва,visit,,0,organic,web
2026-06-01 18:14:17,MSK-0017,Москва,product_view,,0,organic,web
2026-06-01 18:15:44,NSK-0057,Новосибирск,product_view,,0,organic,web
2026-06-01 18:15:58,MSK-0234,Москва,product_view,,0,ads,web
2026-06-01 18:17:02,MSK-0064,Москва,purchase,ORD-000007,270.00,ads,ios
2026-06-01 18:19:37,NSK-0070,Новосибирск,product_view,,0,organic,ios
2026-06-01 18:20:10,MSK-0085,Москва,visit,,0,organic,ios
2026-06-01 18:21:37,MSK-0040,Москва,purchase,ORD-000010,270.00,ads,android
2026-06-01 18:23:04,MSK-0234,Москва,product_view,,0,ads,web
2026-06-01 18:28:05,KZN-0067,Казань,visit,,0,organic,ios
2026-06-01 18:28:08,MSK-0053,Москва,visit,,0,organic,ios
2026-06-01 18:28:56,SPB-0009,Санкт-Петербург,visit,,0,organic,ios
2026-06-01 18:31:05,KZN-0067,Казань,product_view,,0,organic,ios
2026-06-01 18:32:19,NSK-0029,Новосибирск,visit,,0,ads,web
2026-06-01 18:33:20,KZN-0032,Казань,visit,,0,organic,ios
2026-06-01 18:36:40,MSK-0069,Москва,purchase,ORD-000004,190.00,organic,web
2026-06-01 18:37:47,MSK-0085,Москва,product_view,,0,organic,ios
2026-06-01 18:37:47,SPB-0005,Санкт-Петербург,visit,,0,ads,web
2026-06-01 18:40:02,KZN-0009,Казань,purchase,ORD-000024,560.00,organic,android
2026-06-01 18:41:02,NSK-0029,Новосибирск,product_view,,0,ads,web
2026-06-01 18:48:15,MSK-0053,Москва,product_view,,0,organic,ios
2026-06-01 18:51:38,NSK-0076,Новосибирск,visit,,0,ads,ios
2026-06-01 18:52:55,MSK-0069,Москва,visit,,0,organic,web
2026-06-01 18:54:03,SPB-0211,Санкт-Петербург,visit,,0,organic,ios
2026-06-01 18:57:19,SPB-0028,Санкт-Петербург,visit,,0,ads,web
2026-06-01 18:59:45,KZN-0014,Казань,visit,,0,organic,android
2026-06-01 19:03:45,KZN-0021,Казань,purchase,ORD-000027,300.00,ads,ios
2026-06-01 19:06:23,MSK-0069,Москва,product_view,,0,organic,web
2026-06-01 19:11:13,SPB-0028,Санкт-Петербург,product_view,,0,ads,web
2026-06-01 19:15:52,SPB-0016,Санкт-Петербург,purchase,ORD-000014,570.00,referral,ios
2026-06-01 19:15:58,NSK-0009,Новосибирск,purchase,ORD-000036,170.00,ads,android
2026-06-01 19:18:14,KZN-0014,Казань,product_view,,0,organic,android
2026-06-01 19:30:51,KZN-0014,Казань,product_view,,0,organic,android
2026-06-01 19:34:33,MSK-0069,Москва,product_view,,0,organic,web
2026-06-01 20:02:26,NSK-0020,Новосибирск,purchase,ORD-000034,170.00,organic,android
2026-06-01 20:03:07,NSK-0002,Новосибирск,purchase,ORD-000035,290.00,organic,android
2026-06-01 20:29:36,KZN-0013,Казань,purchase,ORD-000023,180.00,ads,android
2026-06-01 20:42:49,MSK-0042,Москва,purchase,ORD-000013,230.00,organic,web
2026-06-01 20:44:06,KZN-0027,Казань,purchase,ORD-000025,220.00,referral,ios
2026-06-02 02:02:06,TEST-KZN-0002,Казань,purchase,TEST-00002,120.00,test,android
2026-06-02 02:02:59,TEST-KZN-0122,Казань,purchase,TEST-00122,120.00,test,android
2026-06-02 02:32:16,TEST-KZN-0032,Казань,purchase,TEST-00032,120.00,test,android
2026-06-02 03:02:13,TEST-KZN-0062,Казань,purchase,TEST-00062,120.00,test,web
2026-06-02 03:32:22,TEST-KZN-0092,Казань,purchase,TEST-00092,120.00,test,android
2026-06-02 08:02:08,KZN-0032,Казань,visit,,0,organic,ios
2026-06-02 08:03:01,SPB-0065,Санкт-Петербург,visit,,0,referral,web
2026-06-02 08:05:22,SPB-0133,Санкт-Петербург,visit,,0,ads,android
2026-06-02 08:08:41,KZN-0008,Казань,visit,,0,organic,android
2026-06-02 08:10:18,EKB-0012,Екатеринбург,visit,,0,referral,android
2026-06-02 08:16:34,KZN-0032,Казань,product_view,,0,organic,ios
2026-06-02 08:17:36,MSK-0012,Москва,visit,,0,ads,ios
2026-06-02 08:18:34,KZN-0008,Казань,product_view,,0,organic,android
2026-06-02 08:21:01,MSK-0012,Москва,product_view,,0,ads,ios
2026-06-02 08:25:49,MSK-0260,Москва,visit,,0,organic,android
2026-06-02 08:26:42,EKB-0063,Екатеринбург,visit,,0,organic,android
2026-06-02 08:28:50,SPB-0127,Санкт-Петербург,visit,,0,organic,android
2026-06-02 08:31:09,MSK-0103,Москва,visit,,0,ads,android
2026-06-02 08:38:55,EKB-0049,Екатеринбург,visit,,0,organic,android
2026-06-02 08:39:56,MSK-0260,Москва,product_view,,0,organic,android
2026-06-02 08:40:05,SPB-0174,Санкт-Петербург,visit,,0,organic,web
2026-06-02 08:44:40,EKB-0012,Екатеринбург,product_view,,0,referral,android
2026-06-02 08:45:54,KZN-0032,Казань,product_view,,0,organic,ios
2026-06-02 08:46:07,EKB-0102,Екатеринбург,visit,,0,organic,web
2026-06-02 08:53:17,SPB-0127,Санкт-Петербург,product_view,,0,organic,android
2026-06-02 08:54:51,MSK-0062,Москва,visit,,0,organic,android
2026-06-02 08:56:48,MSK-0103,Москва,product_view,,0,ads,android
2026-06-02 09:05:23,MSK-0019,Москва,visit,,0,ads,android
2026-06-02 09:06:21,SPB-0045,Санкт-Петербург,visit,,0,organic,ios
2026-06-02 09:06:34,NSK-0022,Новосибирск,visit,,0,organic,android
2026-06-02 09:08:07,SPB-0021,Санкт-Петербург,visit,,0,organic,android
2026-06-02 09:09:53,NSK-0022,Новосибирск,product_view,,0,organic,android
2026-06-02 09:12:58,MSK-0062,Москва,product_view,,0,organic,android
2026-06-02 09:16:27,EKB-0102,Екатеринбург,product_view,,0,organic,web
2026-06-02 09:24:00,SPB-0045,Санкт-Петербург,product_view,,0,organic,ios
2026-06-02 09:29:17,EKB-0113,Екатеринбург,visit,,0,organic,android
2026-06-02 09:30:23,SPB-0097,Санкт-Петербург,visit,,0,organic,android
2026-06-02 09:31:02,KZN-0129,Казань,visit,,0,referral,android
2026-06-02 09:34:54,SPB-0021,Санкт-Петербург,product_view,,0,organic,android
2026-06-02 09:38:18,SPB-0021,Санкт-Петербург,product_view,,0,organic,android
2026-06-02 09:44:58,NSK-0022,Новосибирск,product_view,,0,organic,android
2026-06-02 09:46:55,MSK-0020,Москва,visit,,0,ads,android
2026-06-02 09:48:59,MSK-0250,Москва,visit,,0,referral,ios
2026-06-02 09:49:07,MSK-0034,Москва,visit,,0,organic,android
2026-06-02 09:58:30,MSK-0052,Москва,visit,,0,organic,android
2026-06-02 10:00:08,SPB-0026,Санкт-Петербург,visit,,0,organic,android
2026-06-02 10:01:40,MSK-0056,Москва,purchase,ORD-000049,320.00,organic,android
2026-06-02 10:02:14,NSK-0017,Новосибирск,visit,,0,organic,android
2026-06-02 10:06:50,NSK-0017,Новосибирск,product_view,,0,organic,android
2026-06-02 10:06:57,SPB-0097,Санкт-Петербург,product_view,,0,organic,android
2026-06-02 10:10:11,SPB-0029,Санкт-Петербург,visit,,0,referral,ios
2026-06-02 10:12:08,MSK-0052,Москва,product_view,,0,organic,android
2026-06-02 10:17:13,MSK-0020,Москва,product_view,,0,ads,android
2026-06-02 10:21:16,MSK-0048,Москва,visit,,0,ads,ios
2026-06-02 10:23:34,KZN-0043,Казань,visit,,0,ads,ios
2026-06-02 10:27:23,KZN-0007,Казань,visit,,0,ads,android
2026-06-02 10:31:07,SPB-0029,Санкт-Петербург,product_view,,0,referral,ios
2026-06-02 10:33:19,SPB-0095,Санкт-Петербург,visit,,0,organic,android
2026-06-02 10:34:38,SPB-0026,Санкт-Петербург,product_view,,0,organic,android
2026-06-02 10:36:10,MSK-0192,Москва,visit,,0,referral,ios
2026-06-02 10:36:26,SPB-0017,Санкт-Петербург,visit,,0,organic,web
2026-06-02 10:38:40,MSK-0213,Москва,visit,,0,organic,android
2026-06-02 10:38:49,MSK-0052,Москва,product_view,,0,organic,android
2026-06-02 10:40:02,SPB-0100,Санкт-Петербург,visit,,0,organic,android
2026-06-02 10:40:57,MSK-0067,Москва,visit,,0,ads,web
2026-06-02 10:41:27,KZN-0007,Казань,product_view,,0,ads,android
2026-06-02 10:41:40,KZN-0003,Казань,visit,,0,ads,web
2026-06-02 10:42:43,NSK-0023,Новосибирск,visit,,0,organic,ios
2026-06-02 10:43:13,MSK-0022,Москва,visit,,0,organic,android
2026-06-02 10:43:27,MSK-0048,Москва,product_view,,0,ads,ios
2026-06-02 10:45:14,KZN-0007,Казань,product_view,,0,ads,android
2026-06-02 10:45:40,SPB-0029,Санкт-Петербург,product_view,,0,referral,ios
2026-06-02 10:48:14,KZN-0135,Казань,visit,,0,organic,ios
2026-06-02 10:48:21,MSK-0007,Москва,visit,,0,organic,ios
2026-06-02 10:51:14,SPB-0041,Санкт-Петербург,purchase,ORD-000058,220.00,ads,web
2026-06-02 10:52:52,MSK-0152,Москва,visit,,0,referral,ios
2026-06-02 10:53:37,MSK-0052,Москва,purchase,ORD-000044,320.00,organic,android
2026-06-02 10:53:53,MSK-0212,Москва,visit,,0,organic,android
2026-06-02 10:54:14,MSK-0084,Москва,visit,,0,ads,ios
2026-06-02 10:57:33,NSK-0023,Новосибирск,product_view,,0,organic,ios
2026-06-02 10:58:51,MSK-0067,Москва,product_view,,0,ads,web
2026-06-02 11:00:18,SPB-0049,Санкт-Петербург,visit,,0,organic,ios
2026-06-02 11:03:43,SPB-0100,Санкт-Петербург,product_view,,0,organic,android
2026-06-02 11:04:39,SPB-0054,Санкт-Петербург,purchase,ORD-000059,180.00,organic,android
2026-06-02 11:10:47,MSK-0067,Москва,product_view,,0,ads,web
2026-06-02 11:11:50,MSK-0212,Москва,product_view,,0,organic,android
2026-06-02 11:15:23,SPB-0070,Санкт-Петербург,visit,,0,referral,android
2026-06-02 11:15:25,SPB-0006,Санкт-Петербург,visit,,0,referral,ios
2026-06-02 11:16:07,SPB-0018,Санкт-Петербург,visit,,0,organic,web
2026-06-02 11:17:16,SPB-0006,Санкт-Петербург,product_view,,0,referral,ios
2026-06-02 11:19:10,KZN-0090,Казань,visit,,0,organic,android
2026-06-02 11:19:34,MSK-0022,Москва,product_view,,0,organic,android
2026-06-02 11:19:51,SPB-0018,Санкт-Петербург,product_view,,0,organic,web
2026-06-02 11:22:01,SPB-0049,Санкт-Петербург,product_view,,0,organic,ios
2026-06-02 11:23:28,MSK-0212,Москва,product_view,,0,organic,android
2026-06-02 11:23:45,MSK-0084,Москва,product_view,,0,ads,ios
2026-06-02 11:25:33,NSK-0023,Новосибирск,product_view,,0,organic,ios
2026-06-02 11:26:05,MSK-0084,Москва,product_view,,0,ads,ios
2026-06-02 11:27:58,KZN-0022,Казань,visit,,0,organic,web
2026-06-02 11:28:29,MSK-0162,Москва,visit,,0,ads,ios
2026-06-02 11:33:10,MSK-0270,Москва,visit,,0,referral,android
2026-06-02 11:35:55,KZN-0022,Казань,product_view,,0,organic,web
2026-06-02 11:37:14,SPB-0041,Санкт-Петербург,visit,,0,ads,web
2026-06-02 11:37:57,MSK-0009,Москва,purchase,ORD-000043,400.00,organic,ios
2026-06-02 11:38:50,MSK-0270,Москва,product_view,,0,referral,android
2026-06-02 11:41:15,KZN-0090,Казань,product_view,,0,organic,android
2026-06-02 11:47:48,MSK-0092,Москва,visit,,0,referral,web
2026-06-02 11:50:32,KZN-0071,Казань,visit,,0,organic,android
2026-06-02 11:53:10,SPB-0006,Санкт-Петербург,product_view,,0,referral,ios
2026-06-02 11:53:40,SPB-0041,Санкт-Петербург,product_view,,0,ads,web
2026-06-02 11:56:07,SPB-0018,Санкт-Петербург,product_view,,0,organic,web
2026-06-02 11:58:45,EKB-0120,Екатеринбург,visit,,0,organic,web
2026-06-02 12:03:16,MSK-0162,Москва,product_view,,0,ads,ios
2026-06-02 12:04:26,MSK-0269,Москва,visit,,0,referral,android
2026-06-02 12:04:43,EKB-0012,Екатеринбург,purchase,ORD-000070,220.00,referral,android
2026-06-02 12:06:19,KZN-0071,Казань,product_view,,0,organic,android
2026-06-02 12:07:12,MSK-0162,Москва,product_view,,0,ads,ios
2026-06-02 12:13:20,SPB-0060,Санкт-Петербург,visit,,0,ads,android
2026-06-02 12:16:14,SPB-0166,Санкт-Петербург,visit,,0,organic,android
2026-06-02 12:23:51,MSK-0072,Москва,visit,,0,organic,android
2026-06-02 12:24:25,SPB-0166,Санкт-Петербург,product_view,,0,organic,android
2026-06-02 12:24:48,MSK-0219,Москва,visit,,0,organic,ios
2026-06-02 12:28:17,MSK-0072,Москва,product_view,,0,organic,android
2026-06-02 12:33:36,MSK-0122,Москва,visit,,0,organic,android
2026-06-02 12:36:45,SPB-0060,Санкт-Петербург,product_view,,0,ads,android
2026-06-02 12:37:50,EKB-0027,Екатеринбург,visit,,0,organic,ios
2026-06-02 12:38:13,MSK-0006,Москва,visit,,0,organic,web
2026-06-02 12:40:21,MSK-0006,Москва,product_view,,0,organic,web
2026-06-02 12:47:11,KZN-0006,Казань,visit,,0,organic,ios
2026-06-02 12:47:41,EKB-0060,Екатеринбург,visit,,0,organic,ios
2026-06-02 12:49:19,MSK-0072,Москва,product_view,,0,organic,android
2026-06-02 12:51:06,MSK-0122,Москва,product_view,,0,organic,android
2026-06-02 12:52:33,MSK-0122,Москва,product_view,,0,organic,android
2026-06-02 12:55:26,EKB-0027,Екатеринбург,product_view,,0,organic,ios
2026-06-02 12:56:09,EKB-0010,Екатеринбург,visit,,0,ads,web
2026-06-02 12:56:51,KZN-0030,Казань,purchase,ORD-000063,720.00,ads,android
2026-06-02 13:03:26,MSK-0047,Москва,visit,,0,organic,ios
2026-06-02 13:04:49,MSK-0054,Москва,visit,,0,organic,android
2026-06-02 13:09:49,EKB-0010,Екатеринбург,product_view,,0,ads,web
2026-06-02 13:10:48,EKB-0027,Екатеринбург,product_view,,0,organic,ios
2026-06-02 13:15:13,KZN-0017,Казань,visit,,0,referral,android
2026-06-02 13:16:52,MSK-0011,Москва,visit,,0,organic,android
2026-06-02 13:17:42,KZN-0018,Казань,visit,,0,ads,android
2026-06-02 13:19:36,EKB-0010,Екатеринбург,product_view,,0,ads,web
2026-06-02 13:20:09,MSK-0155,Москва,visit,,0,organic,android
2026-06-02 13:20:39,MSK-0047,Москва,product_view,,0,organic,ios
2026-06-02 13:21:42,NSK-0084,Новосибирск,visit,,0,organic,web
2026-06-02 13:21:52,SPB-0027,Санкт-Петербург,visit,,0,organic,android
2026-06-02 13:23:55,KZN-0006,Казань,product_view,,0,organic,ios
2026-06-02 13:25:39,MSK-0054,Москва,product_view,,0,organic,android
2026-06-02 13:25:48,SPB-0171,Санкт-Петербург,visit,,0,organic,android
2026-06-02 13:26:37,MSK-0262,Москва,visit,,0,organic,web
2026-06-02 13:26:47,MSK-0028,Москва,visit,,0,referral,android
2026-06-02 13:27:09,NSK-0084,Новосибирск,product_view,,0,organic,web
2026-06-02 13:32:27,KZN-0053,Казань,visit,,0,organic,ios
2026-06-02 13:35:07,SPB-0027,Санкт-Петербург,product_view,,0,organic,android
2026-06-02 13:35:30,MSK-0050,Москва,purchase,ORD-000045,360.00,organic,ios
2026-06-02 13:37:59,SPB-0144,Санкт-Петербург,visit,,0,organic,web
2026-06-02 13:40:09,KZN-0008,Казань,purchase,ORD-000064,300.00,organic,android
2026-06-02 13:40:14,SPB-0143,Санкт-Петербург,visit,,0,organic,android
2026-06-02 13:42:20,MSK-0028,Москва,product_view,,0,referral,android
2026-06-02 13:46:42,MSK-0101,Москва,visit,,0,ads,android
2026-06-02 13:46:55,MSK-0047,Москва,product_view,,0,organic,ios
2026-06-02 13:48:28,KZN-0017,Казань,product_view,,0,referral,android
2026-06-02 13:49:26,MSK-0011,Москва,product_view,,0,organic,android
2026-06-02 13:50:57,NSK-0029,Новосибирск,visit,,0,ads,web
2026-06-02 13:51:29,EKB-0007,Екатеринбург,visit,,0,organic,android
2026-06-02 13:53:14,SPB-0027,Санкт-Петербург,purchase,ORD-000054,730.00,organic,android
2026-06-02 13:54:06,KZN-0112,Казань,visit,,0,organic,android
2026-06-02 13:56:16,MSK-0179,Москва,visit,,0,referral,android
2026-06-02 13:57:10,KZN-0053,Казань,product_view,,0,organic,ios
2026-06-02 13:57:34,MSK-0227,Москва,visit,,0,ads,android
2026-06-02 13:58:31,SPB-0171,Санкт-Петербург,product_view,,0,organic,android
2026-06-02 13:59:21,MSK-0227,Москва,product_view,,0,ads,android
2026-06-02 14:01:05,MSK-0137,Москва,visit,,0,referral,android
2026-06-02 14:03:47,NSK-0006,Новосибирск,visit,,0,ads,ios
2026-06-02 14:06:25,EKB-0007,Екатеринбург,product_view,,0,organic,android
2026-06-02 14:08:21,SPB-0143,Санкт-Петербург,product_view,,0,organic,android
2026-06-02 14:08:49,NSK-0007,Новосибирск,visit,,0,organic,ios
2026-06-02 14:14:58,EKB-0036,Екатеринбург,visit,,0,organic,ios
2026-06-02 14:15:16,NSK-0029,Новосибирск,product_view,,0,ads,web
2026-06-02 14:17:48,KZN-0112,Казань,product_view,,0,organic,android
2026-06-02 14:18:13,SPB-0143,Санкт-Петербург,product_view,,0,organic,android
2026-06-02 14:18:50,SPB-0172,Санкт-Петербург,visit,,0,referral,web
2026-06-02 14:26:21,EKB-0007,Екатеринбург,product_view,,0,organic,android
2026-06-02 14:26:44,NSK-0007,Новосибирск,product_view,,0,organic,ios
2026-06-02 14:28:08,NSK-0008,Новосибирск,visit,,0,organic,android
2026-06-02 14:29:38,NSK-0006,Новосибирск,product_view,,0,ads,ios
2026-06-02 14:31:30,SPB-0016,Санкт-Петербург,purchase,ORD-000057,270.00,referral,ios
2026-06-02 14:34:19,EKB-0112,Екатеринбург,visit,,0,organic,ios
2026-06-02 14:43:39,NSK-0038,Новосибирск,visit,,0,organic,ios
2026-06-02 14:44:55,NSK-0086,Новосибирск,visit,,0,organic,android
2026-06-02 14:46:33,EKB-0036,Екатеринбург,product_view,,0,organic,ios
2026-06-02 14:47:45,NSK-0056,Новосибирск,visit,,0,ads,android
2026-06-02 14:48:25,NSK-0008,Новосибирск,product_view,,0,organic,android
2026-06-02 14:49:22,MSK-0146,Москва,visit,,0,ads,android
2026-06-02 14:49:43,MSK-0067,Москва,purchase,ORD-000047,320.00,ads,web
2026-06-02 15:03:47,EKB-0048,Екатеринбург,visit,,0,ads,android
2026-06-02 15:05:47,NSK-0055,Новосибирск,visit,,0,referral,ios
2026-06-02 15:05:56,SPB-0173,Санкт-Петербург,visit,,0,organic,android
2026-06-02 15:06:34,EKB-0112,Екатеринбург,product_view,,0,organic,ios
2026-06-02 15:09:25,EKB-0048,Екатеринбург,product_view,,0,ads,android
2026-06-02 15:12:41,EKB-0040,Екатеринбург,visit,,0,organic,android
2026-06-02 15:15:14,SPB-0173,Санкт-Петербург,product_view,,0,organic,android
2026-06-02 15:17:49,EKB-0090,Екатеринбург,visit,,0,organic,ios
2026-06-02 15:19:43,NSK-0056,Новосибирск,product_view,,0,ads,android
2026-06-02 15:19:52,EKB-0027,Екатеринбург,purchase,ORD-000067,370.00,organic,ios
2026-06-02 15:20:48,KZN-0035,Казань,visit,,0,organic,android
2026-06-02 15:21:01,NSK-0006,Новосибирск,purchase,ORD-000073,250.00,ads,ios
2026-06-02 15:21:40,MSK-0281,Москва,visit,,0,organic,ios
2026-06-02 15:22:53,KZN-0031,Казань,visit,,0,organic,web
2026-06-02 15:26:11,KZN-0031,Казань,product_view,,0,organic,web
2026-06-02 15:26:15,KZN-0124,Казань,visit,,0,organic,ios
2026-06-02 15:27:18,MSK-0281,Москва,product_view,,0,organic,ios
2026-06-02 15:33:25,MSK-0231,Москва,visit,,0,organic,android
2026-06-02 15:33:33,EKB-0090,Екатеринбург,product_view,,0,organic,ios
2026-06-02 15:35:45,KZN-0086,Казань,visit,,0,organic,ios
2026-06-02 15:37:12,MSK-0233,Москва,visit,,0,ads,android
2026-06-02 15:38:23,MSK-0028,Москва,purchase,ORD-000040,190.00,referral,android
2026-06-02 15:46:17,SPB-0222,Санкт-Петербург,visit,,0,referral,ios
2026-06-02 15:46:54,KZN-0035,Казань,product_view,,0,organic,android
2026-06-02 15:47:18,MSK-0016,Москва,visit,,0,ads,ios
2026-06-02 15:51:54,SPB-0138,Санкт-Петербург,visit,,0,referral,ios
2026-06-02 15:53:46,NSK-0097,Новосибирск,visit,,0,organic,web
2026-06-02 15:54:47,KZN-0031,Казань,product_view,,0,organic,web
2026-06-02 15:58:20,MSK-0089,Москва,visit,,0,organic,android
2026-06-02 15:58:25,KZN-0086,Казань,product_view,,0,organic,ios
2026-06-02 15:59:55,KZN-0124,Казань,product_view,,0,organic,ios
2026-06-02 16:00:34,SPB-0010,Санкт-Петербург,visit,,0,organic,ios
2026-06-02 16:01:23,MSK-0049,Москва,visit,,0,organic,android
2026-06-02 16:01:27,MSK-0216,Москва,visit,,0,ads,android
2026-06-02 16:04:15,NSK-0074,Новосибирск,visit,,0,ads,web
2026-06-02 16:04:56,EKB-0067,Екатеринбург,visit,,0,organic,ios
2026-06-02 16:05:33,SPB-0222,Санкт-Петербург,product_view,,0,referral,ios
2026-06-02 16:05:37,EKB-0083,Екатеринбург,visit,,0,ads,android
2026-06-02 16:05:52,SPB-0010,Санкт-Петербург,product_view,,0,organic,ios
2026-06-02 16:06:54,SPB-0222,Санкт-Петербург,product_view,,0,referral,ios
2026-06-02 16:10:04,MSK-0216,Москва,product_view,,0,ads,android
2026-06-02 16:11:01,EKB-0116,Екатеринбург,visit,,0,organic,ios
2026-06-02 16:13:46,MSK-0009,Москва,visit,,0,organic,ios
2026-06-02 16:17:15,KZN-0006,Казань,purchase,ORD-000061,300.00,organic,ios
2026-06-02 16:21:51,SPB-0138,Санкт-Петербург,product_view,,0,referral,ios
2026-06-02 16:22:17,SPB-0179,Санкт-Петербург,visit,,0,organic,ios
2026-06-02 16:30:45,MSK-0009,Москва,product_view,,0,organic,ios
2026-06-02 16:33:49,SPB-0179,Санкт-Петербург,product_view,,0,organic,ios
2026-06-02 16:34:51,EKB-0083,Екатеринбург,product_view,,0,ads,android
2026-06-02 16:36:24,MSK-0014,Москва,visit,,0,organic,android
2026-06-02 16:39:08,SPB-0010,Санкт-Петербург,purchase,ORD-000053,350.00,organic,ios
2026-06-02 16:45:43,SPB-0215,Санкт-Петербург,visit,,0,ads,ios
2026-06-02 16:56:41,NSK-0015,Новосибирск,visit,,0,organic,web
2026-06-02 16:57:40,MSK-0223,Москва,visit,,0,organic,ios
2026-06-02 16:59:30,NSK-0060,Новосибирск,visit,,0,ads,web
2026-06-02 17:01:25,MSK-0050,Москва,visit,,0,organic,ios
2026-06-02 17:02:01,KZN-0029,Казань,visit,,0,ads,ios
2026-06-02 17:02:38,KZN-0013,Казань,visit,,0,ads,android
2026-06-02 17:04:32,SPB-0054,Санкт-Петербург,visit,,0,organic,android
2026-06-02 17:06:47,NSK-0015,Новосибирск,product_view,,0,organic,web
2026-06-02 17:07:06,KZN-0029,Казань,product_view,,0,ads,ios
2026-06-02 17:09:47,EKB-0001,Екатеринбург,visit,,0,referral,ios
2026-06-02 17:12:54,MSK-0005,Москва,visit,,0,referral,ios
2026-06-02 17:13:17,MSK-0018,Москва,visit,,0,ads,android
2026-06-02 17:14:12,SPB-0132,Санкт-Петербург,visit,,0,organic,android
2026-06-02 17:17:04,KZN-0139,Казань,visit,,0,organic,android
2026-06-02 17:17:09,SPB-0016,Санкт-Петербург,visit,,0,referral,ios
2026-06-02 17:17:53,MSK-0018,Москва,product_view,,0,ads,android
2026-06-02 17:18:07,MSK-0050,Москва,product_view,,0,organic,ios
2026-06-02 17:21:29,SPB-0215,Санкт-Петербург,product_view,,0,ads,ios
2026-06-02 17:24:56,EKB-0001,Екатеринбург,product_view,,0,referral,ios
2026-06-02 17:29:45,KZN-0013,Казань,product_view,,0,ads,android
2026-06-02 17:31:27,MSK-0085,Москва,visit,,0,organic,ios
2026-06-02 17:32:58,SPB-0016,Санкт-Петербург,product_view,,0,referral,ios
2026-06-02 17:34:29,MSK-0056,Москва,visit,,0,organic,android
2026-06-02 17:36:49,NSK-0017,Новосибирск,purchase,ORD-000074,210.00,organic,android
2026-06-02 17:40:18,SPB-0054,Санкт-Петербург,product_view,,0,organic,android
2026-06-02 17:41:33,SPB-0085,Санкт-Петербург,visit,,0,ads,android
2026-06-02 17:42:49,MSK-0056,Москва,product_view,,0,organic,android
2026-06-02 17:44:51,SPB-0049,Санкт-Петербург,purchase,ORD-000055,350.00,organic,ios
2026-06-02 17:48:48,EKB-0026,Екатеринбург,visit,,0,referral,android
2026-06-02 17:49:39,EKB-0061,Екатеринбург,visit,,0,ads,android
2026-06-02 17:54:42,EKB-0001,Екатеринбург,purchase,ORD-000069,410.00,referral,ios
2026-06-02 17:55:06,SPB-0085,Санкт-Петербург,product_view,,0,ads,android
2026-06-02 17:57:36,MSK-0018,Москва,product_view,,0,ads,android
2026-06-02 18:03:01,SPB-0154,Санкт-Петербург,visit,,0,referral,ios
2026-06-02 18:03:49,MSK-0157,Москва,visit,,0,ads,web
2026-06-02 18:04:51,SPB-0104,Санкт-Петербург,visit,,0,referral,ios
2026-06-02 18:05:06,NSK-0082,Новосибирск,visit,,0,referral,android
2026-06-02 18:08:29,EKB-0099,Екатеринбург,visit,,0,organic,ios
2026-06-02 18:08:48,EKB-0026,Екатеринбург,product_view,,0,referral,android
2026-06-02 18:09:29,MSK-0157,Москва,product_view,,0,ads,web
2026-06-02 18:10:22,EKB-0099,Екатеринбург,product_view,,0,organic,ios
2026-06-02 18:10:33,KZN-0007,Казань,purchase,ORD-000062,180.00,ads,android
2026-06-02 18:11:37,NSK-0099,Новосибирск,visit,,0,organic,android
2026-06-02 18:14:07,KZN-0035,Казань,purchase,ORD-000065,840.00,organic,android
2026-06-02 18:16:04,MSK-0113,Москва,visit,,0,organic,android
2026-06-02 18:18:01,SPB-0043,Санкт-Петербург,visit,,0,organic,ios
2026-06-02 18:19:00,MSK-0056,Москва,product_view,,0,organic,android
2026-06-02 18:20:32,KZN-0049,Казань,visit,,0,organic,android
2026-06-02 18:24:11,MSK-0020,Москва,purchase,ORD-000050,230.00,ads,android
2026-06-02 18:26:53,SPB-0078,Санкт-Петербург,visit,,0,ads,web
2026-06-02 18:27:14,SPB-0141,Санкт-Петербург,visit,,0,organic,android
2026-06-02 18:30:00,KZN-0133,Казань,visit,,0,referral,android
2026-06-02 18:30:45,KZN-0030,Казань,visit,,0,ads,android
2026-06-02 18:30:52,SPB-0078,Санкт-Петербург,product_view,,0,ads,web
2026-06-02 18:31:50,NSK-0099,Новосибирск,product_view,,0,organic,android
2026-06-02 18:32:09,MSK-0113,Москва,product_view,,0,organic,android
2026-06-02 18:36:30,MSK-0047,Москва,purchase,ORD-000041,360.00,organic,ios
2026-06-02 18:37:16,SPB-0043,Санкт-Петербург,product_view,,0,organic,ios
2026-06-02 18:37:33,SPB-0175,Санкт-Петербург,visit,,0,organic,web
2026-06-02 18:39:45,NSK-0022,Новосибирск,purchase,ORD-000072,170.00,organic,android
2026-06-02 18:40:29,KZN-0030,Казань,product_view,,0,ads,android
2026-06-02 18:42:21,SPB-0141,Санкт-Петербург,product_view,,0,organic,android
2026-06-02 18:45:24,MSK-0032,Москва,visit,,0,organic,ios
2026-06-02 18:45:46,KZN-0049,Казань,product_view,,0,organic,android
2026-06-02 18:50:21,SPB-0061,Санкт-Петербург,visit,,0,ads,android
2026-06-02 18:51:46,KZN-0133,Казань,product_view,,0,referral,android
2026-06-02 18:54:08,MSK-0048,Москва,purchase,ORD-000039,320.00,ads,ios
2026-06-02 18:57:51,KZN-0001,Казань,visit,,0,organic,web
2026-06-02 18:57:54,KZN-0049,Казань,product_view,,0,organic,android
2026-06-02 19:06:11,KZN-0001,Казань,product_view,,0,organic,web
2026-06-02 19:06:46,KZN-0030,Казань,product_view,,0,ads,android
2026-06-02 19:10:36,EKB-0010,Екатеринбург,purchase,ORD-000068,290.00,ads,web
2026-06-02 19:19:10,MSK-0032,Москва,product_view,,0,organic,ios
2026-06-02 19:29:51,MSK-0006,Москва,purchase,ORD-000038,320.00,organic,web
2026-06-02 19:43:49,MSK-0009,Москва,purchase,ORD-000042,320.00,organic,ios
2026-06-02 19:44:22,SPB-0029,Санкт-Петербург,purchase,ORD-000052,270.00,referral,ios
2026-06-02 19:50:56,MSK-0022,Москва,purchase,ORD-000046,270.00,organic,android
2026-06-02 20:14:59,MSK-0062,Москва,purchase,ORD-000048,360.00,organic,android
2026-06-02 20:18:54,KZN-0031,Казань,purchase,ORD-000060,220.00,organic,web
2026-06-02 21:10:49,NSK-0023,Новосибирск,purchase,ORD-000071,330.00,organic,ios
2026-06-02 21:19:03,SPB-0043,Санкт-Петербург,purchase,ORD-000051,390.00,organic,ios
2026-06-02 21:54:39,SPB-0026,Санкт-Петербург,purchase,ORD-000056,270.00,organic,android
2026-06-02 21:55:13,EKB-0007,Екатеринбург,purchase,ORD-000066,290.00,organic,android
2026-06-03 02:03:03,TEST-KZN-0003,Казань,purchase,TEST-00003,130.00,test,ios
2026-06-03 02:03:46,TEST-KZN-0123,Казань,purchase,TEST-00123,130.00,test,android
2026-06-03 02:33:44,TEST-KZN-0033,Казань,purchase,TEST-00033,130.00,test,ios
2026-06-03 03:03:21,TEST-KZN-0063,Казань,purchase,TEST-00063,130.00,test,android
2026-06-03 03:33:10,TEST-KZN-0093,Казань,purchase,TEST-00093,130.00,test,ios
2026-06-03 08:02:49,MSK-0082,Москва,visit,,0,organic,android
2026-06-03 08:04:15,MSK-0060,Москва,visit,,0,organic,ios
2026-06-03 08:09:53,EKB-0059,Екатеринбург,visit,,0,referral,web
2026-06-03 08:15:38,KZN-0078,Казань,visit,,0,organic,web
2026-06-03 08:17:13,MSK-0131,Москва,visit,,0,ads,ios
2026-06-03 08:18:10,SPB-0026,Санкт-Петербург,visit,,0,organic,android
2026-06-03 08:18:46,MSK-0224,Москва,visit,,0,organic,ios
2026-06-03 08:20:19,SPB-0026,Санкт-Петербург,product_view,,0,organic,android
2026-06-03 08:21:25,EKB-0105,Екатеринбург,visit,,0,ads,ios
2026-06-03 08:23:47,SPB-0084,Санкт-Петербург,visit,,0,organic,android
2026-06-03 08:23:49,EKB-0027,Екатеринбург,visit,,0,organic,ios
2026-06-03 08:24:52,NSK-0050,Новосибирск,visit,,0,ads,web
2026-06-03 08:24:56,EKB-0025,Екатеринбург,visit,,0,ads,android
2026-06-03 08:25:23,MSK-0055,Москва,visit,,0,ads,android
2026-06-03 08:28:06,EKB-0006,Екатеринбург,visit,,0,organic,android
2026-06-03 08:36:09,EKB-0059,Екатеринбург,product_view,,0,referral,web
2026-06-03 08:36:21,MSK-0055,Москва,product_view,,0,ads,android
2026-06-03 08:36:36,MSK-0155,Москва,visit,,0,organic,android
2026-06-03 08:37:55,KZN-0078,Казань,product_view,,0,organic,web
2026-06-03 08:37:58,MSK-0224,Москва,product_view,,0,organic,ios
2026-06-03 08:39:59,SPB-0048,Санкт-Петербург,visit,,0,organic,android
2026-06-03 08:41:59,SPB-0048,Санкт-Петербург,product_view,,0,organic,android
2026-06-03 08:42:16,EKB-0105,Екатеринбург,product_view,,0,ads,ios
2026-06-03 08:42:32,MSK-0282,Москва,visit,,0,ads,android
2026-06-03 08:44:15,EKB-0025,Екатеринбург,product_view,,0,ads,android
2026-06-03 08:45:19,MSK-0282,Москва,product_view,,0,ads,android
2026-06-03 08:45:24,EKB-0006,Екатеринбург,product_view,,0,organic,android
2026-06-03 08:46:34,MSK-0007,Москва,visit,,0,organic,ios
2026-06-03 08:51:22,EKB-0105,Екатеринбург,product_view,,0,ads,ios
2026-06-03 08:53:20,MSK-0243,Москва,visit,,0,organic,ios
2026-06-03 08:53:42,NSK-0050,Новосибирск,product_view,,0,ads,web
2026-06-03 08:56:01,MSK-0124,Москва,visit,,0,referral,android
2026-06-03 08:57:00,SPB-0137,Санкт-Петербург,visit,,0,referral,android
2026-06-03 08:57:10,SPB-0002,Санкт-Петербург,visit,,0,referral,android
2026-06-03 08:57:12,EKB-0099,Екатеринбург,visit,,0,organic,ios
2026-06-03 08:57:25,MSK-0007,Москва,product_view,,0,organic,ios
2026-06-03 08:57:55,NSK-0001,Новосибирск,visit,,0,organic,android
2026-06-03 08:58:09,EKB-0006,Екатеринбург,product_view,,0,organic,android
2026-06-03 08:59:45,SPB-0026,Санкт-Петербург,product_view,,0,organic,android
2026-06-03 09:00:02,EKB-0101,Екатеринбург,visit,,0,organic,android
2026-06-03 09:04:45,KZN-0008,Казань,visit,,0,organic,android
2026-06-03 09:07:26,SPB-0002,Санкт-Петербург,product_view,,0,referral,android
2026-06-03 09:09:11,MSK-0036,Москва,visit,,0,organic,ios
2026-06-03 09:10:21,MSK-0243,Москва,product_view,,0,organic,ios
2026-06-03 09:10:44,SPB-0112,Санкт-Петербург,visit,,0,organic,ios
2026-06-03 09:11:40,EKB-0026,Екатеринбург,visit,,0,referral,android
2026-06-03 09:16:17,NSK-0001,Новосибирск,product_view,,0,organic,android
2026-06-03 09:18:51,MSK-0036,Москва,product_view,,0,organic,ios
2026-06-03 09:22:21,SPB-0021,Санкт-Петербург,visit,,0,organic,android
2026-06-03 09:27:23,SPB-0112,Санкт-Петербург,product_view,,0,organic,ios
2026-06-03 09:28:03,SPB-0137,Санкт-Петербург,product_view,,0,referral,android
2026-06-03 09:28:11,MSK-0124,Москва,product_view,,0,referral,android
2026-06-03 09:29:56,SPB-0021,Санкт-Петербург,product_view,,0,organic,android
2026-06-03 09:31:12,MSK-0052,Москва,visit,,0,organic,android
2026-06-03 09:34:47,EKB-0101,Екатеринбург,product_view,,0,organic,android
2026-06-03 09:35:51,KZN-0008,Казань,product_view,,0,organic,android
2026-06-03 09:42:30,NSK-0016,Новосибирск,visit,,0,referral,android
2026-06-03 09:43:46,MSK-0181,Москва,visit,,0,ads,ios
2026-06-03 09:49:32,KZN-0114,Казань,visit,,0,organic,ios
2026-06-03 09:56:09,MSK-0052,Москва,product_view,,0,organic,android
2026-06-03 09:58:14,KZN-0112,Казань,visit,,0,organic,android
2026-06-03 10:02:49,NSK-0016,Новосибирск,product_view,,0,referral,android
2026-06-03 10:05:14,MSK-0066,Москва,visit,,0,organic,android
2026-06-03 10:05:46,NSK-0016,Новосибирск,product_view,,0,referral,android
2026-06-03 10:10:53,MSK-0181,Москва,product_view,,0,ads,ios
2026-06-03 10:19:43,SPB-0072,Санкт-Петербург,visit,,0,organic,ios
2026-06-03 10:22:19,SPB-0034,Санкт-Петербург,visit,,0,organic,android
2026-06-03 10:22:46,SPB-0109,Санкт-Петербург,visit,,0,organic,android
2026-06-03 10:23:39,MSK-0235,Москва,visit,,0,organic,android
2026-06-03 10:24:06,MSK-0047,Москва,visit,,0,organic,ios
2026-06-03 10:25:04,MSK-0142,Москва,visit,,0,organic,android
2026-06-03 10:28:46,EKB-0020,Екатеринбург,visit,,0,ads,ios
2026-06-03 10:31:44,NSK-0014,Новосибирск,visit,,0,organic,ios
2026-06-03 10:32:44,MSK-0046,Москва,visit,,0,ads,android
2026-06-03 10:33:06,MSK-0075,Москва,visit,,0,referral,android
2026-06-03 10:33:38,SPB-0087,Санкт-Петербург,visit,,0,organic,web
2026-06-03 10:34:25,SPB-0024,Санкт-Петербург,purchase,ORD-000090,1120.00,ads,ios
2026-06-03 10:35:32,NSK-0075,Новосибирск,visit,,0,organic,web
2026-06-03 10:35:35,NSK-0014,Новосибирск,product_view,,0,organic,ios
2026-06-03 10:36:23,MSK-0041,Москва,purchase,ORD-000075,230.00,referral,android
2026-06-03 10:37:58,SPB-0034,Санкт-Петербург,product_view,,0,organic,android
2026-06-03 10:38:14,MSK-0180,Москва,visit,,0,organic,ios
2026-06-03 10:39:26,SPB-0072,Санкт-Петербург,product_view,,0,organic,ios
2026-06-03 10:43:43,EKB-0020,Екатеринбург,product_view,,0,ads,ios
2026-06-03 10:44:15,MSK-0235,Москва,product_view,,0,organic,android
2026-06-03 10:49:23,SPB-0109,Санкт-Петербург,product_view,,0,organic,android
2026-06-03 10:50:46,EKB-0020,Екатеринбург,product_view,,0,ads,ios
2026-06-03 10:50:49,MSK-0046,Москва,product_view,,0,ads,android
2026-06-03 10:51:54,MSK-0046,Москва,product_view,,0,ads,android
2026-06-03 10:54:32,MSK-0254,Москва,visit,,0,organic,ios
2026-06-03 10:58:38,NSK-0075,Новосибирск,product_view,,0,organic,web
2026-06-03 10:59:13,NSK-0080,Новосибирск,visit,,0,ads,ios
2026-06-03 11:01:34,MSK-0075,Москва,product_view,,0,referral,android
2026-06-03 11:14:40,EKB-0072,Екатеринбург,visit,,0,organic,ios
2026-06-03 11:17:27,MSK-0162,Москва,visit,,0,ads,ios
2026-06-03 11:22:55,SPB-0170,Санкт-Петербург,visit,,0,organic,ios
2026-06-03 11:26:43,SPB-0154,Санкт-Петербург,visit,,0,referral,ios
2026-06-03 11:27:31,NSK-0018,Новосибирск,visit,,0,organic,android
2026-06-03 11:31:18,NSK-0013,Новосибирск,visit,,0,ads,web
2026-06-03 11:32:00,SPB-0133,Санкт-Петербург,visit,,0,ads,android
2026-06-03 11:32:10,KZN-0004,Казань,purchase,ORD-000096,340.00,organic,android
2026-06-03 11:39:47,EKB-0066,Екатеринбург,visit,,0,organic,ios
2026-06-03 11:45:32,NSK-0018,Новосибирск,product_view,,0,organic,android
2026-06-03 11:45:42,SPB-0133,Санкт-Петербург,product_view,,0,ads,android
2026-06-03 11:47:56,MSK-0006,Москва,purchase,ORD-000083,320.00,organic,web
2026-06-03 11:48:02,MSK-0022,Москва,purchase,ORD-000076,190.00,organic,android
2026-06-03 11:49:41,EKB-0072,Екатеринбург,product_view,,0,organic,ios
2026-06-03 11:52:17,EKB-0112,Екатеринбург,visit,,0,organic,ios
2026-06-03 11:53:03,MSK-0162,Москва,product_view,,0,ads,ios
2026-06-03 11:53:07,NSK-0021,Новосибирск,purchase,ORD-000107,170.00,organic,web
2026-06-03 11:54:14,EKB-0066,Екатеринбург,product_view,,0,organic,ios
2026-06-03 11:57:03,MSK-0034,Москва,visit,,0,organic,android
2026-06-03 11:59:28,KZN-0044,Казань,visit,,0,ads,android
2026-06-03 12:00:17,MSK-0149,Москва,visit,,0,organic,android
2026-06-03 12:01:35,NSK-0013,Новосибирск,product_view,,0,ads,web
2026-06-03 12:02:04,MSK-0007,Москва,purchase,ORD-000086,320.00,organic,ios
2026-06-03 12:02:56,MSK-0201,Москва,visit,,0,organic,android
2026-06-03 12:07:50,MSK-0201,Москва,product_view,,0,organic,android
2026-06-03 12:11:38,NSK-0039,Новосибирск,visit,,0,organic,android
2026-06-03 12:14:52,MSK-0036,Москва,purchase,ORD-000085,270.00,organic,ios
2026-06-03 12:16:48,SPB-0187,Санкт-Петербург,visit,,0,organic,web
2026-06-03 12:17:21,MSK-0141,Москва,visit,,0,ads,android
2026-06-03 12:20:25,KZN-0007,Казань,purchase,ORD-000099,180.00,ads,android
2026-06-03 12:22:02,EKB-0112,Екатеринбург,product_view,,0,organic,ios
2026-06-03 12:24:19,MSK-0188,Москва,visit,,0,referral,ios
2026-06-03 12:29:48,NSK-0024,Новосибирск,visit,,0,organic,android
2026-06-03 12:30:03,MSK-0266,Москва,visit,,0,organic,ios
2026-06-03 12:32:04,EKB-0013,Екатеринбург,purchase,ORD-000104,180.00,organic,android
2026-06-03 12:33:32,KZN-0044,Казань,product_view,,0,ads,android
2026-06-03 12:36:28,MSK-0149,Москва,product_view,,0,organic,android
2026-06-03 12:37:01,MSK-0006,Москва,visit,,0,organic,web
2026-06-03 12:37:41,MSK-0170,Москва,visit,,0,referral,web
2026-06-03 12:38:06,KZN-0083,Казань,visit,,0,ads,ios
2026-06-03 12:39:49,SPB-0050,Санкт-Петербург,purchase,ORD-000092,390.00,organic,web
2026-06-03 12:41:57,MSK-0129,Москва,visit,,0,ads,ios
2026-06-03 12:42:32,NSK-0077,Новосибирск,visit,,0,ads,ios
2026-06-03 12:42:34,SPB-0187,Санкт-Петербург,product_view,,0,organic,web
2026-06-03 12:43:55,KZN-0061,Казань,visit,,0,ads,ios
2026-06-03 12:45:08,SPB-0009,Санкт-Петербург,purchase,ORD-000093,390.00,organic,ios
2026-06-03 12:46:06,MSK-0052,Москва,purchase,ORD-000080,760.00,organic,android
2026-06-03 12:46:06,NSK-0039,Новосибирск,product_view,,0,organic,android
2026-06-03 12:46:13,MSK-0002,Москва,visit,,0,organic,android
2026-06-03 12:47:51,SPB-0198,Санкт-Петербург,visit,,0,referral,ios
2026-06-03 12:49:48,MSK-0141,Москва,product_view,,0,ads,android
2026-06-03 12:52:08,NSK-0024,Новосибирск,product_view,,0,organic,android
2026-06-03 12:52:28,KZN-0086,Казань,visit,,0,organic,ios
2026-06-03 12:52:46,KZN-0124,Казань,visit,,0,organic,ios
2026-06-03 12:56:27,MSK-0129,Москва,product_view,,0,ads,ios
2026-06-03 12:56:49,MSK-0006,Москва,product_view,,0,organic,web
2026-06-03 12:58:24,MSK-0002,Москва,product_view,,0,organic,android
2026-06-03 12:58:32,MSK-0299,Москва,visit,,0,organic,android
2026-06-03 13:00:21,SPB-0147,Санкт-Петербург,visit,,0,organic,ios
2026-06-03 13:01:52,SPB-0106,Санкт-Петербург,visit,,0,referral,ios
2026-06-03 13:02:36,SPB-0224,Санкт-Петербург,visit,,0,organic,android
2026-06-03 13:03:36,SPB-0211,Санкт-Петербург,visit,,0,organic,ios
2026-06-03 13:07:00,MSK-0050,Москва,visit,,0,organic,ios
2026-06-03 13:07:00,NSK-0077,Новосибирск,product_view,,0,ads,ios
2026-06-03 13:07:12,SPB-0198,Санкт-Петербург,product_view,,0,referral,ios
2026-06-03 13:07:39,KZN-0124,Казань,product_view,,0,organic,ios
2026-06-03 13:08:44,MSK-0299,Москва,product_view,,0,organic,android
2026-06-03 13:09:57,SPB-0147,Санкт-Петербург,product_view,,0,organic,ios
2026-06-03 13:10:01,MSK-0002,Москва,product_view,,0,organic,android
2026-06-03 13:10:12,KZN-0036,Казань,visit,,0,organic,ios
2026-06-03 13:15:28,MSK-0109,Москва,visit,,0,ads,android
2026-06-03 13:16:36,KZN-0086,Казань,product_view,,0,organic,ios
2026-06-03 13:16:56,SPB-0123,Санкт-Петербург,visit,,0,ads,ios
2026-06-03 13:21:13,NSK-0012,Новосибирск,visit,,0,organic,android
2026-06-03 13:25:37,SPB-0224,Санкт-Петербург,product_view,,0,organic,android
2026-06-03 13:26:40,SPB-0106,Санкт-Петербург,product_view,,0,referral,ios
2026-06-03 13:26:56,EKB-0110,Екатеринбург,visit,,0,organic,web
2026-06-03 13:28:29,KZN-0012,Казань,purchase,ORD-000100,960.00,referral,ios
2026-06-03 13:28:43,SPB-0012,Санкт-Петербург,visit,,0,organic,android
2026-06-03 13:28:49,SPB-0156,Санкт-Петербург,visit,,0,organic,ios
2026-06-03 13:29:28,SPB-0090,Санкт-Петербург,visit,,0,organic,android
2026-06-03 13:29:35,SPB-0120,Санкт-Петербург,visit,,0,organic,web
2026-06-03 13:33:34,SPB-0136,Санкт-Петербург,visit,,0,ads,ios
2026-06-03 13:34:30,MSK-0050,Москва,product_view,,0,organic,ios
2026-06-03 13:37:02,KZN-0079,Казань,visit,,0,ads,ios
2026-06-03 13:39:00,KZN-0064,Казань,visit,,0,ads,ios
2026-06-03 13:39:25,KZN-0036,Казань,product_view,,0,organic,ios
2026-06-03 13:40:32,NSK-0012,Новосибирск,product_view,,0,organic,android
2026-06-03 13:40:53,SPB-0012,Санкт-Петербург,product_view,,0,organic,android
2026-06-03 13:41:32,NSK-0012,Новосибирск,product_view,,0,organic,android
2026-06-03 13:41:37,MSK-0109,Москва,product_view,,0,ads,android
2026-06-03 13:43:48,SPB-0123,Санкт-Петербург,product_view,,0,ads,ios
2026-06-03 13:45:45,SPB-0120,Санкт-Петербург,product_view,,0,organic,web
2026-06-03 13:49:22,MSK-0109,Москва,product_view,,0,ads,android
2026-06-03 13:52:22,MSK-0249,Москва,visit,,0,ads,ios
2026-06-03 13:58:28,EKB-0013,Екатеринбург,visit,,0,organic,android
2026-06-03 14:02:06,EKB-0090,Екатеринбург,visit,,0,organic,ios
2026-06-03 14:02:41,MSK-0209,Москва,visit,,0,organic,web
2026-06-03 14:02:54,MSK-0063,Москва,visit,,0,organic,web
2026-06-03 14:07:15,EKB-0013,Екатеринбург,product_view,,0,organic,android
2026-06-03 14:08:52,EKB-0090,Екатеринбург,product_view,,0,organic,ios
2026-06-03 14:09:35,MSK-0002,Москва,purchase,ORD-000081,230.00,organic,android
2026-06-03 14:11:26,KZN-0064,Казань,product_view,,0,ads,ios
2026-06-03 14:12:24,KZN-0079,Казань,product_view,,0,ads,ios
2026-06-03 14:20:37,MSK-0063,Москва,product_view,,0,organic,web
2026-06-03 14:28:58,MSK-0209,Москва,product_view,,0,organic,web
2026-06-03 14:31:07,KZN-0140,Казань,visit,,0,organic,web
2026-06-03 14:32:13,NSK-0062,Новосибирск,visit,,0,organic,android
2026-06-03 14:33:15,NSK-0044,Новосибирск,visit,,0,organic,ios
2026-06-03 14:35:12,MSK-0068,Москва,purchase,ORD-000079,230.00,organic,android
2026-06-03 14:39:31,NSK-0044,Новосибирск,product_view,,0,organic,ios
2026-06-03 14:40:09,MSK-0069,Москва,visit,,0,organic,web
2026-06-03 14:43:39,KZN-0066,Казань,visit,,0,organic,web
2026-06-03 14:47:58,MSK-0068,Москва,visit,,0,organic,android
2026-06-03 14:51:15,MSK-0076,Москва,visit,,0,organic,web
2026-06-03 14:53:14,SPB-0126,Санкт-Петербург,visit,,0,organic,ios
2026-06-03 14:53:42,KZN-0066,Казань,product_view,,0,organic,web
2026-06-03 14:58:05,SPB-0005,Санкт-Петербург,visit,,0,ads,web
2026-06-03 14:58:58,MSK-0255,Москва,visit,,0,ads,web
2026-06-03 15:03:18,NSK-0065,Новосибирск,visit,,0,organic,android
2026-06-03 15:04:39,SPB-0003,Санкт-Петербург,visit,,0,organic,ios
2026-06-03 15:04:46,MSK-0068,Москва,product_view,,0,organic,android
2026-06-03 15:07:32,EKB-0095,Екатеринбург,visit,,0,organic,web
2026-06-03 15:09:13,MSK-0020,Москва,visit,,0,ads,android
2026-06-03 15:10:55,KZN-0131,Казань,visit,,0,organic,android
2026-06-03 15:12:34,SPB-0009,Санкт-Петербург,visit,,0,organic,ios
2026-06-03 15:12:57,MSK-0076,Москва,product_view,,0,organic,web
2026-06-03 15:17:05,KZN-0131,Казань,product_view,,0,organic,android
2026-06-03 15:18:06,MSK-0041,Москва,visit,,0,referral,android
2026-06-03 15:22:33,SPB-0003,Санкт-Петербург,product_view,,0,organic,ios
2026-06-03 15:23:05,MSK-0020,Москва,product_view,,0,ads,android
2026-06-03 15:23:55,SPB-0194,Санкт-Петербург,visit,,0,ads,android
2026-06-03 15:24:12,NSK-0025,Новосибирск,visit,,0,ads,android
2026-06-03 15:24:46,SPB-0126,Санкт-Петербург,product_view,,0,organic,ios
2026-06-03 15:25:26,MSK-0041,Москва,product_view,,0,referral,android
2026-06-03 15:26:19,NSK-0025,Новосибирск,product_view,,0,ads,android
2026-06-03 15:28:54,SPB-0005,Санкт-Петербург,product_view,,0,ads,web
2026-06-03 15:30:11,SPB-0003,Санкт-Петербург,product_view,,0,organic,ios
2026-06-03 15:30:47,MSK-0245,Москва,visit,,0,referral,android
2026-06-03 15:32:56,MSK-0076,Москва,product_view,,0,organic,web
2026-06-03 15:33:44,MSK-0245,Москва,product_view,,0,referral,android
2026-06-03 15:34:16,NSK-0065,Новосибирск,product_view,,0,organic,android
2026-06-03 15:36:16,EKB-0095,Екатеринбург,product_view,,0,organic,web
2026-06-03 15:37:53,SPB-0009,Санкт-Петербург,product_view,,0,organic,ios
2026-06-03 15:40:54,SPB-0210,Санкт-Петербург,visit,,0,organic,android
2026-06-03 15:41:51,SPB-0009,Санкт-Петербург,product_view,,0,organic,ios
2026-06-03 15:43:56,EKB-0023,Екатеринбург,visit,,0,organic,ios
2026-06-03 15:50:48,EKB-0060,Екатеринбург,visit,,0,organic,ios
2026-06-03 15:54:45,SPB-0210,Санкт-Петербург,product_view,,0,organic,android
2026-06-03 15:55:15,KZN-0041,Казань,visit,,0,organic,android
2026-06-03 15:56:09,SPB-0183,Санкт-Петербург,visit,,0,organic,android
2026-06-03 15:56:15,SPB-0024,Санкт-Петербург,visit,,0,ads,ios
2026-06-03 15:57:12,NSK-0025,Новосибирск,product_view,,0,ads,android
2026-06-03 15:57:15,KZN-0041,Казань,product_view,,0,organic,android
2026-06-03 15:59:34,SPB-0049,Санкт-Петербург,visit,,0,organic,ios
2026-06-03 16:05:11,EKB-0023,Екатеринбург,product_view,,0,organic,ios
2026-06-03 16:07:22,MSK-0042,Москва,visit,,0,organic,web
2026-06-03 16:08:08,KZN-0012,Казань,visit,,0,referral,ios
2026-06-03 16:10:10,MSK-0070,Москва,visit,,0,organic,android
2026-06-03 16:10:18,SPB-0183,Санкт-Петербург,product_view,,0,organic,android
2026-06-03 16:11:22,SPB-0049,Санкт-Петербург,product_view,,0,organic,ios
2026-06-03 16:11:44,KZN-0101,Казань,visit,,0,referral,ios
2026-06-03 16:13:03,MSK-0258,Москва,visit,,0,organic,android
2026-06-03 16:14:43,EKB-0053,Екатеринбург,visit,,0,organic,android
2026-06-03 16:20:26,SPB-0022,Санкт-Петербург,visit,,0,organic,ios
2026-06-03 16:22:12,MSK-0070,Москва,product_view,,0,organic,android
2026-06-03 16:22:28,SPB-0024,Санкт-Петербург,product_view,,0,ads,ios
2026-06-03 16:24:21,NSK-0021,Новосибирск,visit,,0,organic,web
2026-06-03 16:24:49,MSK-0057,Москва,visit,,0,referral,android
2026-06-03 16:29:31,SPB-0024,Санкт-Петербург,product_view,,0,ads,ios
2026-06-03 16:30:15,KZN-0012,Казань,product_view,,0,referral,ios
2026-06-03 16:31:05,KZN-0004,Казань,visit,,0,organic,android
2026-06-03 16:31:05,KZN-0012,Казань,product_view,,0,referral,ios
2026-06-03 16:32:25,MSK-0042,Москва,product_view,,0,organic,web
2026-06-03 16:32:31,SPB-0049,Санкт-Петербург,product_view,,0,organic,ios
2026-06-03 16:33:00,KZN-0004,Казань,product_view,,0,organic,android
2026-06-03 16:35:49,KZN-0125,Казань,visit,,0,organic,android
2026-06-03 16:38:20,SPB-0022,Санкт-Петербург,product_view,,0,organic,ios
2026-06-03 16:39:48,SPB-0116,Санкт-Петербург,visit,,0,ads,android
2026-06-03 16:40:22,NSK-0021,Новосибирск,product_view,,0,organic,web
2026-06-03 16:40:35,EKB-0025,Екатеринбург,purchase,ORD-000105,220.00,ads,android
2026-06-03 16:44:22,MSK-0042,Москва,product_view,,0,organic,web
2026-06-03 16:53:18,KZN-0016,Казань,visit,,0,organic,ios
2026-06-03 16:55:20,KZN-0125,Казань,product_view,,0,organic,android
2026-06-03 16:56:11,KZN-0016,Казань,product_view,,0,organic,ios
2026-06-03 16:57:11,MSK-0164,Москва,visit,,0,ads,ios
2026-06-03 16:59:32,EKB-0075,Екатеринбург,visit,,0,organic,ios
2026-06-03 17:01:14,MSK-0145,Москва,visit,,0,organic,ios
2026-06-03 17:02:26,MSK-0023,Москва,visit,,0,organic,android
2026-06-03 17:04:30,MSK-0145,Москва,product_view,,0,organic,ios
2026-06-03 17:04:31,SPB-0116,Санкт-Петербург,product_view,,0,ads,android
2026-06-03 17:07:16,EKB-0003,Екатеринбург,visit,,0,organic,android
2026-06-03 17:08:04,SPB-0050,Санкт-Петербург,visit,,0,organic,web
2026-06-03 17:11:12,SPB-0031,Санкт-Петербург,purchase,ORD-000094,180.00,ads,android
2026-06-03 17:11:48,KZN-0016,Казань,product_view,,0,organic,ios
2026-06-03 17:16:51,MSK-0022,Москва,visit,,0,organic,android
2026-06-03 17:17:00,NSK-0059,Новосибирск,visit,,0,ads,ios
2026-06-03 17:17:04,KZN-0089,Казань,visit,,0,organic,android
2026-06-03 17:19:46,MSK-0105,Москва,visit,,0,organic,ios
2026-06-03 17:21:11,MSK-0022,Москва,product_view,,0,organic,android
2026-06-03 17:26:04,EKB-0075,Екатеринбург,product_view,,0,organic,ios
2026-06-03 17:26:41,MSK-0105,Москва,product_view,,0,organic,ios
2026-06-03 17:28:43,KZN-0089,Казань,product_view,,0,organic,android
2026-06-03 17:30:13,SPB-0050,Санкт-Петербург,product_view,,0,organic,web
2026-06-03 17:31:16,NSK-0059,Новосибирск,product_view,,0,ads,ios
2026-06-03 17:31:45,SPB-0146,Санкт-Петербург,visit,,0,organic,android
2026-06-03 17:32:26,KZN-0014,Казань,visit,,0,organic,android
2026-06-03 17:34:32,SPB-0146,Санкт-Петербург,product_view,,0,organic,android
2026-06-03 17:34:38,KZN-0014,Казань,product_view,,0,organic,android
2026-06-03 17:34:42,MSK-0050,Москва,purchase,ORD-000077,440.00,organic,ios
2026-06-03 17:36:19,MSK-0251,Москва,visit,,0,organic,android
2026-06-03 17:38:22,KZN-0077,Казань,visit,,0,ads,web
2026-06-03 17:44:41,EKB-0024,Екатеринбург,purchase,ORD-000106,370.00,ads,android
2026-06-03 17:45:03,SPB-0038,Санкт-Петербург,visit,,0,organic,android
2026-06-03 17:45:23,MSK-0214,Москва,visit,,0,referral,ios
2026-06-03 17:46:38,EKB-0024,Екатеринбург,visit,,0,ads,android
2026-06-03 17:46:45,MSK-0062,Москва,visit,,0,organic,android
2026-06-03 17:47:43,MSK-0022,Москва,product_view,,0,organic,android
2026-06-03 17:48:01,MSK-0214,Москва,product_view,,0,referral,ios
2026-06-03 17:53:28,SPB-0058,Санкт-Петербург,visit,,0,referral,ios
2026-06-03 17:55:56,SPB-0054,Санкт-Петербург,visit,,0,organic,android
2026-06-03 17:56:08,MSK-0279,Москва,visit,,0,ads,web
2026-06-03 17:58:04,NSK-0064,Новосибирск,visit,,0,organic,android
2026-06-03 17:59:40,SPB-0054,Санкт-Петербург,product_view,,0,organic,android
2026-06-03 18:03:14,KZN-0077,Казань,product_view,,0,ads,web
2026-06-03 18:08:04,SPB-0146,Санкт-Петербург,product_view,,0,organic,android
2026-06-03 18:16:11,MSK-0214,Москва,product_view,,0,referral,ios
2026-06-03 18:19:57,KZN-0007,Казань,visit,,0,ads,android
2026-06-03 18:20:11,MSK-0042,Москва,purchase,ORD-000078,230.00,organic,web
2026-06-03 18:20:58,EKB-0024,Екатеринбург,product_view,,0,ads,android
2026-06-03 18:21:22,SPB-0038,Санкт-Петербург,product_view,,0,organic,android
2026-06-03 18:22:52,EKB-0070,Екатеринбург,visit,,0,organic,android
2026-06-03 18:28:53,KZN-0110,Казань,visit,,0,ads,web
2026-06-03 18:31:54,NSK-0074,Новосибирск,visit,,0,ads,web
2026-06-03 18:32:07,EKB-0055,Екатеринбург,visit,,0,referral,ios
2026-06-03 18:32:18,SPB-0031,Санкт-Петербург,visit,,0,ads,android
2026-06-03 18:38:03,SPB-0034,Санкт-Петербург,purchase,ORD-000091,350.00,organic,android
2026-06-03 18:38:30,MSK-0046,Москва,purchase,ORD-000082,440.00,ads,android
2026-06-03 18:42:29,NSK-0074,Новосибирск,product_view,,0,ads,web
2026-06-03 18:45:11,SPB-0031,Санкт-Петербург,product_view,,0,ads,android
2026-06-03 18:45:54,KZN-0002,Казань,visit,,0,ads,android
2026-06-03 18:46:54,KZN-0110,Казань,product_view,,0,ads,web
2026-06-03 18:54:34,KZN-0007,Казань,product_view,,0,ads,android
2026-06-03 18:54:50,SPB-0161,Санкт-Петербург,visit,,0,organic,android
2026-06-03 18:57:29,MSK-0040,Москва,visit,,0,ads,android
2026-06-03 19:06:15,MSK-0040,Москва,product_view,,0,ads,android
2026-06-03 19:08:43,KZN-0002,Казань,product_view,,0,ads,android
2026-06-03 19:09:07,SPB-0026,Санкт-Петербург,purchase,ORD-000087,310.00,organic,android
2026-06-03 19:10:46,NSK-0012,Новосибирск,purchase,ORD-000109,400.00,organic,android
2026-06-03 19:19:03,KZN-0002,Казань,purchase,ORD-000101,260.00,ads,android
2026-06-03 19:22:50,SPB-0161,Санкт-Петербург,product_view,,0,organic,android
2026-06-03 19:29:37,EKB-0006,Екатеринбург,purchase,ORD-000103,220.00,organic,android
2026-06-03 19:51:12,NSK-0025,Новосибирск,purchase,ORD-000110,210.00,ads,android
2026-06-03 19:54:55,EKB-0023,Екатеринбург,purchase,ORD-000102,290.00,organic,ios
2026-06-03 19:56:34,NSK-0013,Новосибирск,purchase,ORD-000108,920.00,ads,web
2026-06-03 20:38:04,SPB-0022,Санкт-Петербург,purchase,ORD-000095,270.00,organic,ios
2026-06-03 20:48:57,SPB-0049,Санкт-Петербург,purchase,ORD-000088,390.00,organic,ios
2026-06-03 21:13:17,MSK-0070,Москва,purchase,ORD-000084,880.00,organic,android
2026-06-03 21:25:02,KZN-0016,Казань,purchase,ORD-000097,260.00,organic,ios
2026-06-03 21:50:02,SPB-0012,Санкт-Петербург,purchase,ORD-000089,390.00,organic,android
2026-06-03 21:55:51,KZN-0014,Казань,purchase,ORD-000098,260.00,organic,android
2026-06-04 02:04:11,TEST-KZN-0004,Казань,purchase,TEST-00004,140.00,test,android
2026-06-04 02:04:29,TEST-KZN-0124,Казань,purchase,TEST-00124,140.00,test,web
2026-06-04 02:34:04,TEST-KZN-0034,Казань,purchase,TEST-00034,140.00,test,ios
2026-06-04 03:04:12,TEST-KZN-0064,Казань,purchase,TEST-00064,140.00,test,android
2026-06-04 03:34:03,TEST-KZN-0094,Казань,purchase,TEST-00094,140.00,test,android
2026-06-04 08:09:38,EKB-0021,Екатеринбург,visit,,0,organic,android
2026-06-04 08:11:10,KZN-0061,Казань,visit,,0,ads,ios
2026-06-04 08:13:36,MSK-0065,Москва,visit,,0,organic,web
2026-06-04 08:14:04,SPB-0140,Санкт-Петербург,visit,,0,ads,web
2026-06-04 08:17:56,EKB-0021,Екатеринбург,product_view,,0,organic,android
2026-06-04 08:30:24,KZN-0120,Казань,visit,,0,organic,ios
2026-06-04 08:31:09,KZN-0004,Казань,visit,,0,organic,android
2026-06-04 08:33:02,KZN-0117,Казань,visit,,0,ads,ios
2026-06-04 08:34:36,KZN-0061,Казань,product_view,,0,ads,ios
2026-06-04 08:35:44,MSK-0065,Москва,product_view,,0,organic,web
2026-06-04 08:36:44,SPB-0192,Санкт-Петербург,visit,,0,organic,web
2026-06-04 08:37:46,KZN-0117,Казань,product_view,,0,ads,ios
2026-06-04 08:37:54,SPB-0140,Санкт-Петербург,product_view,,0,ads,web
2026-06-04 08:38:51,KZN-0129,Казань,visit,,0,referral,android
2026-06-04 08:39:07,MSK-0081,Москва,visit,,0,organic,android
2026-06-04 08:39:39,SPB-0192,Санкт-Петербург,product_view,,0,organic,web
2026-06-04 08:40:26,MSK-0106,Москва,visit,,0,ads,android
2026-06-04 08:40:51,MSK-0008,Москва,visit,,0,organic,android
2026-06-04 08:41:55,MSK-0280,Москва,visit,,0,referral,web
2026-06-04 08:42:53,SPB-0117,Санкт-Петербург,visit,,0,organic,ios
2026-06-04 08:43:10,KZN-0120,Казань,product_view,,0,organic,ios
2026-06-04 08:43:38,MSK-0280,Москва,product_view,,0,referral,web
2026-06-04 08:44:07,EKB-0026,Екатеринбург,visit,,0,referral,android
2026-06-04 08:46:03,KZN-0061,Казань,product_view,,0,ads,ios
2026-06-04 08:47:46,NSK-0013,Новосибирск,visit,,0,ads,web
2026-06-04 08:48:14,KZN-0042,Казань,visit,,0,organic,ios
2026-06-04 08:50:32,KZN-0042,Казань,product_view,,0,organic,ios
2026-06-04 08:51:42,SPB-0117,Санкт-Петербург,product_view,,0,organic,ios
2026-06-04 08:52:36,SPB-0147,Санкт-Петербург,visit,,0,organic,ios
2026-06-04 08:53:26,EKB-0048,Екатеринбург,visit,,0,ads,android
2026-06-04 08:55:20,SPB-0108,Санкт-Петербург,visit,,0,organic,android
2026-06-04 08:55:33,NSK-0028,Новосибирск,visit,,0,organic,android
2026-06-04 08:55:44,SPB-0147,Санкт-Петербург,product_view,,0,organic,ios
2026-06-04 08:55:48,SPB-0118,Санкт-Петербург,visit,,0,organic,web
2026-06-04 08:57:06,SPB-0097,Санкт-Петербург,visit,,0,organic,android
2026-06-04 08:57:35,MSK-0008,Москва,product_view,,0,organic,android
2026-06-04 09:01:07,MSK-0030,Москва,visit,,0,ads,ios
2026-06-04 09:01:57,KZN-0029,Казань,visit,,0,ads,ios
2026-06-04 09:02:07,KZN-0049,Казань,visit,,0,organic,android
2026-06-04 09:02:52,SPB-0097,Санкт-Петербург,product_view,,0,organic,android
2026-06-04 09:04:05,MSK-0008,Москва,product_view,,0,organic,android
2026-06-04 09:04:12,KZN-0004,Казань,product_view,,0,organic,android
2026-06-04 09:06:53,MSK-0030,Москва,product_view,,0,ads,ios
2026-06-04 09:07:07,MSK-0031,Москва,visit,,0,organic,android
2026-06-04 09:10:33,KZN-0129,Казань,product_view,,0,referral,android
2026-06-04 09:10:57,MSK-0152,Москва,visit,,0,referral,ios
2026-06-04 09:13:00,MSK-0184,Москва,visit,,0,organic,web
2026-06-04 09:14:11,NSK-0013,Новосибирск,product_view,,0,ads,web
2026-06-04 09:14:43,MSK-0106,Москва,product_view,,0,ads,android
2026-06-04 09:16:43,KZN-0049,Казань,product_view,,0,organic,android
2026-06-04 09:17:19,NSK-0028,Новосибирск,product_view,,0,organic,android
2026-06-04 09:17:52,MSK-0031,Москва,product_view,,0,organic,android
2026-06-04 09:18:46,MSK-0030,Москва,product_view,,0,ads,ios
2026-06-04 09:21:32,SPB-0039,Санкт-Петербург,visit,,0,organic,web
2026-06-04 09:23:50,MSK-0184,Москва,product_view,,0,organic,web
2026-06-04 09:29:42,KZN-0029,Казань,product_view,,0,ads,ios
2026-06-04 09:30:30,SPB-0023,Санкт-Петербург,visit,,0,organic,ios
2026-06-04 09:38:43,KZN-0029,Казань,product_view,,0,ads,ios
2026-06-04 09:43:35,MSK-0031,Москва,product_view,,0,organic,android
2026-06-04 09:44:58,EKB-0096,Екатеринбург,visit,,0,ads,ios
2026-06-04 09:45:54,MSK-0202,Москва,visit,,0,organic,ios
2026-06-04 09:46:12,SPB-0106,Санкт-Петербург,visit,,0,referral,ios
2026-06-04 09:49:04,NSK-0001,Новосибирск,visit,,0,organic,android
2026-06-04 09:49:44,SPB-0076,Санкт-Петербург,visit,,0,referral,web
2026-06-04 09:50:06,MSK-0018,Москва,visit,,0,ads,android
2026-06-04 09:52:18,MSK-0202,Москва,product_view,,0,organic,ios
2026-06-04 09:54:07,SPB-0039,Санкт-Петербург,product_view,,0,organic,web
2026-06-04 09:55:28,SPB-0047,Санкт-Петербург,visit,,0,organic,android
2026-06-04 10:04:50,KZN-0022,Казань,visit,,0,organic,web
2026-06-04 10:06:36,MSK-0101,Москва,visit,,0,ads,android
2026-06-04 10:10:13,NSK-0001,Новосибирск,product_view,,0,organic,android
2026-06-04 10:10:31,NSK-0037,Новосибирск,visit,,0,organic,android
2026-06-04 10:11:59,MSK-0029,Москва,purchase,ORD-000114,270.00,ads,ios
2026-06-04 10:12:00,SPB-0047,Санкт-Петербург,product_view,,0,organic,android
2026-06-04 10:12:07,MSK-0083,Москва,visit,,0,ads,android
2026-06-04 10:12:56,KZN-0138,Казань,visit,,0,organic,web
2026-06-04 10:13:11,SPB-0106,Санкт-Петербург,product_view,,0,referral,ios
2026-06-04 10:15:28,NSK-0001,Новосибирск,product_view,,0,organic,android
2026-06-04 10:16:25,MSK-0018,Москва,product_view,,0,ads,android
2026-06-04 10:16:49,SPB-0198,Санкт-Петербург,visit,,0,referral,ios
2026-06-04 10:19:09,KZN-0102,Казань,visit,,0,organic,ios
2026-06-04 10:20:02,EKB-0096,Екатеринбург,product_view,,0,ads,ios
2026-06-04 10:25:01,SPB-0040,Санкт-Петербург,visit,,0,referral,ios
2026-06-04 10:25:39,SPB-0110,Санкт-Петербург,visit,,0,organic,ios
2026-06-04 10:25:52,KZN-0022,Казань,product_view,,0,organic,web
2026-06-04 10:34:05,NSK-0044,Новосибирск,visit,,0,organic,ios
2026-06-04 10:34:57,MSK-0083,Москва,product_view,,0,ads,android
2026-06-04 10:36:40,MSK-0177,Москва,visit,,0,organic,ios
2026-06-04 10:38:55,NSK-0043,Новосибирск,visit,,0,referral,web
2026-06-04 10:40:08,MSK-0089,Москва,visit,,0,organic,android
2026-06-04 10:40:43,EKB-0062,Екатеринбург,visit,,0,organic,android
2026-06-04 10:42:00,MSK-0099,Москва,visit,,0,ads,ios
2026-06-04 10:44:05,EKB-0087,Екатеринбург,visit,,0,organic,android
2026-06-04 10:46:35,MSK-0099,Москва,product_view,,0,ads,ios
2026-06-04 10:47:19,NSK-0020,Новосибирск,visit,,0,organic,android
2026-06-04 10:51:41,EKB-0007,Екатеринбург,purchase,ORD-000142,330.00,organic,android
2026-06-04 10:52:21,KZN-0062,Казань,visit,,0,organic,ios
2026-06-04 10:53:07,KZN-0014,Казань,purchase,ORD-000136,340.00,organic,android
2026-06-04 10:53:21,MSK-0083,Москва,product_view,,0,ads,android
2026-06-04 10:53:29,MSK-0089,Москва,product_view,,0,organic,android
2026-06-04 10:55:47,SPB-0040,Санкт-Петербург,product_view,,0,referral,ios
2026-06-04 10:55:51,MSK-0243,Москва,visit,,0,organic,ios
2026-06-04 10:56:01,MSK-0095,Москва,visit,,0,ads,ios
2026-06-04 10:58:32,NSK-0020,Новосибирск,product_view,,0,organic,android
2026-06-04 11:01:37,KZN-0013,Казань,visit,,0,ads,android
2026-06-04 11:05:53,KZN-0023,Казань,purchase,ORD-000133,180.00,organic,web
2026-06-04 11:09:51,EKB-0110,Екатеринбург,visit,,0,organic,web
2026-06-04 11:11:38,MSK-0009,Москва,purchase,ORD-000119,440.00,organic,ios
2026-06-04 11:13:28,NSK-0043,Новосибирск,product_view,,0,referral,web
2026-06-04 11:16:33,EKB-0029,Екатеринбург,visit,,0,ads,android
2026-06-04 11:19:07,NSK-0013,Новосибирск,purchase,ORD-000145,170.00,ads,web
2026-06-04 11:19:37,NSK-0024,Новосибирск,visit,,0,organic,android
2026-06-04 11:20:12,KZN-0013,Казань,product_view,,0,ads,android
2026-06-04 11:22:18,EKB-0007,Екатеринбург,visit,,0,organic,android
2026-06-04 11:26:11,MSK-0095,Москва,product_view,,0,ads,ios
2026-06-04 11:27:32,EKB-0029,Екатеринбург,product_view,,0,ads,android
2026-06-04 11:36:35,EKB-0007,Екатеринбург,product_view,,0,organic,android
2026-06-04 11:37:43,NSK-0024,Новосибирск,product_view,,0,organic,android
2026-06-04 11:40:39,MSK-0029,Москва,visit,,0,ads,ios
2026-06-04 11:41:10,SPB-0035,Санкт-Петербург,purchase,ORD-000131,350.00,ads,ios
2026-06-04 11:41:37,MSK-0084,Москва,visit,,0,ads,ios
2026-06-04 11:45:19,SPB-0026,Санкт-Петербург,purchase,ORD-000128,180.00,organic,android
2026-06-04 11:45:20,MSK-0003,Москва,purchase,ORD-000111,270.00,referral,android
2026-06-04 11:45:48,SPB-0152,Санкт-Петербург,visit,,0,ads,web
2026-06-04 11:47:58,EKB-0029,Екатеринбург,product_view,,0,ads,android
2026-06-04 11:55:56,MSK-0267,Москва,visit,,0,organic,ios
2026-06-04 11:57:01,MSK-0065,Москва,purchase,ORD-000122,270.00,organic,web
2026-06-04 11:57:57,MSK-0040,Москва,visit,,0,ads,android
2026-06-04 11:58:02,MSK-0044,Москва,visit,,0,organic,ios
2026-06-04 11:58:57,KZN-0001,Казань,visit,,0,organic,web
2026-06-04 11:58:59,MSK-0220,Москва,visit,,0,organic,android
2026-06-04 11:59:45,SPB-0152,Санкт-Петербург,product_view,,0,ads,web
2026-06-04 12:01:00,SPB-0036,Санкт-Петербург,visit,,0,organic,ios
2026-06-04 12:02:11,MSK-0073,Москва,visit,,0,organic,android
2026-06-04 12:02:19,MSK-0029,Москва,product_view,,0,ads,ios
2026-06-04 12:02:55,MSK-0084,Москва,product_view,,0,ads,ios
2026-06-04 12:04:25,EKB-0058,Екатеринбург,visit,,0,organic,web
2026-06-04 12:04:32,EKB-0020,Екатеринбург,visit,,0,ads,ios
2026-06-04 12:05:34,MSK-0174,Москва,visit,,0,ads,ios
2026-06-04 12:07:53,MSK-0029,Москва,product_view,,0,ads,ios
2026-06-04 12:09:03,MSK-0226,Москва,visit,,0,organic,ios
2026-06-04 12:11:59,KZN-0001,Казань,product_view,,0,organic,web
2026-06-04 12:12:17,MSK-0031,Москва,purchase,ORD-000121,230.00,organic,android
2026-06-04 12:13:23,MSK-0084,Москва,product_view,,0,ads,ios
2026-06-04 12:18:43,SPB-0021,Санкт-Петербург,visit,,0,organic,android
2026-06-04 12:19:02,EKB-0020,Екатеринбург,product_view,,0,ads,ios
2026-06-04 12:20:05,SPB-0184,Санкт-Петербург,visit,,0,referral,ios
2026-06-04 12:20:27,SPB-0036,Санкт-Петербург,product_view,,0,organic,ios
2026-06-04 12:20:50,MSK-0239,Москва,visit,,0,ads,ios
2026-06-04 12:21:01,SPB-0087,Санкт-Петербург,visit,,0,organic,web
2026-06-04 12:21:04,SPB-0021,Санкт-Петербург,product_view,,0,organic,android
2026-06-04 12:22:08,MSK-0073,Москва,product_view,,0,organic,android
2026-06-04 12:22:59,MSK-0124,Москва,visit,,0,referral,android
2026-06-04 12:23:26,MSK-0220,Москва,product_view,,0,organic,android
2026-06-04 12:23:48,MSK-0044,Москва,product_view,,0,organic,ios
2026-06-04 12:25:09,KZN-0014,Казань,visit,,0,organic,android
2026-06-04 12:25:40,KZN-0035,Казань,visit,,0,organic,android
2026-06-04 12:27:39,MSK-0174,Москва,product_view,,0,ads,ios
2026-06-04 12:30:36,NSK-0007,Новосибирск,visit,,0,organic,ios
2026-06-04 12:30:41,EKB-0005,Екатеринбург,visit,,0,organic,android
2026-06-04 12:32:18,EKB-0058,Екатеринбург,product_view,,0,organic,web
2026-06-04 12:36:01,SPB-0211,Санкт-Петербург,visit,,0,organic,ios
2026-06-04 12:36:18,EKB-0020,Екатеринбург,product_view,,0,ads,ios
2026-06-04 12:41:48,KZN-0001,Казань,product_view,,0,organic,web
2026-06-04 12:41:56,SPB-0071,Санкт-Петербург,visit,,0,referral,android
2026-06-04 12:43:42,MSK-0226,Москва,product_view,,0,organic,ios
2026-06-04 12:44:09,EKB-0029,Екатеринбург,purchase,ORD-000141,630.00,ads,android
2026-06-04 12:48:34,KZN-0005,Казань,visit,,0,ads,ios
2026-06-04 12:49:15,KZN-0014,Казань,product_view,,0,organic,android
2026-06-04 12:49:30,SPB-0211,Санкт-Петербург,product_view,,0,organic,ios
2026-06-04 12:52:13,MSK-0032,Москва,visit,,0,organic,ios
2026-06-04 12:53:18,EKB-0028,Екатеринбург,purchase,ORD-000140,180.00,referral,android
2026-06-04 12:55:33,MSK-0050,Москва,visit,,0,organic,ios
2026-06-04 12:56:03,SPB-0051,Санкт-Петербург,visit,,0,organic,ios
2026-06-04 12:57:08,MSK-0182,Москва,visit,,0,referral,ios
2026-06-04 12:57:27,MSK-0134,Москва,visit,,0,ads,android
2026-06-04 12:59:43,KZN-0068,Казань,visit,,0,ads,android
2026-06-04 13:05:44,KZN-0005,Казань,product_view,,0,ads,ios
2026-06-04 13:06:31,NSK-0082,Новосибирск,visit,,0,referral,android
2026-06-04 13:06:58,MSK-0245,Москва,visit,,0,referral,android
2026-06-04 13:07:20,MSK-0032,Москва,product_view,,0,organic,ios
2026-06-04 13:07:42,MSK-0182,Москва,product_view,,0,referral,ios
2026-06-04 13:08:26,MSK-0010,Москва,visit,,0,ads,android
2026-06-04 13:09:35,KZN-0005,Казань,purchase,ORD-000137,220.00,ads,ios
2026-06-04 13:14:21,SPB-0190,Санкт-Петербург,visit,,0,ads,ios
2026-06-04 13:14:49,MSK-0032,Москва,purchase,ORD-000112,320.00,organic,ios
2026-06-04 13:16:14,MSK-0014,Москва,visit,,0,organic,android
2026-06-04 13:20:40,NSK-0017,Новосибирск,visit,,0,organic,android
2026-06-04 13:21:13,SPB-0016,Санкт-Петербург,purchase,ORD-000126,350.00,referral,ios
2026-06-04 13:23:40,MSK-0010,Москва,product_view,,0,ads,android
2026-06-04 13:32:49,SPB-0051,Санкт-Петербург,product_view,,0,organic,ios
2026-06-04 13:34:46,MSK-0193,Москва,visit,,0,organic,android
2026-06-04 13:35:31,KZN-0068,Казань,product_view,,0,ads,android
2026-06-04 13:35:33,EKB-0011,Екатеринбург,visit,,0,ads,android
2026-06-04 13:36:01,KZN-0002,Казань,visit,,0,ads,android
2026-06-04 13:36:45,MSK-0014,Москва,product_view,,0,organic,android
2026-06-04 13:38:53,SPB-0039,Санкт-Петербург,purchase,ORD-000123,310.00,organic,web
2026-06-04 13:41:09,NSK-0017,Новосибирск,product_view,,0,organic,android
2026-06-04 13:42:47,EKB-0011,Екатеринбург,product_view,,0,ads,android
2026-06-04 13:44:09,KZN-0046,Казань,visit,,0,ads,android
2026-06-04 13:46:39,SPB-0150,Санкт-Петербург,visit,,0,referral,ios
2026-06-04 13:47:12,MSK-0009,Москва,visit,,0,organic,ios
2026-06-04 13:48:46,SPB-0035,Санкт-Петербург,visit,,0,ads,ios
2026-06-04 13:51:30,EKB-0001,Екатеринбург,visit,,0,referral,ios
2026-06-04 13:53:30,KZN-0023,Казань,visit,,0,organic,web
2026-06-04 13:56:30,SPB-0150,Санкт-Петербург,product_view,,0,referral,ios
2026-06-04 13:57:19,EKB-0001,Екатеринбург,product_view,,0,referral,ios
2026-06-04 13:59:07,MSK-0235,Москва,visit,,0,organic,android
2026-06-04 14:00:16,MSK-0236,Москва,visit,,0,ads,web
2026-06-04 14:00:18,KZN-0002,Казань,product_view,,0,ads,android
2026-06-04 14:01:23,KZN-0020,Казань,visit,,0,ads,ios
2026-06-04 14:01:58,MSK-0009,Москва,product_view,,0,organic,ios
2026-06-04 14:03:02,EKB-0020,Екатеринбург,purchase,ORD-000139,410.00,ads,ios
2026-06-04 14:09:50,MSK-0236,Москва,product_view,,0,ads,web
2026-06-04 14:10:58,NSK-0097,Новосибирск,visit,,0,organic,web
2026-06-04 14:11:29,KZN-0111,Казань,visit,,0,organic,ios
2026-06-04 14:13:15,SPB-0056,Санкт-Петербург,visit,,0,ads,ios
2026-06-04 14:20:43,SPB-0035,Санкт-Петербург,product_view,,0,ads,ios
2026-06-04 14:21:19,SPB-0035,Санкт-Петербург,product_view,,0,ads,ios
2026-06-04 14:21:59,KZN-0023,Казань,product_view,,0,organic,web
2026-06-04 14:22:35,MSK-0009,Москва,product_view,,0,organic,ios
2026-06-04 14:22:50,KZN-0111,Казань,product_view,,0,organic,ios
2026-06-04 14:25:43,MSK-0235,Москва,product_view,,0,organic,android
2026-06-04 14:27:05,MSK-0258,Москва,visit,,0,organic,android
2026-06-04 14:31:23,KZN-0020,Казань,product_view,,0,ads,ios
2026-06-04 14:32:28,SPB-0056,Санкт-Петербург,product_view,,0,ads,ios
2026-06-04 14:37:06,KZN-0023,Казань,product_view,,0,organic,web
2026-06-04 14:39:07,MSK-0132,Москва,visit,,0,referral,android
2026-06-04 14:39:18,SPB-0100,Санкт-Петербург,visit,,0,organic,android
2026-06-04 14:39:23,SPB-0202,Санкт-Петербург,visit,,0,organic,android
2026-06-04 14:42:07,KZN-0013,Казань,purchase,ORD-000134,300.00,ads,android
2026-06-04 14:44:14,SPB-0202,Санкт-Петербург,product_view,,0,organic,android
2026-06-04 14:47:06,SPB-0056,Санкт-Петербург,product_view,,0,ads,ios
2026-06-04 14:48:49,MSK-0077,Москва,visit,,0,referral,ios
2026-06-04 14:54:52,NSK-0096,Новосибирск,visit,,0,ads,android
2026-06-04 14:56:09,KZN-0065,Казань,visit,,0,organic,ios
2026-06-04 14:59:45,SPB-0029,Санкт-Петербург,visit,,0,referral,ios
2026-06-04 15:02:19,SPB-0100,Санкт-Петербург,product_view,,0,organic,android
2026-06-04 15:04:19,MSK-0093,Москва,visit,,0,organic,web
2026-06-04 15:04:30,NSK-0039,Новосибирск,visit,,0,organic,android
2026-06-04 15:04:55,NSK-0096,Новосибирск,product_view,,0,ads,android
2026-06-04 15:10:27,MSK-0096,Москва,visit,,0,organic,ios
2026-06-04 15:12:09,MSK-0077,Москва,product_view,,0,referral,ios
2026-06-04 15:14:18,MSK-0056,Москва,visit,,0,organic,android
2026-06-04 15:14:48,SPB-0032,Санкт-Петербург,purchase,ORD-000129,220.00,organic,android
2026-06-04 15:21:26,SPB-0169,Санкт-Петербург,visit,,0,organic,android
2026-06-04 15:21:51,KZN-0057,Казань,visit,,0,ads,android
2026-06-04 15:25:17,EKB-0101,Екатеринбург,visit,,0,organic,android
2026-06-04 15:25:52,EKB-0018,Екатеринбург,purchase,ORD-000138,330.00,organic,ios
2026-06-04 15:27:23,SPB-0169,Санкт-Петербург,product_view,,0,organic,android
2026-06-04 15:29:12,EKB-0018,Екатеринбург,visit,,0,organic,ios
2026-06-04 15:29:25,SPB-0046,Санкт-Петербург,visit,,0,organic,android
2026-06-04 15:36:12,EKB-0034,Екатеринбург,visit,,0,organic,android
2026-06-04 15:38:25,KZN-0040,Казань,visit,,0,organic,android
2026-06-04 15:40:43,MSK-0056,Москва,product_view,,0,organic,android
2026-06-04 15:41:04,NSK-0099,Новосибирск,visit,,0,organic,android
2026-06-04 15:41:05,SPB-0046,Санкт-Петербург,product_view,,0,organic,android
2026-06-04 15:55:40,NSK-0073,Новосибирск,visit,,0,organic,android
2026-06-04 15:57:31,KZN-0040,Казань,product_view,,0,organic,android
2026-06-04 15:58:11,MSK-0056,Москва,product_view,,0,organic,android
2026-06-04 15:59:14,MSK-0155,Москва,visit,,0,organic,android
2026-06-04 16:00:16,EKB-0018,Екатеринбург,product_view,,0,organic,ios
2026-06-04 16:00:39,KZN-0040,Казань,product_view,,0,organic,android
2026-06-04 16:05:40,NSK-0099,Новосибирск,product_view,,0,organic,android
2026-06-04 16:06:33,SPB-0064,Санкт-Петербург,visit,,0,organic,ios
2026-06-04 16:08:22,MSK-0036,Москва,visit,,0,organic,ios
2026-06-04 16:19:41,MSK-0002,Москва,purchase,ORD-000115,440.00,organic,android
2026-06-04 16:24:33,MSK-0171,Москва,visit,,0,organic,android
2026-06-04 16:30:04,MSK-0171,Москва,product_view,,0,organic,android
2026-06-04 16:31:58,MSK-0155,Москва,product_view,,0,organic,android
2026-06-04 16:33:32,MSK-0036,Москва,product_view,,0,organic,ios
2026-06-04 16:35:56,EKB-0086,Екатеринбург,visit,,0,organic,web
2026-06-04 16:41:26,SPB-0075,Санкт-Петербург,visit,,0,organic,android
2026-06-04 16:42:36,SPB-0163,Санкт-Петербург,visit,,0,ads,android
2026-06-04 16:43:53,EKB-0086,Екатеринбург,product_view,,0,organic,web
2026-06-04 16:45:01,MSK-0228,Москва,visit,,0,ads,android
2026-06-04 16:45:24,SPB-0141,Санкт-Петербург,visit,,0,organic,android
2026-06-04 16:45:51,MSK-0066,Москва,visit,,0,organic,android
2026-06-04 16:47:16,SPB-0026,Санкт-Петербург,visit,,0,organic,android
2026-06-04 16:48:55,MSK-0066,Москва,product_view,,0,organic,android
2026-06-04 16:53:18,NSK-0056,Новосибирск,visit,,0,ads,android
2026-06-04 17:02:21,MSK-0003,Москва,visit,,0,referral,android
2026-06-04 17:03:06,SPB-0016,Санкт-Петербург,visit,,0,referral,ios
2026-06-04 17:03:58,MSK-0212,Москва,visit,,0,organic,android
2026-06-04 17:05:27,SPB-0026,Санкт-Петербург,product_view,,0,organic,android
2026-06-04 17:09:06,SPB-0022,Санкт-Петербург,visit,,0,organic,ios
2026-06-04 17:09:15,KZN-0022,Казань,purchase,ORD-000132,220.00,organic,web
2026-06-04 17:12:06,NSK-0056,Новосибирск,product_view,,0,ads,android
2026-06-04 17:13:24,SPB-0163,Санкт-Петербург,product_view,,0,ads,android
2026-06-04 17:15:30,MSK-0003,Москва,product_view,,0,referral,android
2026-06-04 17:16:15,MSK-0003,Москва,product_view,,0,referral,android
2026-06-04 17:16:35,NSK-0056,Новосибирск,product_view,,0,ads,android
2026-06-04 17:16:59,MSK-0014,Москва,purchase,ORD-000117,270.00,organic,android
2026-06-04 17:18:34,NSK-0093,Новосибирск,visit,,0,ads,ios
2026-06-04 17:18:56,SPB-0141,Санкт-Петербург,product_view,,0,organic,android
2026-06-04 17:26:31,MSK-0195,Москва,visit,,0,organic,ios
2026-06-04 17:27:12,SPB-0016,Санкт-Петербург,product_view,,0,referral,ios
2026-06-04 17:27:16,NSK-0093,Новосибирск,product_view,,0,ads,ios
2026-06-04 17:29:06,SPB-0115,Санкт-Петербург,visit,,0,ads,web
2026-06-04 17:31:59,MSK-0069,Москва,visit,,0,organic,web
2026-06-04 17:32:05,SPB-0022,Санкт-Петербург,product_view,,0,organic,ios
2026-06-04 17:37:27,SPB-0022,Санкт-Петербург,product_view,,0,organic,ios
2026-06-04 17:37:46,EKB-0107,Екатеринбург,visit,,0,ads,android
2026-06-04 17:38:02,MSK-0062,Москва,visit,,0,organic,android
2026-06-04 17:38:25,NSK-0021,Новосибирск,visit,,0,organic,web
2026-06-04 17:38:56,MSK-0007,Москва,purchase,ORD-000116,400.00,organic,ios
2026-06-04 17:43:55,KZN-0009,Казань,visit,,0,organic,android
2026-06-04 17:45:06,KZN-0017,Казань,visit,,0,referral,android
2026-06-04 17:45:37,NSK-0065,Новосибирск,visit,,0,organic,android
2026-06-04 17:45:46,MSK-0195,Москва,product_view,,0,organic,ios
2026-06-04 17:48:39,MSK-0061,Москва,visit,,0,organic,android
2026-06-04 17:48:50,KZN-0017,Казань,product_view,,0,referral,android
2026-06-04 17:49:18,NSK-0065,Новосибирск,product_view,,0,organic,android
2026-06-04 17:49:36,MSK-0007,Москва,visit,,0,organic,ios
2026-06-04 17:50:54,MSK-0260,Москва,visit,,0,organic,android
2026-06-04 17:53:40,SPB-0115,Санкт-Петербург,product_view,,0,ads,web
2026-06-04 17:53:51,NSK-0021,Новосибирск,product_view,,0,organic,web
2026-06-04 17:54:12,SPB-0070,Санкт-Петербург,visit,,0,referral,android
2026-06-04 17:59:21,NSK-0093,Новосибирск,product_view,,0,ads,ios
2026-06-04 18:02:47,EKB-0107,Екатеринбург,product_view,,0,ads,android
2026-06-04 18:04:00,KZN-0009,Казань,product_view,,0,organic,android
2026-06-04 18:04:53,SPB-0222,Санкт-Петербург,visit,,0,referral,ios
2026-06-04 18:07:29,SPB-0222,Санкт-Петербург,product_view,,0,referral,ios
2026-06-04 18:07:43,EKB-0090,Екатеринбург,visit,,0,organic,ios
2026-06-04 18:13:14,EKB-0090,Екатеринбург,product_view,,0,organic,ios
2026-06-04 18:13:30,NSK-0024,Новосибирск,purchase,ORD-000143,610.00,organic,android
2026-06-04 18:15:15,SPB-0047,Санкт-Петербург,purchase,ORD-000125,390.00,organic,android
2026-06-04 18:15:31,MSK-0007,Москва,product_view,,0,organic,ios
2026-06-04 18:19:02,SPB-0056,Санкт-Петербург,purchase,ORD-000130,350.00,ads,ios
2026-06-04 18:19:25,EKB-0081,Екатеринбург,visit,,0,organic,android
2026-06-04 18:20:36,MSK-0007,Москва,product_view,,0,organic,ios
2026-06-04 18:21:48,SPB-0070,Санкт-Петербург,product_view,,0,referral,android
2026-06-04 18:22:19,MSK-0183,Москва,visit,,0,referral,android
2026-06-04 18:25:57,MSK-0030,Москва,purchase,ORD-000120,270.00,ads,ios
2026-06-04 18:30:21,SPB-0032,Санкт-Петербург,visit,,0,organic,android
2026-06-04 18:30:25,EKB-0081,Екатеринбург,product_view,,0,organic,android
2026-06-04 18:33:44,EKB-0028,Екатеринбург,visit,,0,referral,android
2026-06-04 18:36:19,SPB-0032,Санкт-Петербург,product_view,,0,organic,android
2026-06-04 18:38:33,SPB-0004,Санкт-Петербург,visit,,0,ads,android
2026-06-04 18:41:14,KZN-0077,Казань,visit,,0,ads,web
2026-06-04 18:44:30,MSK-0183,Москва,product_view,,0,referral,android
2026-06-04 18:44:39,MSK-0196,Москва,visit,,0,organic,android
2026-06-04 18:45:04,SPB-0088,Санкт-Петербург,visit,,0,organic,web
2026-06-04 18:45:14,EKB-0004,Екатеринбург,visit,,0,ads,web
2026-06-04 18:45:54,SPB-0003,Санкт-Петербург,visit,,0,organic,ios
2026-06-04 18:47:36,SPB-0032,Санкт-Петербург,product_view,,0,organic,android
2026-06-04 18:49:11,EKB-0097,Екатеринбург,visit,,0,ads,android
2026-06-04 18:52:07,NSK-0058,Новосибирск,visit,,0,ads,android
2026-06-04 18:52:22,EKB-0050,Екатеринбург,visit,,0,organic,ios
2026-06-04 18:57:06,NSK-0058,Новосибирск,product_view,,0,ads,android
2026-06-04 18:59:55,MSK-0002,Москва,visit,,0,organic,android
2026-06-04 19:07:55,EKB-0028,Екатеринбург,product_view,,0,referral,android
2026-06-04 19:09:22,SPB-0036,Санкт-Петербург,purchase,ORD-000124,220.00,organic,ios
2026-06-04 19:10:55,MSK-0002,Москва,product_view,,0,organic,android
2026-06-04 19:14:47,SPB-0088,Санкт-Петербург,product_view,,0,organic,web
2026-06-04 19:23:12,EKB-0097,Екатеринбург,product_view,,0,ads,android
2026-06-04 19:25:42,MSK-0002,Москва,product_view,,0,organic,android
2026-06-04 19:48:41,MSK-0018,Москва,purchase,ORD-000118,1160.00,ads,android
2026-06-04 20:21:52,NSK-0001,Новосибирск,purchase,ORD-000144,250.00,organic,android
2026-06-04 21:07:41,MSK-0008,Москва,purchase,ORD-000113,230.00,organic,android
2026-06-04 21:28:01,SPB-0040,Санкт-Петербург,purchase,ORD-000127,180.00,referral,ios
2026-06-04 21:51:59,NSK-0017,Новосибирск,purchase,ORD-000146,170.00,organic,android
2026-06-04 21:57:38,KZN-0020,Казань,purchase,ORD-000135,180.00,ads,ios
2026-06-05 02:05:26,TEST-KZN-0005,Казань,purchase,TEST-00005,100.00,test,android
2026-06-05 02:05:42,TEST-KZN-0125,Казань,purchase,TEST-00125,100.00,test,android
2026-06-05 02:35:25,TEST-KZN-0035,Казань,purchase,TEST-00035,100.00,test,web
2026-06-05 03:05:03,TEST-KZN-0065,Казань,purchase,TEST-00065,100.00,test,ios
2026-06-05 03:35:18,TEST-KZN-0095,Казань,purchase,TEST-00095,100.00,test,web
2026-06-05 08:04:11,KZN-0038,Казань,visit,,0,ads,web
2026-06-05 08:11:26,SPB-0089,Санкт-Петербург,visit,,0,ads,web
2026-06-05 08:17:01,MSK-0130,Москва,visit,,0,organic,ios
2026-06-05 08:17:19,SPB-0045,Санкт-Петербург,visit,,0,organic,ios
2026-06-05 08:18:02,MSK-0222,Москва,visit,,0,ads,web
2026-06-05 08:23:49,NSK-0021,Новосибирск,visit,,0,organic,web
2026-06-05 08:27:42,MSK-0036,Москва,visit,,0,organic,ios
2026-06-05 08:30:09,KZN-0002,Казань,visit,,0,ads,android
2026-06-05 08:41:45,MSK-0033,Москва,visit,,0,ads,ios
2026-06-05 08:43:52,KZN-0028,Казань,visit,,0,organic,web
2026-06-05 08:44:47,MSK-0036,Москва,product_view,,0,organic,ios
2026-06-05 08:49:35,SPB-0223,Санкт-Петербург,visit,,0,organic,ios
2026-06-05 08:51:17,SPB-0129,Санкт-Петербург,visit,,0,ads,android
2026-06-05 08:53:38,KZN-0028,Казань,product_view,,0,organic,web
2026-06-05 08:56:35,EKB-0032,Екатеринбург,visit,,0,referral,ios
2026-06-05 08:58:34,KZN-0021,Казань,visit,,0,ads,ios
2026-06-05 08:59:16,NSK-0021,Новосибирск,product_view,,0,organic,web
2026-06-05 09:01:46,SPB-0068,Санкт-Петербург,visit,,0,ads,android
2026-06-05 09:05:06,MSK-0033,Москва,product_view,,0,ads,ios
2026-06-05 09:06:18,KZN-0099,Казань,visit,,0,organic,ios
2026-06-05 09:06:35,SPB-0223,Санкт-Петербург,product_view,,0,organic,ios
2026-06-05 09:08:30,SPB-0068,Санкт-Петербург,product_view,,0,ads,android
2026-06-05 09:13:40,MSK-0290,Москва,visit,,0,referral,android
2026-06-05 09:13:52,MSK-0072,Москва,visit,,0,organic,android
2026-06-05 09:14:27,EKB-0026,Екатеринбург,visit,,0,referral,android
2026-06-05 09:16:03,SPB-0018,Санкт-Петербург,visit,,0,organic,web
2026-06-05 09:17:47,SPB-0133,Санкт-Петербург,visit,,0,ads,android
2026-06-05 09:18:11,MSK-0076,Москва,visit,,0,organic,web
2026-06-05 09:18:11,MSK-0216,Москва,visit,,0,ads,android
2026-06-05 09:19:00,MSK-0128,Москва,visit,,0,organic,android
2026-06-05 09:21:46,SPB-0129,Санкт-Петербург,product_view,,0,ads,android
2026-06-05 09:22:13,KZN-0021,Казань,product_view,,0,ads,ios
2026-06-05 09:22:52,KZN-0028,Казань,product_view,,0,organic,web
2026-06-05 09:30:31,MSK-0216,Москва,product_view,,0,ads,android
2026-06-05 09:30:47,MSK-0128,Москва,product_view,,0,organic,android
2026-06-05 09:34:16,MSK-0290,Москва,product_view,,0,referral,android
2026-06-05 09:35:41,SPB-0129,Санкт-Петербург,product_view,,0,ads,android
2026-06-05 09:37:20,SPB-0080,Санкт-Петербург,visit,,0,organic,android
2026-06-05 09:39:43,SPB-0018,Санкт-Петербург,product_view,,0,organic,web
2026-06-05 09:40:04,MSK-0015,Москва,visit,,0,organic,android
2026-06-05 09:40:35,SPB-0133,Санкт-Петербург,product_view,,0,ads,android
2026-06-05 09:41:37,NSK-0020,Новосибирск,visit,,0,organic,android
2026-06-05 09:42:41,SPB-0044,Санкт-Петербург,visit,,0,organic,ios
2026-06-05 09:42:50,MSK-0015,Москва,product_view,,0,organic,android
2026-06-05 09:44:56,KZN-0117,Казань,visit,,0,ads,ios
2026-06-05 09:46:27,MSK-0128,Москва,product_view,,0,organic,android
2026-06-05 09:47:50,MSK-0239,Москва,visit,,0,ads,ios
2026-06-05 09:51:35,MSK-0122,Москва,visit,,0,organic,android
2026-06-05 09:53:58,MSK-0239,Москва,product_view,,0,ads,ios
2026-06-05 09:54:27,NSK-0020,Новосибирск,product_view,,0,organic,android
2026-06-05 09:57:29,MSK-0213,Москва,visit,,0,organic,android
2026-06-05 10:01:55,EKB-0014,Екатеринбург,purchase,ORD-000179,290.00,organic,android
2026-06-05 10:02:47,SPB-0044,Санкт-Петербург,product_view,,0,organic,ios
2026-06-05 10:04:48,EKB-0088,Екатеринбург,visit,,0,referral,android
2026-06-05 10:07:02,SPB-0025,Санкт-Петербург,visit,,0,ads,ios
2026-06-05 10:08:25,SPB-0044,Санкт-Петербург,product_view,,0,organic,ios
2026-06-05 10:08:53,KZN-0022,Казань,visit,,0,organic,web
2026-06-05 10:09:31,MSK-0213,Москва,product_view,,0,organic,android
2026-06-05 10:13:38,MSK-0260,Москва,visit,,0,organic,android
2026-06-05 10:13:38,SPB-0144,Санкт-Петербург,visit,,0,organic,web
2026-06-05 10:14:32,SPB-0114,Санкт-Петербург,visit,,0,referral,web
2026-06-05 10:15:10,MSK-0067,Москва,purchase,ORD-000151,270.00,ads,web
2026-06-05 10:16:27,SPB-0036,Санкт-Петербург,visit,,0,organic,ios
2026-06-05 10:19:53,EKB-0088,Екатеринбург,product_view,,0,referral,android
2026-06-05 10:22:27,SPB-0025,Санкт-Петербург,product_view,,0,ads,ios
2026-06-05 10:23:58,NSK-0020,Новосибирск,product_view,,0,organic,android
2026-06-05 10:24:25,SPB-0144,Санкт-Петербург,product_view,,0,organic,web
2026-06-05 10:24:35,SPB-0216,Санкт-Петербург,visit,,0,ads,ios
2026-06-05 10:25:13,EKB-0006,Екатеринбург,purchase,ORD-000180,290.00,organic,android
2026-06-05 10:25:23,EKB-0030,Екатеринбург,visit,,0,organic,ios
2026-06-05 10:27:36,MSK-0048,Москва,visit,,0,ads,ios
2026-06-05 10:29:10,MSK-0278,Москва,visit,,0,ads,android
2026-06-05 10:29:33,SPB-0036,Санкт-Петербург,product_view,,0,organic,ios
2026-06-05 10:29:34,KZN-0022,Казань,product_view,,0,organic,web
2026-06-05 10:31:23,NSK-0063,Новосибирск,visit,,0,referral,android
2026-06-05 10:33:13,EKB-0021,Екатеринбург,purchase,ORD-000178,220.00,organic,android
2026-06-05 10:33:27,MSK-0023,Москва,visit,,0,organic,android
2026-06-05 10:33:41,MSK-0260,Москва,product_view,,0,organic,android
2026-06-05 10:40:01,SPB-0025,Санкт-Петербург,product_view,,0,ads,ios
2026-06-05 10:42:57,MSK-0097,Москва,visit,,0,ads,web
2026-06-05 10:43:12,MSK-0048,Москва,product_view,,0,ads,ios
2026-06-05 10:44:12,EKB-0030,Екатеринбург,product_view,,0,organic,ios
2026-06-05 10:47:32,EKB-0009,Екатеринбург,visit,,0,organic,android
2026-06-05 10:47:33,SPB-0144,Санкт-Петербург,product_view,,0,organic,web
2026-06-05 10:50:30,MSK-0249,Москва,visit,,0,ads,ios
2026-06-05 10:50:44,NSK-0050,Новосибирск,visit,,0,ads,web
2026-06-05 10:55:56,NSK-0050,Новосибирск,product_view,,0,ads,web
2026-06-05 10:58:51,NSK-0063,Новосибирск,product_view,,0,referral,android
2026-06-05 10:59:32,MSK-0003,Москва,visit,,0,referral,android
2026-06-05 10:59:39,MSK-0278,Москва,product_view,,0,ads,android
2026-06-05 10:59:50,MSK-0299,Москва,visit,,0,organic,android
2026-06-05 11:00:08,SPB-0074,Санкт-Петербург,visit,,0,ads,ios
2026-06-05 11:04:05,KZN-0014,Казань,purchase,ORD-000170,300.00,organic,android
2026-06-05 11:07:10,MSK-0003,Москва,product_view,,0,referral,android
2026-06-05 11:07:46,MSK-0042,Москва,visit,,0,organic,web
2026-06-05 11:09:09,MSK-0299,Москва,product_view,,0,organic,android
2026-06-05 11:10:57,SPB-0203,Санкт-Петербург,visit,,0,ads,android
2026-06-05 11:13:50,MSK-0097,Москва,product_view,,0,ads,web
2026-06-05 11:13:50,MSK-0249,Москва,product_view,,0,ads,ios
2026-06-05 11:14:02,SPB-0051,Санкт-Петербург,visit,,0,organic,ios
2026-06-05 11:20:20,MSK-0143,Москва,visit,,0,organic,ios
2026-06-05 11:23:37,EKB-0009,Екатеринбург,product_view,,0,organic,android
2026-06-05 11:27:16,MSK-0097,Москва,product_view,,0,ads,web
2026-06-05 11:27:53,SPB-0203,Санкт-Петербург,product_view,,0,ads,android
2026-06-05 11:29:11,SPB-0055,Санкт-Петербург,visit,,0,ads,android
2026-06-05 11:30:28,SPB-0074,Санкт-Петербург,product_view,,0,ads,ios
2026-06-05 11:35:42,NSK-0047,Новосибирск,visit,,0,organic,android
2026-06-05 11:37:48,SPB-0036,Санкт-Петербург,purchase,ORD-000164,180.00,organic,ios
2026-06-05 11:39:00,KZN-0118,Казань,visit,,0,referral,android
2026-06-05 11:40:07,MSK-0042,Москва,product_view,,0,organic,web
2026-06-05 11:40:55,NSK-0019,Новосибирск,purchase,ORD-000183,400.00,ads,web
2026-06-05 11:42:48,MSK-0283,Москва,visit,,0,ads,ios
2026-06-05 11:43:54,MSK-0133,Москва,visit,,0,organic,android
2026-06-05 11:44:03,MSK-0283,Москва,product_view,,0,ads,ios
2026-06-05 11:45:11,SPB-0074,Санкт-Петербург,product_view,,0,ads,ios
2026-06-05 11:46:40,MSK-0049,Москва,purchase,ORD-000156,190.00,organic,android
2026-06-05 11:47:33,SPB-0055,Санкт-Петербург,product_view,,0,ads,android
2026-06-05 11:49:42,SPB-0147,Санкт-Петербург,visit,,0,organic,ios
2026-06-05 11:50:18,SPB-0051,Санкт-Петербург,product_view,,0,organic,ios
2026-06-05 11:52:42,MSK-0133,Москва,product_view,,0,organic,android
2026-06-05 11:52:44,SPB-0196,Санкт-Петербург,visit,,0,referral,android
2026-06-05 11:54:48,MSK-0068,Москва,visit,,0,organic,android
2026-06-05 11:54:56,KZN-0049,Казань,visit,,0,organic,android
2026-06-05 11:58:43,NSK-0047,Новосибирск,product_view,,0,organic,android
2026-06-05 11:59:46,SPB-0057,Санкт-Петербург,visit,,0,organic,android
2026-06-05 12:00:32,MSK-0166,Москва,visit,,0,organic,android
2026-06-05 12:02:00,NSK-0099,Новосибирск,visit,,0,organic,android
2026-06-05 12:02:01,MSK-0283,Москва,product_view,,0,ads,ios
2026-06-05 12:02:13,SPB-0136,Санкт-Петербург,visit,,0,ads,ios
2026-06-05 12:06:57,MSK-0145,Москва,visit,,0,organic,ios
2026-06-05 12:10:05,MSK-0068,Москва,product_view,,0,organic,android
2026-06-05 12:10:37,SPB-0180,Санкт-Петербург,visit,,0,referral,ios
2026-06-05 12:12:43,NSK-0005,Новосибирск,purchase,ORD-000185,290.00,referral,android
2026-06-05 12:14:04,SPB-0085,Санкт-Петербург,visit,,0,ads,android
2026-06-05 12:15:54,MSK-0166,Москва,product_view,,0,organic,android
2026-06-05 12:16:23,NSK-0032,Новосибирск,visit,,0,ads,android
2026-06-05 12:20:28,NSK-0099,Новосибирск,product_view,,0,organic,android
2026-06-05 12:22:18,SPB-0147,Санкт-Петербург,product_view,,0,organic,ios
2026-06-05 12:23:11,SPB-0125,Санкт-Петербург,visit,,0,organic,android
2026-06-05 12:24:17,EKB-0072,Екатеринбург,visit,,0,organic,ios
2026-06-05 12:25:32,SPB-0136,Санкт-Петербург,product_view,,0,ads,ios
2026-06-05 12:27:37,KZN-0049,Казань,product_view,,0,organic,android
2026-06-05 12:28:44,EKB-0016,Екатеринбург,purchase,ORD-000181,250.00,organic,android
2026-06-05 12:29:03,MSK-0068,Москва,product_view,,0,organic,android
2026-06-05 12:29:34,MSK-0024,Москва,visit,,0,referral,ios
2026-06-05 12:30:12,NSK-0012,Новосибирск,visit,,0,organic,android
2026-06-05 12:33:01,SPB-0064,Санкт-Петербург,visit,,0,organic,ios
2026-06-05 12:33:05,NSK-0026,Новосибирск,visit,,0,organic,android
2026-06-05 12:33:08,SPB-0147,Санкт-Петербург,product_view,,0,organic,ios
2026-06-05 12:38:34,NSK-0032,Новосибирск,product_view,,0,ads,android
2026-06-05 12:40:22,EKB-0072,Екатеринбург,product_view,,0,organic,ios
2026-06-05 12:42:57,KZN-0131,Казань,visit,,0,organic,android
2026-06-05 12:43:38,MSK-0003,Москва,purchase,ORD-000147,270.00,referral,android
2026-06-05 12:47:39,NSK-0024,Новосибирск,visit,,0,organic,android
2026-06-05 12:48:42,MSK-0018,Москва,visit,,0,ads,android
2026-06-05 12:48:49,EKB-0024,Екатеринбург,visit,,0,ads,android
2026-06-05 12:49:29,SPB-0090,Санкт-Петербург,visit,,0,organic,android
2026-06-05 12:50:03,NSK-0094,Новосибирск,visit,,0,organic,ios
2026-06-05 12:50:48,MSK-0275,Москва,visit,,0,ads,android
2026-06-05 12:51:53,NSK-0019,Новосибирск,visit,,0,ads,web
2026-06-05 12:54:24,MSK-0275,Москва,product_view,,0,ads,android
2026-06-05 12:54:30,MSK-0024,Москва,product_view,,0,referral,ios
2026-06-05 12:54:51,MSK-0300,Москва,visit,,0,organic,ios
2026-06-05 12:56:26,KZN-0123,Казань,visit,,0,organic,ios
2026-06-05 12:56:50,NSK-0019,Новосибирск,product_view,,0,ads,web
2026-06-05 12:57:58,SPB-0217,Санкт-Петербург,visit,,0,ads,ios
2026-06-05 12:58:50,SPB-0206,Санкт-Петербург,visit,,0,organic,ios
2026-06-05 13:02:15,NSK-0026,Новосибирск,product_view,,0,organic,android
2026-06-05 13:02:55,SPB-0206,Санкт-Петербург,product_view,,0,organic,ios
2026-06-05 13:03:30,MSK-0163,Москва,visit,,0,organic,ios
2026-06-05 13:03:50,MSK-0141,Москва,visit,,0,ads,android
2026-06-05 13:04:04,MSK-0075,Москва,purchase,ORD-000157,270.00,referral,android
2026-06-05 13:04:18,NSK-0024,Новосибирск,product_view,,0,organic,android
2026-06-05 13:04:26,EKB-0024,Екатеринбург,product_view,,0,ads,android
2026-06-05 13:05:05,MSK-0043,Москва,purchase,ORD-000159,320.00,referral,android
2026-06-05 13:09:55,KZN-0008,Казань,purchase,ORD-000173,380.00,organic,android
2026-06-05 13:12:18,NSK-0003,Новосибирск,visit,,0,ads,ios
2026-06-05 13:13:44,SPB-0090,Санкт-Петербург,product_view,,0,organic,android
2026-06-05 13:14:52,SPB-0123,Санкт-Петербург,visit,,0,ads,ios
2026-06-05 13:16:46,EKB-0001,Екатеринбург,visit,,0,referral,ios
2026-06-05 13:18:05,NSK-0019,Новосибирск,product_view,,0,ads,web
2026-06-05 13:19:13,MSK-0284,Москва,visit,,0,ads,ios
2026-06-05 13:22:25,MSK-0090,Москва,visit,,0,referral,android
2026-06-05 13:23:09,MSK-0263,Москва,visit,,0,organic,android
2026-06-05 13:23:55,KZN-0008,Казань,visit,,0,organic,android
2026-06-05 13:25:10,SPB-0090,Санкт-Петербург,product_view,,0,organic,android
2026-06-05 13:25:37,KZN-0008,Казань,product_view,,0,organic,android
2026-06-05 13:26:36,NSK-0023,Новосибирск,visit,,0,organic,ios
2026-06-05 13:28:54,EKB-0052,Екатеринбург,visit,,0,ads,web
2026-06-05 13:30:01,SPB-0123,Санкт-Петербург,product_view,,0,ads,ios
2026-06-05 13:30:38,MSK-0263,Москва,product_view,,0,organic,android
2026-06-05 13:32:09,EKB-0064,Екатеринбург,visit,,0,organic,android
2026-06-05 13:32:22,MSK-0284,Москва,product_view,,0,ads,ios
2026-06-05 13:32:56,MSK-0067,Москва,visit,,0,ads,web
2026-06-05 13:33:38,NSK-0003,Новосибирск,product_view,,0,ads,ios
2026-06-05 13:33:42,SPB-0109,Санкт-Петербург,visit,,0,organic,android
2026-06-05 13:38:09,MSK-0267,Москва,visit,,0,organic,ios
2026-06-05 13:41:31,MSK-0267,Москва,product_view,,0,organic,ios
2026-06-05 13:41:46,SPB-0084,Санкт-Петербург,visit,,0,organic,android
2026-06-05 13:42:21,EKB-0001,Екатеринбург,product_view,,0,referral,ios
2026-06-05 13:42:55,EKB-0040,Екатеринбург,visit,,0,organic,android
2026-06-05 13:43:00,SPB-0094,Санкт-Петербург,visit,,0,referral,android
2026-06-05 13:44:04,SPB-0084,Санкт-Петербург,product_view,,0,organic,android
2026-06-05 13:48:29,NSK-0020,Новосибирск,purchase,ORD-000184,400.00,organic,android
2026-06-05 13:49:19,SPB-0102,Санкт-Петербург,visit,,0,organic,ios
2026-06-05 13:49:26,KZN-0014,Казань,visit,,0,organic,android
2026-06-05 13:49:26,NSK-0023,Новосибирск,product_view,,0,organic,ios
2026-06-05 13:50:03,MSK-0284,Москва,product_view,,0,ads,ios
2026-06-05 13:50:55,MSK-0032,Москва,visit,,0,organic,ios
2026-06-05 13:51:16,SPB-0094,Санкт-Петербург,product_view,,0,referral,android
2026-06-05 13:53:06,EKB-0064,Екатеринбург,product_view,,0,organic,android
2026-06-05 13:54:16,MSK-0032,Москва,product_view,,0,organic,ios
2026-06-05 13:57:28,EKB-0040,Екатеринбург,product_view,,0,organic,android
2026-06-05 14:00:33,MSK-0281,Москва,visit,,0,organic,ios
2026-06-05 14:00:48,EKB-0064,Екатеринбург,product_view,,0,organic,android
2026-06-05 14:01:00,MSK-0067,Москва,product_view,,0,ads,web
2026-06-05 14:07:28,EKB-0110,Екатеринбург,visit,,0,organic,web
2026-06-05 14:08:17,SPB-0118,Санкт-Петербург,visit,,0,organic,web
2026-06-05 14:11:02,KZN-0001,Казань,visit,,0,organic,web
2026-06-05 14:11:16,KZN-0014,Казань,product_view,,0,organic,android
2026-06-05 14:11:38,KZN-0028,Казань,purchase,ORD-000172,220.00,organic,web
2026-06-05 14:13:54,MSK-0024,Москва,purchase,ORD-000149,230.00,referral,ios
2026-06-05 14:14:54,SPB-0157,Санкт-Петербург,visit,,0,organic,android
2026-06-05 14:14:58,KZN-0014,Казань,product_view,,0,organic,android
2026-06-05 14:15:44,EKB-0087,Екатеринбург,visit,,0,organic,android
2026-06-05 14:18:53,SPB-0010,Санкт-Петербург,visit,,0,organic,ios
2026-06-05 14:19:24,MSK-0285,Москва,visit,,0,organic,ios
2026-06-05 14:20:38,MSK-0189,Москва,visit,,0,organic,android
2026-06-05 14:27:19,KZN-0122,Казань,visit,,0,organic,ios
2026-06-05 14:29:49,EKB-0087,Екатеринбург,product_view,,0,organic,android
2026-06-05 14:30:12,MSK-0181,Москва,visit,,0,ads,ios
2026-06-05 14:33:51,MSK-0106,Москва,visit,,0,ads,android
2026-06-05 14:34:11,SPB-0010,Санкт-Петербург,product_view,,0,organic,ios
2026-06-05 14:37:38,EKB-0087,Екатеринбург,product_view,,0,organic,android
2026-06-05 14:38:07,SPB-0079,Санкт-Петербург,visit,,0,ads,android
2026-06-05 14:38:59,KZN-0001,Казань,product_view,,0,organic,web
2026-06-05 14:39:51,EKB-0014,Екатеринбург,visit,,0,organic,android
2026-06-05 14:40:29,MSK-0208,Москва,visit,,0,referral,ios
2026-06-05 14:42:26,KZN-0001,Казань,product_view,,0,organic,web
2026-06-05 14:43:25,KZN-0044,Казань,visit,,0,ads,android
2026-06-05 14:47:54,MSK-0106,Москва,product_view,,0,ads,android
2026-06-05 14:48:34,SPB-0079,Санкт-Петербург,product_view,,0,ads,android
2026-06-05 14:48:50,EKB-0022,Екатеринбург,visit,,0,organic,ios
2026-06-05 14:52:13,KZN-0040,Казань,visit,,0,organic,android
2026-06-05 14:52:16,KZN-0044,Казань,product_view,,0,ads,android
2026-06-05 14:54:35,SPB-0010,Санкт-Петербург,product_view,,0,organic,ios
2026-06-05 14:57:13,MSK-0043,Москва,visit,,0,referral,android
2026-06-05 15:01:16,MSK-0106,Москва,product_view,,0,ads,android
2026-06-05 15:03:20,NSK-0034,Новосибирск,visit,,0,ads,android
2026-06-05 15:05:15,MSK-0159,Москва,visit,,0,organic,ios
2026-06-05 15:06:32,EKB-0117,Екатеринбург,visit,,0,ads,ios
2026-06-05 15:07:43,MSK-0117,Москва,visit,,0,organic,ios
2026-06-05 15:09:59,KZN-0009,Казань,visit,,0,organic,android
2026-06-05 15:10:21,MSK-0117,Москва,product_view,,0,organic,ios
2026-06-05 15:11:30,KZN-0072,Казань,visit,,0,organic,web
2026-06-05 15:11:40,NSK-0010,Новосибирск,visit,,0,ads,ios
2026-06-05 15:13:28,EKB-0014,Екатеринбург,product_view,,0,organic,android
2026-06-05 15:19:36,MSK-0159,Москва,product_view,,0,organic,ios
2026-06-05 15:22:30,MSK-0183,Москва,visit,,0,referral,android
2026-06-05 15:25:31,NSK-0034,Новосибирск,product_view,,0,ads,android
2026-06-05 15:27:07,MSK-0043,Москва,product_view,,0,referral,android
2026-06-05 15:27:36,EKB-0021,Екатеринбург,visit,,0,organic,android
2026-06-05 15:28:12,KZN-0009,Казань,product_view,,0,organic,android
2026-06-05 15:31:29,EKB-0012,Екатеринбург,visit,,0,referral,android
2026-06-05 15:32:23,KZN-0016,Казань,visit,,0,organic,ios
2026-06-05 15:32:56,EKB-0021,Екатеринбург,product_view,,0,organic,android
2026-06-05 15:33:08,SPB-0141,Санкт-Петербург,visit,,0,organic,android
2026-06-05 15:44:59,KZN-0018,Казань,visit,,0,ads,android
2026-06-05 15:46:29,EKB-0044,Екатеринбург,visit,,0,ads,android
2026-06-05 15:48:54,KZN-0018,Казань,product_view,,0,ads,android
2026-06-05 15:57:44,EKB-0012,Екатеринбург,product_view,,0,referral,android
2026-06-05 15:58:16,MSK-0237,Москва,visit,,0,ads,web
2026-06-05 16:01:33,MSK-0032,Москва,purchase,ORD-000153,360.00,organic,ios
2026-06-05 16:02:18,EKB-0006,Екатеринбург,visit,,0,organic,android
2026-06-05 16:04:25,NSK-0024,Новосибирск,purchase,ORD-000186,400.00,organic,android
2026-06-05 16:05:51,SPB-0031,Санкт-Петербург,visit,,0,ads,android
2026-06-05 16:06:43,NSK-0054,Новосибирск,visit,,0,organic,ios
2026-06-05 16:10:07,KZN-0018,Казань,product_view,,0,ads,android
2026-06-05 16:11:04,MSK-0121,Москва,visit,,0,organic,android
2026-06-05 16:11:12,EKB-0021,Екатеринбург,product_view,,0,organic,android
2026-06-05 16:11:37,MSK-0049,Москва,visit,,0,organic,android
2026-06-05 16:12:03,NSK-0005,Новосибирск,visit,,0,referral,android
2026-06-05 16:12:29,NSK-0025,Новосибирск,visit,,0,ads,android
2026-06-05 16:12:52,SPB-0150,Санкт-Петербург,visit,,0,referral,ios
2026-06-05 16:12:55,SPB-0031,Санкт-Петербург,product_view,,0,ads,android
2026-06-05 16:15:21,MSK-0049,Москва,product_view,,0,organic,android
2026-06-05 16:15:35,NSK-0005,Новосибирск,product_view,,0,referral,android
2026-06-05 16:18:27,NSK-0054,Новосибирск,product_view,,0,organic,ios
2026-06-05 16:21:16,EKB-0006,Екатеринбург,product_view,,0,organic,android
2026-06-05 16:24:41,SPB-0103,Санкт-Петербург,visit,,0,referral,android
2026-06-05 16:26:40,SPB-0103,Санкт-Петербург,product_view,,0,referral,android
2026-06-05 16:27:31,EKB-0006,Екатеринбург,product_view,,0,organic,android
2026-06-05 16:30:29,SPB-0135,Санкт-Петербург,visit,,0,referral,android
2026-06-05 16:34:26,EKB-0016,Екатеринбург,visit,,0,organic,android
2026-06-05 16:38:10,EKB-0016,Екатеринбург,product_view,,0,organic,android
2026-06-05 16:40:20,MSK-0136,Москва,visit,,0,ads,android
2026-06-05 16:43:55,MSK-0036,Москва,purchase,ORD-000160,270.00,organic,ios
2026-06-05 16:44:46,SPB-0150,Санкт-Петербург,product_view,,0,referral,ios
2026-06-05 16:45:30,NSK-0005,Новосибирск,product_view,,0,referral,android
2026-06-05 16:45:54,SPB-0032,Санкт-Петербург,visit,,0,organic,android
2026-06-05 16:48:08,SPB-0150,Санкт-Петербург,product_view,,0,referral,ios
2026-06-05 16:48:14,MSK-0173,Москва,visit,,0,organic,android
2026-06-05 16:49:35,KZN-0037,Казань,visit,,0,organic,android
2026-06-05 16:54:20,MSK-0049,Москва,product_view,,0,organic,android
2026-06-05 16:55:27,EKB-0063,Екатеринбург,visit,,0,organic,android
2026-06-05 17:00:13,SPB-0018,Санкт-Петербург,purchase,ORD-000165,310.00,organic,web
2026-06-05 17:00:28,SPB-0032,Санкт-Петербург,product_view,,0,organic,android
2026-06-05 17:06:36,KZN-0037,Казань,product_view,,0,organic,android
2026-06-05 17:12:37,MSK-0173,Москва,product_view,,0,organic,android
2026-06-05 17:13:53,MSK-0220,Москва,visit,,0,organic,android
2026-06-05 17:14:34,SPB-0031,Санкт-Петербург,purchase,ORD-000163,350.00,ads,android
2026-06-05 17:16:04,MSK-0048,Москва,purchase,ORD-000154,320.00,ads,ios
2026-06-05 17:16:43,MSK-0042,Москва,purchase,ORD-000155,440.00,organic,web
2026-06-05 17:19:33,EKB-0016,Екатеринбург,product_view,,0,organic,android
2026-06-05 17:22:55,MSK-0008,Москва,purchase,ORD-000150,760.00,organic,android
2026-06-05 17:24:45,KZN-0051,Казань,visit,,0,organic,ios
2026-06-05 17:24:50,MSK-0232,Москва,visit,,0,organic,ios
2026-06-05 17:29:29,SPB-0004,Санкт-Петербург,visit,,0,ads,android
2026-06-05 17:29:48,MSK-0232,Москва,product_view,,0,organic,ios
2026-06-05 17:30:09,NSK-0060,Новосибирск,visit,,0,ads,web
2026-06-05 17:34:45,KZN-0037,Казань,product_view,,0,organic,android
2026-06-05 17:35:15,EKB-0108,Екатеринбург,visit,,0,organic,android
2026-06-05 17:35:50,KZN-0035,Казань,visit,,0,organic,android
2026-06-05 17:39:35,MSK-0220,Москва,product_view,,0,organic,android
2026-06-05 17:44:03,EKB-0100,Екатеринбург,visit,,0,organic,web
2026-06-05 17:44:17,KZN-0070,Казань,visit,,0,ads,android
2026-06-05 17:48:06,EKB-0108,Екатеринбург,product_view,,0,organic,android
2026-06-05 17:49:36,SPB-0033,Санкт-Петербург,visit,,0,ads,ios
2026-06-05 17:49:42,MSK-0032,Москва,purchase,ORD-000152,190.00,organic,ios
2026-06-05 17:50:38,MSK-0296,Москва,visit,,0,organic,ios
2026-06-05 17:53:28,SPB-0004,Санкт-Петербург,product_view,,0,ads,android
2026-06-05 17:53:59,KZN-0035,Казань,product_view,,0,organic,android
2026-06-05 17:56:25,KZN-0097,Казань,visit,,0,ads,ios
2026-06-05 17:56:26,EKB-0054,Екатеринбург,visit,,0,organic,android
2026-06-05 18:04:57,EKB-0100,Екатеринбург,product_view,,0,organic,web
2026-06-05 18:08:56,MSK-0192,Москва,visit,,0,referral,ios
2026-06-05 18:09:14,KZN-0115,Казань,visit,,0,organic,ios
2026-06-05 18:09:30,EKB-0054,Екатеринбург,product_view,,0,organic,android
2026-06-05 18:10:22,SPB-0033,Санкт-Петербург,product_view,,0,ads,ios
2026-06-05 18:12:12,KZN-0031,Казань,visit,,0,organic,web
2026-06-05 18:12:47,MSK-0296,Москва,product_view,,0,organic,ios
2026-06-05 18:14:56,SPB-0187,Санкт-Петербург,visit,,0,organic,web
2026-06-05 18:15:26,KZN-0097,Казань,product_view,,0,ads,ios
2026-06-05 18:16:23,EKB-0038,Екатеринбург,visit,,0,organic,web
2026-06-05 18:18:47,SPB-0100,Санкт-Петербург,visit,,0,organic,android
2026-06-05 18:19:10,KZN-0025,Казань,visit,,0,organic,android
2026-06-05 18:20:58,EKB-0100,Екатеринбург,product_view,,0,organic,web
2026-06-05 18:21:15,NSK-0014,Новосибирск,visit,,0,organic,ios
2026-06-05 18:21:18,MSK-0075,Москва,visit,,0,referral,android
2026-06-05 18:26:00,MSK-0186,Москва,visit,,0,ads,android
2026-06-05 18:26:14,KZN-0031,Казань,product_view,,0,organic,web
2026-06-05 18:26:15,KZN-0115,Казань,product_view,,0,organic,ios
2026-06-05 18:30:39,MSK-0075,Москва,product_view,,0,referral,android
2026-06-05 18:32:17,SPB-0062,Санкт-Петербург,visit,,0,organic,web
2026-06-05 18:32:21,NSK-0014,Новосибирск,product_view,,0,organic,ios
2026-06-05 18:33:08,KZN-0100,Казань,visit,,0,organic,android
2026-06-05 18:35:26,KZN-0001,Казань,purchase,ORD-000171,380.00,organic,web
2026-06-05 18:35:33,KZN-0085,Казань,visit,,0,organic,ios
2026-06-05 18:36:18,SPB-0062,Санкт-Петербург,product_view,,0,organic,web
2026-06-05 18:36:56,KZN-0100,Казань,product_view,,0,organic,android
2026-06-05 18:37:31,KZN-0097,Казань,product_view,,0,ads,ios
2026-06-05 18:38:32,MSK-0192,Москва,product_view,,0,referral,ios
2026-06-05 18:39:03,KZN-0031,Казань,product_view,,0,organic,web
2026-06-05 18:39:39,KZN-0031,Казань,purchase,ORD-000174,300.00,organic,web
2026-06-05 18:39:50,MSK-0271,Москва,visit,,0,organic,android
2026-06-05 18:41:33,SPB-0182,Санкт-Петербург,visit,,0,referral,android
2026-06-05 18:43:28,NSK-0002,Новосибирск,visit,,0,organic,android
2026-06-05 18:44:38,NSK-0014,Новосибирск,product_view,,0,organic,ios
2026-06-05 18:48:55,KZN-0025,Казань,product_view,,0,organic,android
2026-06-05 18:51:59,EKB-0038,Екатеринбург,product_view,,0,organic,web
2026-06-05 18:53:06,MSK-0252,Москва,visit,,0,organic,android
2026-06-05 18:53:43,MSK-0298,Москва,visit,,0,ads,android
2026-06-05 18:54:06,KZN-0100,Казань,product_view,,0,organic,android
2026-06-05 18:54:34,MSK-0008,Москва,visit,,0,organic,android
2026-06-05 18:59:34,MSK-0212,Москва,visit,,0,organic,android
2026-06-05 19:03:25,MSK-0008,Москва,product_view,,0,organic,android
2026-06-05 19:07:19,KZN-0035,Казань,purchase,ORD-000176,300.00,organic,android
2026-06-05 19:11:56,MSK-0271,Москва,product_view,,0,organic,android
2026-06-05 19:16:31,SPB-0182,Санкт-Петербург,product_view,,0,referral,android
2026-06-05 19:18:31,SPB-0182,Санкт-Петербург,product_view,,0,referral,android
2026-06-05 19:19:30,MSK-0298,Москва,product_view,,0,ads,android
2026-06-05 19:21:00,SPB-0032,Санкт-Петербург,purchase,ORD-000166,220.00,organic,android
2026-06-05 20:07:51,SPB-0004,Санкт-Петербург,purchase,ORD-000167,650.00,ads,android
2026-06-05 20:09:30,MSK-0075,Москва,purchase,ORD-000158,760.00,referral,android
2026-06-05 20:24:14,EKB-0001,Екатеринбург,purchase,ORD-000177,330.00,referral,ios
2026-06-05 20:27:16,MSK-0068,Москва,purchase,ORD-000148,400.00,organic,android
2026-06-05 20:39:32,SPB-0055,Санкт-Петербург,purchase,ORD-000161,220.00,ads,android
2026-06-05 20:55:17,SPB-0025,Санкт-Петербург,purchase,ORD-000168,860.00,ads,ios
2026-06-05 21:03:55,KZN-0031,Казань,purchase,ORD-000175,260.00,organic,web
2026-06-05 21:16:09,SPB-0010,Санкт-Петербург,purchase,ORD-000169,310.00,organic,ios
2026-06-05 21:21:58,SPB-0044,Санкт-Петербург,purchase,ORD-000162,270.00,organic,ios
2026-06-05 21:35:52,EKB-0016,Екатеринбург,purchase,ORD-000182,180.00,organic,android
2026-06-06 02:06:16,TEST-KZN-0126,Казань,purchase,TEST-00126,110.00,test,web
2026-06-06 02:06:35,TEST-KZN-0006,Казань,purchase,TEST-00006,110.00,test,ios
2026-06-06 02:36:02,TEST-KZN-0036,Казань,purchase,TEST-00036,110.00,test,ios
2026-06-06 03:06:17,TEST-KZN-0066,Казань,purchase,TEST-00066,110.00,test,android
2026-06-06 03:36:30,TEST-KZN-0096,Казань,purchase,TEST-00096,110.00,test,ios
2026-06-06 08:00:30,EKB-0042,Екатеринбург,visit,,0,ads,ios
2026-06-06 08:06:12,KZN-0067,Казань,visit,,0,organic,ios
2026-06-06 08:08:59,SPB-0144,Санкт-Петербург,visit,,0,organic,web
2026-06-06 08:10:17,SPB-0045,Санкт-Петербург,visit,,0,organic,ios
2026-06-06 08:12:10,KZN-0067,Казань,product_view,,0,organic,ios
2026-06-06 08:18:26,EKB-0118,Екатеринбург,visit,,0,ads,android
2026-06-06 08:18:37,MSK-0154,Москва,visit,,0,organic,android
2026-06-06 08:20:17,SPB-0144,Санкт-Петербург,product_view,,0,organic,web
2026-06-06 08:20:38,MSK-0154,Москва,product_view,,0,organic,android
2026-06-06 08:20:44,EKB-0087,Екатеринбург,visit,,0,organic,android
2026-06-06 08:32:12,SPB-0045,Санкт-Петербург,product_view,,0,organic,ios
2026-06-06 08:36:42,KZN-0013,Казань,visit,,0,ads,android
2026-06-06 08:38:28,KZN-0136,Казань,visit,,0,ads,ios
2026-06-06 08:39:40,NSK-0051,Новосибирск,visit,,0,ads,android
2026-06-06 08:44:50,SPB-0040,Санкт-Петербург,visit,,0,referral,ios
2026-06-06 08:46:37,NSK-0032,Новосибирск,visit,,0,ads,android
2026-06-06 08:57:55,KZN-0047,Казань,visit,,0,organic,ios
2026-06-06 09:00:38,MSK-0215,Москва,visit,,0,organic,ios
2026-06-06 09:00:54,NSK-0051,Новосибирск,product_view,,0,ads,android
2026-06-06 09:01:30,KZN-0136,Казань,product_view,,0,ads,ios
2026-06-06 09:05:13,KZN-0001,Казань,visit,,0,organic,web
2026-06-06 09:06:59,MSK-0013,Москва,visit,,0,ads,web
2026-06-06 09:09:14,NSK-0016,Новосибирск,visit,,0,referral,android
2026-06-06 09:10:24,MSK-0231,Москва,visit,,0,organic,android
2026-06-06 09:10:42,SPB-0040,Санкт-Петербург,product_view,,0,referral,ios
2026-06-06 09:11:46,MSK-0241,Москва,visit,,0,organic,web
2026-06-06 09:13:25,KZN-0026,Казань,visit,,0,organic,android
2026-06-06 09:13:55,MSK-0141,Москва,visit,,0,ads,android
2026-06-06 09:18:07,EKB-0080,Екатеринбург,visit,,0,organic,web
2026-06-06 09:19:11,MSK-0218,Москва,visit,,0,ads,ios
2026-06-06 09:22:11,SPB-0006,Санкт-Петербург,visit,,0,referral,ios
2026-06-06 09:25:51,KZN-0047,Казань,product_view,,0,organic,ios
2026-06-06 09:26:56,SPB-0026,Санкт-Петербург,visit,,0,organic,android
2026-06-06 09:27:00,SPB-0006,Санкт-Петербург,product_view,,0,referral,ios
2026-06-06 09:27:19,KZN-0026,Казань,product_view,,0,organic,android
2026-06-06 09:27:21,SPB-0018,Санкт-Петербург,visit,,0,organic,web
2026-06-06 09:31:01,MSK-0241,Москва,product_view,,0,organic,web
2026-06-06 09:33:16,KZN-0001,Казань,product_view,,0,organic,web
2026-06-06 09:33:48,MSK-0052,Москва,visit,,0,organic,android
2026-06-06 09:34:35,NSK-0021,Новосибирск,visit,,0,organic,web
2026-06-06 09:36:55,MSK-0141,Москва,product_view,,0,ads,android
2026-06-06 09:36:59,SPB-0006,Санкт-Петербург,product_view,,0,referral,ios
2026-06-06 09:38:17,MSK-0228,Москва,visit,,0,ads,android
2026-06-06 09:39:07,NSK-0021,Новосибирск,product_view,,0,organic,web
2026-06-06 09:40:33,MSK-0138,Москва,visit,,0,ads,android
2026-06-06 09:41:20,MSK-0013,Москва,product_view,,0,ads,web
2026-06-06 09:45:22,MSK-0180,Москва,visit,,0,organic,ios
2026-06-06 09:46:07,EKB-0071,Екатеринбург,visit,,0,organic,web
2026-06-06 09:48:40,EKB-0071,Екатеринбург,product_view,,0,organic,web
2026-06-06 09:48:47,MSK-0218,Москва,product_view,,0,ads,ios
2026-06-06 09:49:15,MSK-0172,Москва,visit,,0,organic,ios
2026-06-06 09:52:30,NSK-0008,Новосибирск,visit,,0,organic,android
2026-06-06 09:53:20,MSK-0052,Москва,product_view,,0,organic,android
2026-06-06 09:57:55,KZN-0138,Казань,visit,,0,organic,web
2026-06-06 09:58:02,MSK-0172,Москва,product_view,,0,organic,ios
2026-06-06 10:03:53,MSK-0295,Москва,visit,,0,organic,android
2026-06-06 10:04:00,MSK-0180,Москва,product_view,,0,organic,ios
2026-06-06 10:06:03,MSK-0228,Москва,product_view,,0,ads,android
2026-06-06 10:07:07,EKB-0016,Екатеринбург,purchase,ORD-000219,370.00,organic,android
2026-06-06 10:07:47,SPB-0082,Санкт-Петербург,visit,,0,referral,web
2026-06-06 10:12:52,NSK-0008,Новосибирск,product_view,,0,organic,android
2026-06-06 10:13:57,MSK-0062,Москва,visit,,0,organic,android
2026-06-06 10:14:35,EKB-0003,Екатеринбург,purchase,ORD-000221,290.00,organic,android
2026-06-06 10:18:39,MSK-0016,Москва,visit,,0,ads,ios
2026-06-06 10:20:48,KZN-0138,Казань,product_view,,0,organic,web
2026-06-06 10:21:10,MSK-0140,Москва,visit,,0,organic,ios
2026-06-06 10:22:51,KZN-0046,Казань,visit,,0,ads,android
2026-06-06 10:23:32,MSK-0016,Москва,product_view,,0,ads,ios
2026-06-06 10:27:23,EKB-0115,Екатеринбург,visit,,0,organic,android
2026-06-06 10:29:47,KZN-0026,Казань,purchase,ORD-000213,840.00,organic,android
2026-06-06 10:31:06,MSK-0016,Москва,product_view,,0,ads,ios
2026-06-06 10:32:32,SPB-0082,Санкт-Петербург,product_view,,0,referral,web
2026-06-06 10:33:30,SPB-0046,Санкт-Петербург,visit,,0,organic,android
2026-06-06 10:34:23,MSK-0062,Москва,product_view,,0,organic,android
2026-06-06 10:35:26,EKB-0063,Екатеринбург,visit,,0,organic,android
2026-06-06 10:39:07,EKB-0008,Екатеринбург,visit,,0,organic,android
2026-06-06 10:45:13,EKB-0008,Екатеринбург,product_view,,0,organic,android
2026-06-06 10:46:14,MSK-0263,Москва,visit,,0,organic,android
2026-06-06 10:47:02,MSK-0002,Москва,visit,,0,organic,android
2026-06-06 10:47:25,MSK-0020,Москва,purchase,ORD-000193,440.00,ads,android
2026-06-06 10:50:31,KZN-0053,Казань,visit,,0,organic,ios
2026-06-06 10:51:05,EKB-0077,Екатеринбург,visit,,0,ads,ios
2026-06-06 10:52:40,KZN-0002,Казань,visit,,0,ads,android
2026-06-06 10:54:01,MSK-0140,Москва,product_view,,0,organic,ios
2026-06-06 10:55:15,MSK-0064,Москва,visit,,0,ads,ios
2026-06-06 10:57:23,NSK-0011,Новосибирск,visit,,0,organic,ios
2026-06-06 11:01:06,KZN-0007,Казань,purchase,ORD-000214,720.00,ads,android
2026-06-06 11:01:42,KZN-0053,Казань,product_view,,0,organic,ios
2026-06-06 11:03:36,EKB-0077,Екатеринбург,product_view,,0,ads,ios
2026-06-06 11:04:24,MSK-0047,Москва,purchase,ORD-000187,270.00,organic,ios
2026-06-06 11:05:06,SPB-0190,Санкт-Петербург,visit,,0,ads,ios
2026-06-06 11:05:09,MSK-0027,Москва,visit,,0,organic,web
2026-06-06 11:07:56,MSK-0076,Москва,visit,,0,organic,web
2026-06-06 11:14:22,SPB-0162,Санкт-Петербург,visit,,0,organic,ios
2026-06-06 11:19:05,MSK-0029,Москва,visit,,0,ads,ios
2026-06-06 11:20:37,EKB-0008,Екатеринбург,product_view,,0,organic,android
2026-06-06 11:20:50,NSK-0078,Новосибирск,visit,,0,organic,web
2026-06-06 11:21:10,SPB-0190,Санкт-Петербург,product_view,,0,ads,ios
2026-06-06 11:21:19,KZN-0002,Казань,product_view,,0,ads,android
2026-06-06 11:21:29,MSK-0263,Москва,product_view,,0,organic,android
2026-06-06 11:22:43,MSK-0263,Москва,product_view,,0,organic,android
2026-06-06 11:24:58,NSK-0005,Новосибирск,visit,,0,referral,android
2026-06-06 11:25:11,MSK-0027,Москва,product_view,,0,organic,web
2026-06-06 11:25:53,MSK-0029,Москва,product_view,,0,ads,ios
2026-06-06 11:29:43,SPB-0189,Санкт-Петербург,visit,,0,organic,android
2026-06-06 11:30:45,SPB-0143,Санкт-Петербург,visit,,0,organic,android
2026-06-06 11:32:11,MSK-0027,Москва,purchase,ORD-000189,230.00,organic,web
2026-06-06 11:36:54,KZN-0002,Казань,product_view,,0,ads,android
2026-06-06 11:38:20,SPB-0162,Санкт-Петербург,product_view,,0,organic,ios
2026-06-06 11:39:16,MSK-0047,Москва,purchase,ORD-000188,670.00,organic,ios
2026-06-06 11:43:00,MSK-0076,Москва,product_view,,0,organic,web
2026-06-06 11:47:51,NSK-0078,Новосибирск,product_view,,0,organic,web
2026-06-06 11:49:48,KZN-0011,Казань,visit,,0,ads,android
2026-06-06 11:53:12,SPB-0074,Санкт-Петербург,visit,,0,ads,ios
2026-06-06 11:57:46,NSK-0005,Новосибирск,product_view,,0,referral,android
2026-06-06 11:58:26,EKB-0088,Екатеринбург,visit,,0,referral,android
2026-06-06 11:59:42,SPB-0052,Санкт-Петербург,purchase,ORD-000208,570.00,organic,android
2026-06-06 12:01:10,SPB-0143,Санкт-Петербург,product_view,,0,organic,android
2026-06-06 12:01:50,SPB-0197,Санкт-Петербург,visit,,0,organic,android
2026-06-06 12:02:26,NSK-0091,Новосибирск,visit,,0,organic,web
2026-06-06 12:03:53,EKB-0008,Екатеринбург,purchase,ORD-000220,250.00,organic,android
2026-06-06 12:04:02,SPB-0189,Санкт-Петербург,product_view,,0,organic,android
2026-06-06 12:04:10,MSK-0036,Москва,visit,,0,organic,ios
2026-06-06 12:05:55,NSK-0091,Новосибирск,product_view,,0,organic,web
2026-06-06 12:11:10,KZN-0011,Казань,product_view,,0,ads,android
2026-06-06 12:14:08,SPB-0063,Санкт-Петербург,visit,,0,organic,android
2026-06-06 12:15:22,SPB-0197,Санкт-Петербург,product_view,,0,organic,android
2026-06-06 12:17:30,MSK-0209,Москва,visit,,0,organic,web
2026-06-06 12:17:53,EKB-0088,Екатеринбург,product_view,,0,referral,android
2026-06-06 12:23:58,NSK-0077,Новосибирск,visit,,0,ads,ios
2026-06-06 12:25:01,MSK-0036,Москва,product_view,,0,organic,ios
2026-06-06 12:26:51,SPB-0074,Санкт-Петербург,product_view,,0,ads,ios
2026-06-06 12:27:46,SPB-0063,Санкт-Петербург,product_view,,0,organic,android
2026-06-06 12:29:57,MSK-0036,Москва,product_view,,0,organic,ios
2026-06-06 12:31:00,KZN-0011,Казань,product_view,,0,ads,android
2026-06-06 12:32:12,SPB-0170,Санкт-Петербург,visit,,0,organic,ios
2026-06-06 12:33:02,SPB-0033,Санкт-Петербург,purchase,ORD-000204,390.00,ads,ios
2026-06-06 12:33:28,SPB-0017,Санкт-Петербург,purchase,ORD-000207,980.00,organic,web
2026-06-06 12:35:19,MSK-0156,Москва,visit,,0,ads,android
2026-06-06 12:36:10,MSK-0209,Москва,product_view,,0,organic,web
2026-06-06 12:38:35,MSK-0122,Москва,visit,,0,organic,android
2026-06-06 12:44:55,MSK-0133,Москва,visit,,0,organic,android
2026-06-06 12:47:44,MSK-0203,Москва,visit,,0,referral,android
2026-06-06 12:48:51,NSK-0077,Новосибирск,product_view,,0,ads,ios
2026-06-06 12:49:01,KZN-0107,Казань,visit,,0,organic,web
2026-06-06 12:51:16,KZN-0029,Казань,visit,,0,ads,ios
2026-06-06 12:55:44,KZN-0009,Казань,visit,,0,organic,android
2026-06-06 12:56:16,KZN-0079,Казань,visit,,0,ads,ios
2026-06-06 13:04:30,KZN-0131,Казань,visit,,0,organic,android
2026-06-06 13:04:42,KZN-0107,Казань,product_view,,0,organic,web
2026-06-06 13:11:40,MSK-0133,Москва,product_view,,0,organic,android
2026-06-06 13:12:21,NSK-0019,Новосибирск,purchase,ORD-000225,330.00,ads,web
2026-06-06 13:12:47,MSK-0026,Москва,visit,,0,ads,android
2026-06-06 13:15:20,MSK-0062,Москва,purchase,ORD-000200,270.00,organic,android
2026-06-06 13:16:08,NSK-0014,Новосибирск,visit,,0,organic,ios
2026-06-06 13:19:32,NSK-0046,Новосибирск,visit,,0,organic,android
2026-06-06 13:21:04,KZN-0079,Казань,product_view,,0,ads,ios
2026-06-06 13:22:35,SPB-0187,Санкт-Петербург,visit,,0,organic,web
2026-06-06 13:22:57,MSK-0075,Москва,visit,,0,referral,android
2026-06-06 13:25:45,MSK-0026,Москва,product_view,,0,ads,android
2026-06-06 13:26:19,NSK-0010,Новосибирск,visit,,0,ads,ios
2026-06-06 13:27:09,MSK-0026,Москва,product_view,,0,ads,android
2026-06-06 13:31:59,NSK-0010,Новосибирск,product_view,,0,ads,ios
2026-06-06 13:34:14,MSK-0088,Москва,visit,,0,organic,android
2026-06-06 13:40:11,KZN-0011,Казань,purchase,ORD-000212,260.00,ads,android
2026-06-06 13:41:19,MSK-0075,Москва,purchase,ORD-000192,360.00,referral,android
2026-06-06 13:41:48,SPB-0121,Санкт-Петербург,visit,,0,organic,web
2026-06-06 13:44:36,NSK-0014,Новосибирск,product_view,,0,organic,ios
2026-06-06 13:46:06,SPB-0185,Санкт-Петербург,visit,,0,organic,android
2026-06-06 13:48:11,SPB-0052,Санкт-Петербург,visit,,0,organic,android
2026-06-06 13:49:04,MSK-0075,Москва,product_view,,0,referral,android
2026-06-06 13:50:20,SPB-0032,Санкт-Петербург,visit,,0,organic,android
2026-06-06 13:51:31,KZN-0096,Казань,visit,,0,referral,ios
2026-06-06 13:51:32,MSK-0107,Москва,visit,,0,organic,android
2026-06-06 13:52:31,MSK-0018,Москва,visit,,0,ads,android
2026-06-06 13:53:23,SPB-0140,Санкт-Петербург,visit,,0,ads,web
2026-06-06 14:00:43,MSK-0243,Москва,visit,,0,organic,ios
2026-06-06 14:01:13,EKB-0002,Екатеринбург,purchase,ORD-000217,180.00,organic,android
2026-06-06 14:02:08,KZN-0011,Казань,purchase,ORD-000211,260.00,ads,android
2026-06-06 14:02:32,SPB-0032,Санкт-Петербург,product_view,,0,organic,android
2026-06-06 14:02:45,EKB-0048,Екатеринбург,visit,,0,ads,android
2026-06-06 14:03:21,SPB-0002,Санкт-Петербург,visit,,0,referral,android
2026-06-06 14:04:12,SPB-0052,Санкт-Петербург,product_view,,0,organic,android
2026-06-06 14:04:26,NSK-0010,Новосибирск,product_view,,0,ads,ios
2026-06-06 14:05:08,SPB-0119,Санкт-Петербург,visit,,0,organic,android
2026-06-06 14:07:09,MSK-0170,Москва,visit,,0,referral,web
2026-06-06 14:09:16,SPB-0119,Санкт-Петербург,product_view,,0,organic,android
2026-06-06 14:09:18,SPB-0002,Санкт-Петербург,product_view,,0,referral,android
2026-06-06 14:09:41,MSK-0170,Москва,product_view,,0,referral,web
2026-06-06 14:11:14,SPB-0032,Санкт-Петербург,product_view,,0,organic,android
2026-06-06 14:11:41,KZN-0042,Казань,visit,,0,organic,ios
2026-06-06 14:13:45,SPB-0052,Санкт-Петербург,product_view,,0,organic,android
2026-06-06 14:15:12,NSK-0019,Новосибирск,visit,,0,ads,web
2026-06-06 14:15:32,SPB-0140,Санкт-Петербург,product_view,,0,ads,web
2026-06-06 14:17:33,KZN-0042,Казань,product_view,,0,organic,ios
2026-06-06 14:17:46,SPB-0180,Санкт-Петербург,visit,,0,referral,ios
2026-06-06 14:19:55,MSK-0039,Москва,visit,,0,referral,android
2026-06-06 14:19:56,SPB-0221,Санкт-Петербург,visit,,0,ads,android
2026-06-06 14:20:58,NSK-0019,Новосибирск,product_view,,0,ads,web
2026-06-06 14:23:02,EKB-0048,Екатеринбург,product_view,,0,ads,android
2026-06-06 14:26:58,SPB-0139,Санкт-Петербург,visit,,0,ads,android
2026-06-06 14:27:13,MSK-0184,Москва,visit,,0,organic,web
2026-06-06 14:28:21,SPB-0221,Санкт-Петербург,product_view,,0,ads,android
2026-06-06 14:29:03,EKB-0083,Екатеринбург,visit,,0,ads,android
2026-06-06 14:30:55,SPB-0180,Санкт-Петербург,product_view,,0,referral,ios
2026-06-06 14:33:32,EKB-0102,Екатеринбург,visit,,0,organic,web
2026-06-06 14:37:16,SPB-0002,Санкт-Петербург,product_view,,0,referral,android
2026-06-06 14:37:24,SPB-0139,Санкт-Петербург,product_view,,0,ads,android
2026-06-06 14:38:50,MSK-0039,Москва,product_view,,0,referral,android
2026-06-06 14:40:58,MSK-0144,Москва,visit,,0,organic,android
2026-06-06 14:41:54,MSK-0054,Москва,visit,,0,organic,android
2026-06-06 14:43:05,KZN-0103,Казань,visit,,0,organic,web
2026-06-06 14:45:23,KZN-0007,Казань,visit,,0,ads,android
2026-06-06 14:45:50,SPB-0014,Санкт-Петербург,visit,,0,organic,web
2026-06-06 14:47:44,SPB-0020,Санкт-Петербург,visit,,0,ads,ios
2026-06-06 14:49:35,SPB-0223,Санкт-Петербург,visit,,0,organic,ios
2026-06-06 14:49:59,KZN-0007,Казань,product_view,,0,ads,android
2026-06-06 14:50:06,KZN-0010,Казань,visit,,0,ads,android
2026-06-06 14:52:45,MSK-0047,Москва,visit,,0,organic,ios
2026-06-06 14:52:54,SPB-0064,Санкт-Петербург,visit,,0,organic,ios
2026-06-06 14:52:56,SPB-0020,Санкт-Петербург,product_view,,0,ads,ios
2026-06-06 14:53:20,SPB-0014,Санкт-Петербург,product_view,,0,organic,web
2026-06-06 14:56:36,NSK-0019,Новосибирск,product_view,,0,ads,web
2026-06-06 14:59:15,KZN-0010,Казань,product_view,,0,ads,android
2026-06-06 15:00:46,SPB-0079,Санкт-Петербург,visit,,0,ads,android
2026-06-06 15:01:03,EKB-0083,Екатеринбург,product_view,,0,ads,android
2026-06-06 15:01:04,EKB-0051,Екатеринбург,visit,,0,ads,android
2026-06-06 15:01:44,EKB-0083,Екатеринбург,product_view,,0,ads,android
2026-06-06 15:01:57,MSK-0047,Москва,product_view,,0,organic,ios
2026-06-06 15:07:05,MSK-0130,Москва,visit,,0,organic,ios
2026-06-06 15:07:44,MSK-0054,Москва,product_view,,0,organic,android
2026-06-06 15:10:22,KZN-0103,Казань,product_view,,0,organic,web
2026-06-06 15:10:28,EKB-0101,Екатеринбург,visit,,0,organic,android
2026-06-06 15:11:29,SPB-0079,Санкт-Петербург,product_view,,0,ads,android
2026-06-06 15:12:08,SPB-0014,Санкт-Петербург,purchase,ORD-000206,350.00,organic,web
2026-06-06 15:12:42,MSK-0056,Москва,visit,,0,organic,android
2026-06-06 15:14:08,MSK-0128,Москва,visit,,0,organic,android
2026-06-06 15:15:51,KZN-0060,Казань,visit,,0,referral,android
2026-06-06 15:17:40,SPB-0007,Санкт-Петербург,visit,,0,organic,web
2026-06-06 15:18:54,MSK-0056,Москва,product_view,,0,organic,android
2026-06-06 15:21:39,KZN-0078,Казань,visit,,0,organic,web
2026-06-06 15:22:06,SPB-0198,Санкт-Петербург,visit,,0,referral,ios
2026-06-06 15:23:34,KZN-0007,Казань,product_view,,0,ads,android
2026-06-06 15:23:43,SPB-0155,Санкт-Петербург,visit,,0,ads,android
2026-06-06 15:24:10,SPB-0016,Санкт-Петербург,visit,,0,referral,ios
2026-06-06 15:24:26,MSK-0108,Москва,visit,,0,organic,ios
2026-06-06 15:26:52,MSK-0137,Москва,visit,,0,referral,android
2026-06-06 15:27:37,SPB-0109,Санкт-Петербург,visit,,0,organic,android
2026-06-06 15:30:45,NSK-0002,Новосибирск,visit,,0,organic,android
2026-06-06 15:33:20,MSK-0108,Москва,product_view,,0,organic,ios
2026-06-06 15:33:24,MSK-0056,Москва,product_view,,0,organic,android
2026-06-06 15:33:53,NSK-0002,Новосибирск,product_view,,0,organic,android
2026-06-06 15:33:55,MSK-0256,Москва,visit,,0,organic,web
2026-06-06 15:34:15,SPB-0155,Санкт-Петербург,product_view,,0,ads,android
2026-06-06 15:34:41,MSK-0020,Москва,visit,,0,ads,android
2026-06-06 15:35:34,EKB-0016,Екатеринбург,visit,,0,organic,android
2026-06-06 15:35:35,MSK-0128,Москва,product_view,,0,organic,android
2026-06-06 15:35:37,SPB-0007,Санкт-Петербург,product_view,,0,organic,web
2026-06-06 15:35:45,MSK-0126,Москва,visit,,0,organic,ios
2026-06-06 15:39:14,KZN-0078,Казань,product_view,,0,organic,web
2026-06-06 15:42:58,SPB-0155,Санкт-Петербург,product_view,,0,ads,android
2026-06-06 15:43:43,NSK-0013,Новосибирск,visit,,0,ads,web
2026-06-06 15:47:54,KZN-0133,Казань,visit,,0,referral,android
2026-06-06 15:48:25,MSK-0044,Москва,visit,,0,organic,ios
2026-06-06 15:48:33,MSK-0266,Москва,visit,,0,organic,ios
2026-06-06 15:48:36,MSK-0199,Москва,visit,,0,organic,android
2026-06-06 15:48:36,EKB-0079,Екатеринбург,visit,,0,organic,web
2026-06-06 15:49:11,SPB-0109,Санкт-Петербург,product_view,,0,organic,android
2026-06-06 15:49:52,MSK-0256,Москва,product_view,,0,organic,web
2026-06-06 15:50:45,SPB-0016,Санкт-Петербург,product_view,,0,referral,ios
2026-06-06 15:51:03,MSK-0137,Москва,product_view,,0,referral,android
2026-06-06 15:52:03,MSK-0020,Москва,product_view,,0,ads,android
2026-06-06 15:53:59,MSK-0199,Москва,product_view,,0,organic,android
2026-06-06 15:54:27,EKB-0045,Екатеринбург,visit,,0,organic,web
2026-06-06 15:55:05,MSK-0050,Москва,visit,,0,organic,ios
2026-06-06 15:55:36,MSK-0043,Москва,visit,,0,referral,android
2026-06-06 15:58:49,NSK-0013,Новосибирск,product_view,,0,ads,web
2026-06-06 15:59:16,KZN-0101,Казань,visit,,0,referral,ios
2026-06-06 16:00:37,SPB-0031,Санкт-Петербург,visit,,0,ads,android
2026-06-06 16:02:26,NSK-0013,Новосибирск,product_view,,0,ads,web
2026-06-06 16:02:39,KZN-0101,Казань,product_view,,0,referral,ios
2026-06-06 16:03:13,EKB-0003,Екатеринбург,visit,,0,organic,android
2026-06-06 16:04:50,KZN-0001,Казань,purchase,ORD-000215,220.00,organic,web
2026-06-06 16:06:54,NSK-0002,Новосибирск,product_view,,0,organic,android
2026-06-06 16:07:18,EKB-0021,Екатеринбург,visit,,0,organic,android
2026-06-06 16:08:38,MSK-0123,Москва,visit,,0,organic,android
2026-06-06 16:08:45,MSK-0285,Москва,visit,,0,organic,ios
2026-06-06 16:09:02,EKB-0016,Екатеринбург,product_view,,0,organic,android
2026-06-06 16:09:25,MSK-0043,Москва,product_view,,0,referral,android
2026-06-06 16:11:17,KZN-0133,Казань,product_view,,0,referral,android
2026-06-06 16:13:45,KZN-0071,Казань,visit,,0,organic,android
2026-06-06 16:14:27,EKB-0003,Екатеринбург,product_view,,0,organic,android
2026-06-06 16:15:14,MSK-0055,Москва,visit,,0,ads,android
2026-06-06 16:15:21,EKB-0021,Екатеринбург,product_view,,0,organic,android
2026-06-06 16:16:05,MSK-0080,Москва,visit,,0,ads,ios
2026-06-06 16:16:39,MSK-0044,Москва,product_view,,0,organic,ios
2026-06-06 16:16:58,EKB-0045,Екатеринбург,product_view,,0,organic,web
2026-06-06 16:17:03,MSK-0050,Москва,product_view,,0,organic,ios
2026-06-06 16:18:05,SPB-0181,Санкт-Петербург,visit,,0,referral,web
2026-06-06 16:19:32,SPB-0193,Санкт-Петербург,visit,,0,organic,web
2026-06-06 16:19:38,SPB-0045,Санкт-Петербург,purchase,ORD-000209,390.00,organic,ios
2026-06-06 16:21:20,KZN-0004,Казань,purchase,ORD-000216,260.00,organic,android
2026-06-06 16:26:37,MSK-0050,Москва,product_view,,0,organic,ios
2026-06-06 16:27:42,MSK-0252,Москва,visit,,0,organic,android
2026-06-06 16:27:49,MSK-0044,Москва,product_view,,0,organic,ios
2026-06-06 16:29:57,SPB-0053,Санкт-Петербург,visit,,0,organic,android
2026-06-06 16:30:49,KZN-0004,Казань,visit,,0,organic,android
2026-06-06 16:31:03,SPB-0159,Санкт-Петербург,visit,,0,ads,ios
2026-06-06 16:31:25,MSK-0283,Москва,visit,,0,ads,ios
2026-06-06 16:32:44,SPB-0030,Санкт-Петербург,visit,,0,ads,android
2026-06-06 16:34:19,SPB-0159,Санкт-Петербург,product_view,,0,ads,ios
2026-06-06 16:40:11,SPB-0025,Санкт-Петербург,visit,,0,ads,ios
2026-06-06 16:40:16,MSK-0187,Москва,visit,,0,organic,web
2026-06-06 16:41:40,SPB-0053,Санкт-Петербург,product_view,,0,organic,android
2026-06-06 16:45:50,NSK-0010,Новосибирск,purchase,ORD-000222,290.00,ads,ios
2026-06-06 16:46:04,EKB-0003,Екатеринбург,product_view,,0,organic,android
2026-06-06 16:46:33,SPB-0181,Санкт-Петербург,product_view,,0,referral,web
2026-06-06 16:46:59,KZN-0004,Казань,product_view,,0,organic,android
2026-06-06 16:47:50,KZN-0094,Казань,visit,,0,organic,android
2026-06-06 16:48:17,EKB-0021,Екатеринбург,product_view,,0,organic,android
2026-06-06 16:55:39,MSK-0039,Москва,purchase,ORD-000197,230.00,referral,android
2026-06-06 16:57:15,NSK-0075,Новосибирск,visit,,0,organic,web
2026-06-06 16:59:17,MSK-0118,Москва,visit,,0,organic,android
2026-06-06 16:59:22,KZN-0004,Казань,product_view,,0,organic,android
2026-06-06 17:01:39,SPB-0025,Санкт-Петербург,product_view,,0,ads,ios
2026-06-06 17:03:29,SPB-0017,Санкт-Петербург,visit,,0,organic,web
2026-06-06 17:11:25,SPB-0029,Санкт-Петербург,purchase,ORD-000201,180.00,referral,ios
2026-06-06 17:12:22,NSK-0075,Новосибирск,product_view,,0,organic,web
2026-06-06 17:12:41,SPB-0033,Санкт-Петербург,visit,,0,ads,ios
2026-06-06 17:14:55,SPB-0017,Санкт-Петербург,product_view,,0,organic,web
2026-06-06 17:17:32,SPB-0017,Санкт-Петербург,product_view,,0,organic,web
2026-06-06 17:19:40,EKB-0002,Екатеринбург,visit,,0,organic,android
2026-06-06 17:21:17,EKB-0019,Екатеринбург,visit,,0,ads,android
2026-06-06 17:25:03,MSK-0042,Москва,visit,,0,organic,web
2026-06-06 17:25:48,KZN-0008,Казань,visit,,0,organic,android
2026-06-06 17:27:34,SPB-0033,Санкт-Петербург,product_view,,0,ads,ios
2026-06-06 17:29:35,MSK-0095,Москва,visit,,0,ads,ios
2026-06-06 17:30:03,SPB-0126,Санкт-Петербург,visit,,0,organic,ios
2026-06-06 17:30:10,EKB-0002,Екатеринбург,product_view,,0,organic,android
2026-06-06 17:30:23,MSK-0197,Москва,visit,,0,ads,android
2026-06-06 17:32:51,EKB-0019,Екатеринбург,product_view,,0,ads,android
2026-06-06 17:34:09,SPB-0033,Санкт-Петербург,product_view,,0,ads,ios
2026-06-06 17:34:46,MSK-0053,Москва,visit,,0,organic,ios
2026-06-06 17:35:04,SPB-0087,Санкт-Петербург,visit,,0,organic,web
2026-06-06 17:35:08,EKB-0047,Екатеринбург,visit,,0,ads,android
2026-06-06 17:36:59,KZN-0077,Казань,visit,,0,ads,web
2026-06-06 17:38:26,KZN-0037,Казань,visit,,0,organic,android
2026-06-06 17:38:52,NSK-0056,Новосибирск,visit,,0,ads,android
2026-06-06 17:39:17,MSK-0001,Москва,visit,,0,organic,web
2026-06-06 17:40:38,EKB-0074,Екатеринбург,visit,,0,referral,ios
2026-06-06 17:43:01,NSK-0043,Новосибирск,visit,,0,referral,web
2026-06-06 17:47:52,SPB-0087,Санкт-Петербург,product_view,,0,organic,web
2026-06-06 17:48:32,MSK-0197,Москва,product_view,,0,ads,android
2026-06-06 17:49:00,KZN-0037,Казань,product_view,,0,organic,android
2026-06-06 17:49:58,KZN-0106,Казань,visit,,0,organic,ios
2026-06-06 17:50:12,KZN-0077,Казань,product_view,,0,ads,web
2026-06-06 17:53:50,KZN-0106,Казань,product_view,,0,organic,ios
2026-06-06 17:56:36,NSK-0088,Новосибирск,visit,,0,organic,web
2026-06-06 17:57:01,MSK-0197,Москва,product_view,,0,ads,android
2026-06-06 17:58:34,NSK-0020,Новосибирск,visit,,0,organic,android
2026-06-06 18:00:51,KZN-0008,Казань,product_view,,0,organic,android
2026-06-06 18:01:29,MSK-0053,Москва,product_view,,0,organic,ios
2026-06-06 18:02:25,MSK-0095,Москва,product_view,,0,ads,ios
2026-06-06 18:03:24,MSK-0183,Москва,visit,,0,referral,android
2026-06-06 18:04:23,MSK-0001,Москва,product_view,,0,organic,web
2026-06-06 18:05:28,EKB-0110,Екатеринбург,visit,,0,organic,web
2026-06-06 18:06:47,SPB-0029,Санкт-Петербург,visit,,0,referral,ios
2026-06-06 18:07:26,KZN-0008,Казань,product_view,,0,organic,android
2026-06-06 18:07:46,SPB-0178,Санкт-Петербург,visit,,0,referral,web
2026-06-06 18:08:01,SPB-0087,Санкт-Петербург,product_view,,0,organic,web
2026-06-06 18:09:13,MSK-0183,Москва,product_view,,0,referral,android
2026-06-06 18:12:39,NSK-0056,Новосибирск,product_view,,0,ads,android
2026-06-06 18:15:03,SPB-0029,Санкт-Петербург,product_view,,0,referral,ios
2026-06-06 18:19:02,KZN-0048,Казань,visit,,0,organic,ios
2026-06-06 18:22:28,MSK-0052,Москва,purchase,ORD-000196,190.00,organic,android
2026-06-06 18:24:00,SPB-0176,Санкт-Петербург,visit,,0,organic,ios
2026-06-06 18:25:31,EKB-0110,Екатеринбург,product_view,,0,organic,web
2026-06-06 18:25:35,KZN-0048,Казань,product_view,,0,organic,ios
2026-06-06 18:27:26,SPB-0178,Санкт-Петербург,product_view,,0,referral,web
2026-06-06 18:30:13,NSK-0024,Новосибирск,visit,,0,organic,android
2026-06-06 18:30:32,EKB-0019,Екатеринбург,purchase,ORD-000218,550.00,ads,android
2026-06-06 18:30:49,NSK-0058,Новосибирск,visit,,0,ads,android
2026-06-06 18:31:01,SPB-0178,Санкт-Петербург,product_view,,0,referral,web
2026-06-06 18:31:24,NSK-0013,Новосибирск,purchase,ORD-000223,170.00,ads,web
2026-06-06 18:37:05,EKB-0078,Екатеринбург,visit,,0,referral,android
2026-06-06 18:37:16,EKB-0050,Екатеринбург,visit,,0,organic,ios
2026-06-06 18:38:50,MSK-0155,Москва,visit,,0,organic,android
2026-06-06 18:41:46,SPB-0137,Санкт-Петербург,visit,,0,referral,android
2026-06-06 18:41:55,MSK-0061,Москва,visit,,0,organic,android
2026-06-06 18:43:43,SPB-0137,Санкт-Петербург,product_view,,0,referral,android
2026-06-06 18:45:00,SPB-0006,Санкт-Петербург,purchase,ORD-000202,570.00,referral,ios
2026-06-06 18:46:29,EKB-0100,Екатеринбург,visit,,0,organic,web
2026-06-06 18:47:45,MSK-0245,Москва,visit,,0,referral,android
2026-06-06 18:50:08,NSK-0058,Новосибирск,product_view,,0,ads,android
2026-06-06 18:51:12,MSK-0036,Москва,purchase,ORD-000190,270.00,organic,ios
2026-06-06 18:52:06,EKB-0100,Екатеринбург,product_view,,0,organic,web
2026-06-06 18:52:31,SPB-0032,Санкт-Петербург,purchase,ORD-000203,650.00,organic,android
2026-06-06 18:52:45,MSK-0059,Москва,visit,,0,organic,ios
2026-06-06 18:56:41,NSK-0058,Новосибирск,product_view,,0,ads,android
2026-06-06 18:58:08,NSK-0048,Новосибирск,visit,,0,organic,web
2026-06-06 18:58:37,KZN-0010,Казань,purchase,ORD-000210,180.00,ads,android
2026-06-06 18:59:47,SPB-0041,Санкт-Петербург,visit,,0,ads,web
2026-06-06 19:04:07,NSK-0024,Новосибирск,product_view,,0,organic,android
2026-06-06 19:09:11,SPB-0041,Санкт-Петербург,product_view,,0,ads,web
2026-06-06 19:12:45,MSK-0061,Москва,product_view,,0,organic,android
2026-06-06 19:13:18,NSK-0024,Новосибирск,product_view,,0,organic,android
2026-06-06 19:27:46,MSK-0059,Москва,product_view,,0,organic,ios
2026-06-06 19:48:52,MSK-0001,Москва,purchase,ORD-000199,230.00,organic,web
2026-06-06 20:14:59,MSK-0044,Москва,purchase,ORD-000198,270.00,organic,ios
2026-06-06 20:26:06,SPB-0007,Санкт-Петербург,purchase,ORD-000205,650.00,organic,web
2026-06-06 20:31:01,NSK-0024,Новосибирск,purchase,ORD-000224,360.00,organic,android
2026-06-06 21:25:17,MSK-0026,Москва,purchase,ORD-000194,400.00,ads,android
2026-06-06 21:36:30,MSK-0050,Москва,purchase,ORD-000191,230.00,organic,ios
2026-06-06 21:55:28,MSK-0054,Москва,purchase,ORD-000195,230.00,organic,android
2026-06-07 02:07:38,TEST-KZN-0007,Казань,purchase,TEST-00007,120.00,test,web
2026-06-07 02:07:40,TEST-KZN-0127,Казань,purchase,TEST-00127,120.00,test,ios
2026-06-07 02:37:33,TEST-KZN-0037,Казань,purchase,TEST-00037,120.00,test,android
2026-06-07 03:07:22,TEST-KZN-0067,Казань,purchase,TEST-00067,120.00,test,android
2026-06-07 03:37:37,TEST-KZN-0097,Казань,purchase,TEST-00097,120.00,test,android
2026-06-07 08:00:06,KZN-0072,Казань,visit,,0,organic,web
2026-06-07 08:06:06,NSK-0071,Новосибирск,visit,,0,ads,android
2026-06-07 08:11:01,KZN-0072,Казань,product_view,,0,organic,web
2026-06-07 08:11:57,MSK-0127,Москва,visit,,0,ads,web
2026-06-07 08:14:49,NSK-0071,Новосибирск,product_view,,0,ads,android
2026-06-07 08:15:56,EKB-0070,Екатеринбург,visit,,0,organic,android
2026-06-07 08:16:22,MSK-0129,Москва,visit,,0,ads,ios
2026-06-07 08:17:52,NSK-0008,Новосибирск,visit,,0,organic,android
2026-06-07 08:22:43,NSK-0008,Новосибирск,product_view,,0,organic,android
2026-06-07 08:23:29,EKB-0017,Екатеринбург,visit,,0,organic,web
2026-06-07 08:34:21,EKB-0017,Екатеринбург,product_view,,0,organic,web
2026-06-07 08:39:11,NSK-0008,Новосибирск,product_view,,0,organic,android
2026-06-07 08:45:07,MSK-0129,Москва,product_view,,0,ads,ios
2026-06-07 08:45:27,KZN-0019,Казань,visit,,0,organic,web
2026-06-07 09:01:55,KZN-0092,Казань,visit,,0,organic,android
2026-06-07 09:05:04,EKB-0104,Екатеринбург,visit,,0,organic,web
2026-06-07 09:05:09,KZN-0019,Казань,product_view,,0,organic,web
2026-06-07 09:05:13,MSK-0258,Москва,visit,,0,organic,android
2026-06-07 09:08:52,KZN-0092,Казань,product_view,,0,organic,android
2026-06-07 09:12:32,SPB-0177,Санкт-Петербург,visit,,0,ads,ios
2026-06-07 09:13:48,SPB-0070,Санкт-Петербург,visit,,0,referral,android
2026-06-07 09:23:00,NSK-0026,Новосибирск,visit,,0,organic,android
2026-06-07 09:24:32,MSK-0159,Москва,visit,,0,organic,ios
2026-06-07 09:30:38,MSK-0222,Москва,visit,,0,ads,web
2026-06-07 09:30:43,NSK-0026,Новосибирск,product_view,,0,organic,android
2026-06-07 09:39:34,MSK-0159,Москва,product_view,,0,organic,ios
2026-06-07 09:40:30,SPB-0177,Санкт-Петербург,product_view,,0,ads,ios
2026-06-07 09:40:42,EKB-0005,Екатеринбург,visit,,0,organic,android
2026-06-07 09:45:26,KZN-0009,Казань,visit,,0,organic,android
2026-06-07 09:46:42,SPB-0136,Санкт-Петербург,visit,,0,ads,ios
2026-06-07 09:49:18,MSK-0255,Москва,visit,,0,ads,web
2026-06-07 09:53:21,MSK-0222,Москва,product_view,,0,ads,web
2026-06-07 09:54:49,EKB-0005,Екатеринбург,product_view,,0,organic,android
2026-06-07 09:55:25,EKB-0024,Екатеринбург,visit,,0,ads,android
2026-06-07 10:01:11,MSK-0187,Москва,visit,,0,organic,web
2026-06-07 10:03:15,EKB-0002,Екатеринбург,purchase,ORD-000255,250.00,organic,android
2026-06-07 10:03:23,MSK-0204,Москва,visit,,0,referral,ios
2026-06-07 10:06:40,EKB-0028,Екатеринбург,visit,,0,referral,android
2026-06-07 10:06:51,MSK-0051,Москва,purchase,ORD-000229,270.00,organic,android
2026-06-07 10:08:17,SPB-0136,Санкт-Петербург,product_view,,0,ads,ios
2026-06-07 10:09:25,KZN-0009,Казань,product_view,,0,organic,android
2026-06-07 10:12:00,SPB-0006,Санкт-Петербург,purchase,ORD-000243,310.00,referral,ios
2026-06-07 10:14:01,MSK-0204,Москва,product_view,,0,referral,ios
2026-06-07 10:16:49,MSK-0187,Москва,product_view,,0,organic,web
2026-06-07 10:17:17,EKB-0083,Екатеринбург,visit,,0,ads,android
2026-06-07 10:18:53,SPB-0092,Санкт-Петербург,visit,,0,organic,web
2026-06-07 10:19:38,EKB-0028,Екатеринбург,product_view,,0,referral,android
2026-06-07 10:19:41,MSK-0245,Москва,visit,,0,referral,android
2026-06-07 10:34:08,KZN-0013,Казань,visit,,0,ads,android
2026-06-07 10:34:26,MSK-0114,Москва,visit,,0,organic,android
2026-06-07 10:34:51,SPB-0140,Санкт-Петербург,visit,,0,ads,web
2026-06-07 10:36:11,EKB-0040,Екатеринбург,visit,,0,organic,android
2026-06-07 10:36:32,NSK-0036,Новосибирск,visit,,0,organic,ios
2026-06-07 10:39:59,SPB-0092,Санкт-Петербург,product_view,,0,organic,web
2026-06-07 10:41:23,MSK-0046,Москва,visit,,0,ads,android
2026-06-07 10:42:41,MSK-0245,Москва,product_view,,0,referral,android
2026-06-07 10:42:44,SPB-0036,Санкт-Петербург,visit,,0,organic,ios
2026-06-07 10:50:59,NSK-0015,Новосибирск,visit,,0,organic,web
2026-06-07 10:51:27,MSK-0055,Москва,visit,,0,ads,android
2026-06-07 10:52:54,EKB-0001,Екатеринбург,visit,,0,referral,ios
2026-06-07 10:55:50,NSK-0080,Новосибирск,visit,,0,ads,ios
2026-06-07 10:58:03,KZN-0133,Казань,visit,,0,referral,android
2026-06-07 11:02:13,NSK-0080,Новосибирск,product_view,,0,ads,ios
2026-06-07 11:02:37,NSK-0036,Новосибирск,product_view,,0,organic,ios
2026-06-07 11:06:48,SPB-0036,Санкт-Петербург,product_view,,0,organic,ios
2026-06-07 11:07:35,MSK-0046,Москва,product_view,,0,ads,android
2026-06-07 11:09:11,SPB-0117,Санкт-Петербург,visit,,0,organic,ios
2026-06-07 11:13:24,NSK-0085,Новосибирск,visit,,0,organic,ios
2026-06-07 11:14:22,EKB-0001,Екатеринбург,product_view,,0,referral,ios
2026-06-07 11:15:42,MSK-0046,Москва,product_view,,0,ads,android
2026-06-07 11:22:23,MSK-0185,Москва,visit,,0,ads,ios
2026-06-07 11:22:39,KZN-0003,Казань,visit,,0,ads,web
2026-06-07 11:23:26,MSK-0229,Москва,visit,,0,organic,ios
2026-06-07 11:23:38,KZN-0055,Казань,visit,,0,organic,web
2026-06-07 11:24:01,NSK-0015,Новосибирск,product_view,,0,organic,web
2026-06-07 11:25:11,SPB-0082,Санкт-Петербург,visit,,0,referral,web
2026-06-07 11:28:00,MSK-0205,Москва,visit,,0,organic,ios
2026-06-07 11:30:21,MSK-0038,Москва,visit,,0,organic,android
2026-06-07 11:31:09,MSK-0207,Москва,visit,,0,organic,android
2026-06-07 11:32:54,SPB-0117,Санкт-Петербург,product_view,,0,organic,ios
2026-06-07 11:38:59,KZN-0100,Казань,visit,,0,organic,android
2026-06-07 11:42:08,MSK-0248,Москва,visit,,0,organic,ios
2026-06-07 11:43:23,KZN-0055,Казань,product_view,,0,organic,web
2026-06-07 11:47:15,MSK-0036,Москва,visit,,0,organic,ios
2026-06-07 11:47:19,SPB-0171,Санкт-Петербург,visit,,0,organic,android
2026-06-07 11:48:36,KZN-0003,Казань,product_view,,0,ads,web
2026-06-07 11:51:08,SPB-0082,Санкт-Петербург,product_view,,0,referral,web
2026-06-07 11:53:20,MSK-0036,Москва,product_view,,0,organic,ios
2026-06-07 11:54:14,SPB-0082,Санкт-Петербург,product_view,,0,referral,web
2026-06-07 11:54:30,KZN-0018,Казань,visit,,0,ads,android
2026-06-07 11:55:26,KZN-0119,Казань,visit,,0,referral,web
2026-06-07 11:55:53,SPB-0098,Санкт-Петербург,visit,,0,organic,android
2026-06-07 11:56:27,MSK-0185,Москва,product_view,,0,ads,ios
2026-06-07 11:57:47,MSK-0229,Москва,product_view,,0,organic,ios
2026-06-07 11:58:00,SPB-0095,Санкт-Петербург,visit,,0,organic,android
2026-06-07 11:58:26,MSK-0205,Москва,product_view,,0,organic,ios
2026-06-07 11:59:21,MSK-0018,Москва,visit,,0,ads,android
2026-06-07 12:01:38,MSK-0207,Москва,product_view,,0,organic,android
2026-06-07 12:03:06,MSK-0248,Москва,product_view,,0,organic,ios
2026-06-07 12:04:16,EKB-0023,Екатеринбург,visit,,0,organic,ios
2026-06-07 12:04:29,NSK-0077,Новосибирск,visit,,0,ads,ios
2026-06-07 12:05:33,SPB-0004,Санкт-Петербург,purchase,ORD-000237,430.00,ads,android
2026-06-07 12:05:59,KZN-0119,Казань,product_view,,0,referral,web
2026-06-07 12:06:33,EKB-0023,Екатеринбург,product_view,,0,organic,ios
2026-06-07 12:07:37,NSK-0039,Новосибирск,visit,,0,organic,android
2026-06-07 12:08:42,MSK-0274,Москва,visit,,0,organic,ios
2026-06-07 12:09:14,SPB-0098,Санкт-Петербург,product_view,,0,organic,android
2026-06-07 12:10:15,NSK-0077,Новосибирск,product_view,,0,ads,ios
2026-06-07 12:11:34,SPB-0171,Санкт-Петербург,product_view,,0,organic,android
2026-06-07 12:14:28,MSK-0018,Москва,product_view,,0,ads,android
2026-06-07 12:18:19,KZN-0018,Казань,product_view,,0,ads,android
2026-06-07 12:19:14,NSK-0024,Новосибирск,visit,,0,organic,android
2026-06-07 12:22:55,SPB-0029,Санкт-Петербург,visit,,0,referral,ios
2026-06-07 12:24:02,SPB-0029,Санкт-Петербург,purchase,ORD-000241,310.00,referral,ios
2026-06-07 12:26:17,NSK-0093,Новосибирск,visit,,0,ads,ios
2026-06-07 12:29:14,KZN-0052,Казань,visit,,0,organic,android
2026-06-07 12:31:31,KZN-0018,Казань,product_view,,0,ads,android
2026-06-07 12:32:22,KZN-0052,Казань,product_view,,0,organic,android
2026-06-07 12:32:27,MSK-0009,Москва,visit,,0,organic,ios
2026-06-07 12:33:08,EKB-0084,Екатеринбург,visit,,0,organic,web
2026-06-07 12:35:38,KZN-0029,Казань,purchase,ORD-000248,260.00,ads,ios
2026-06-07 12:35:40,NSK-0024,Новосибирск,product_view,,0,organic,android
2026-06-07 12:37:55,NSK-0068,Новосибирск,visit,,0,organic,web
2026-06-07 12:38:33,SPB-0195,Санкт-Петербург,visit,,0,referral,ios
2026-06-07 12:39:17,MSK-0068,Москва,purchase,ORD-000227,670.00,organic,android
2026-06-07 12:41:30,MSK-0018,Москва,purchase,ORD-000226,400.00,ads,android
2026-06-07 12:42:56,MSK-0274,Москва,product_view,,0,organic,ios
2026-06-07 12:43:03,KZN-0023,Казань,visit,,0,organic,web
2026-06-07 12:44:51,SPB-0097,Санкт-Петербург,visit,,0,organic,android
2026-06-07 12:52:02,MSK-0134,Москва,visit,,0,ads,android
2026-06-07 12:52:25,SPB-0029,Санкт-Петербург,product_view,,0,referral,ios
2026-06-07 12:52:28,NSK-0018,Новосибирск,purchase,ORD-000258,210.00,organic,android
2026-06-07 12:53:42,SPB-0195,Санкт-Петербург,product_view,,0,referral,ios
2026-06-07 12:54:30,KZN-0052,Казань,product_view,,0,organic,android
2026-06-07 12:57:42,SPB-0004,Санкт-Петербург,visit,,0,ads,android
2026-06-07 12:58:21,EKB-0084,Екатеринбург,product_view,,0,organic,web
2026-06-07 12:59:30,SPB-0097,Санкт-Петербург,product_view,,0,organic,android
2026-06-07 13:00:51,NSK-0093,Новосибирск,product_view,,0,ads,ios
2026-06-07 13:01:37,MSK-0009,Москва,product_view,,0,organic,ios
2026-06-07 13:02:44,KZN-0123,Казань,visit,,0,organic,ios
2026-06-07 13:02:54,MSK-0285,Москва,visit,,0,organic,ios
2026-06-07 13:08:24,KZN-0009,Казань,purchase,ORD-000249,180.00,organic,android
2026-06-07 13:10:51,MSK-0070,Москва,visit,,0,organic,android
2026-06-07 13:11:51,SPB-0076,Санкт-Петербург,visit,,0,referral,web
2026-06-07 13:16:22,MSK-0009,Москва,product_view,,0,organic,ios
2026-06-07 13:17:20,SPB-0115,Санкт-Петербург,visit,,0,ads,web
2026-06-07 13:18:45,KZN-0123,Казань,product_view,,0,organic,ios
2026-06-07 13:21:47,SPB-0185,Санкт-Петербург,visit,,0,organic,android
2026-06-07 13:21:50,EKB-0028,Екатеринбург,purchase,ORD-000252,250.00,referral,android
2026-06-07 13:25:15,MSK-0121,Москва,visit,,0,organic,android
2026-06-07 13:25:36,KZN-0019,Казань,purchase,ORD-000251,180.00,organic,web
2026-06-07 13:26:50,MSK-0070,Москва,product_view,,0,organic,android
2026-06-07 13:27:10,MSK-0076,Москва,visit,,0,organic,web
2026-06-07 13:30:05,SPB-0004,Санкт-Петербург,product_view,,0,ads,android
2026-06-07 13:30:26,EKB-0098,Екатеринбург,visit,,0,referral,web
2026-06-07 13:30:53,MSK-0076,Москва,product_view,,0,organic,web
2026-06-07 13:31:29,MSK-0285,Москва,product_view,,0,organic,ios
2026-06-07 13:32:30,SPB-0115,Санкт-Петербург,product_view,,0,ads,web
2026-06-07 13:33:09,SPB-0067,Санкт-Петербург,visit,,0,organic,android
2026-06-07 13:38:40,MSK-0076,Москва,product_view,,0,organic,web
2026-06-07 13:39:19,NSK-0095,Новосибирск,visit,,0,ads,ios
2026-06-07 13:40:01,NSK-0008,Новосибирск,purchase,ORD-000260,210.00,organic,android
2026-06-07 13:41:32,MSK-0121,Москва,product_view,,0,organic,android
2026-06-07 13:41:55,EKB-0098,Екатеринбург,product_view,,0,referral,web
2026-06-07 13:42:36,SPB-0152,Санкт-Петербург,visit,,0,ads,web
2026-06-07 13:45:11,SPB-0024,Санкт-Петербург,purchase,ORD-000245,350.00,ads,ios
2026-06-07 13:45:52,SPB-0039,Санкт-Петербург,purchase,ORD-000240,220.00,organic,web
2026-06-07 13:52:42,SPB-0174,Санкт-Петербург,visit,,0,organic,web
2026-06-07 13:57:31,SPB-0152,Санкт-Петербург,product_view,,0,ads,web
2026-06-07 13:58:06,SPB-0067,Санкт-Петербург,product_view,,0,organic,android
2026-06-07 14:01:34,NSK-0095,Новосибирск,product_view,,0,ads,ios
2026-06-07 14:05:58,SPB-0068,Санкт-Петербург,visit,,0,ads,android
2026-06-07 14:06:19,EKB-0001,Екатеринбург,purchase,ORD-000253,250.00,referral,ios
2026-06-07 14:10:10,EKB-0105,Екатеринбург,visit,,0,ads,ios
2026-06-07 14:15:04,MSK-0041,Москва,purchase,ORD-000235,320.00,referral,android
2026-06-07 14:17:53,EKB-0018,Екатеринбург,visit,,0,organic,ios
2026-06-07 14:19:03,SPB-0068,Санкт-Петербург,product_view,,0,ads,android
2026-06-07 14:22:44,MSK-0201,Москва,visit,,0,organic,android
2026-06-07 14:22:55,EKB-0018,Екатеринбург,product_view,,0,organic,ios
2026-06-07 14:23:06,NSK-0087,Новосибирск,visit,,0,organic,web
2026-06-07 14:23:47,SPB-0035,Санкт-Петербург,visit,,0,ads,ios
2026-06-07 14:29:34,SPB-0105,Санкт-Петербург,visit,,0,organic,android
2026-06-07 14:33:58,MSK-0064,Москва,purchase,ORD-000236,190.00,ads,ios
2026-06-07 14:39:06,MSK-0201,Москва,product_view,,0,organic,android
2026-06-07 14:41:11,NSK-0055,Новосибирск,visit,,0,referral,ios
2026-06-07 14:45:28,NSK-0087,Новосибирск,product_view,,0,organic,web
2026-06-07 14:45:54,MSK-0051,Москва,visit,,0,organic,android
2026-06-07 14:47:11,MSK-0203,Москва,visit,,0,referral,android
2026-06-07 14:54:38,KZN-0051,Казань,visit,,0,organic,ios
2026-06-07 14:54:52,EKB-0002,Екатеринбург,visit,,0,organic,android
2026-06-07 14:57:51,EKB-0113,Екатеринбург,visit,,0,organic,android
2026-06-07 15:00:18,MSK-0041,Москва,visit,,0,referral,android
2026-06-07 15:04:02,MSK-0051,Москва,product_view,,0,organic,android
2026-06-07 15:07:15,EKB-0031,Екатеринбург,visit,,0,organic,ios
2026-06-07 15:07:32,EKB-0113,Екатеринбург,product_view,,0,organic,android
2026-06-07 15:08:02,MSK-0041,Москва,product_view,,0,referral,android
2026-06-07 15:15:44,EKB-0002,Екатеринбург,product_view,,0,organic,android
2026-06-07 15:18:50,EKB-0031,Екатеринбург,product_view,,0,organic,ios
2026-06-07 15:18:56,KZN-0051,Казань,product_view,,0,organic,ios
2026-06-07 15:19:38,SPB-0024,Санкт-Петербург,visit,,0,ads,ios
2026-06-07 15:21:43,MSK-0191,Москва,visit,,0,referral,ios
2026-06-07 15:23:02,KZN-0110,Казань,visit,,0,ads,web
2026-06-07 15:24:58,SPB-0024,Санкт-Петербург,product_view,,0,ads,ios
2026-06-07 15:26:49,KZN-0020,Казань,visit,,0,ads,ios
2026-06-07 15:27:15,MSK-0051,Москва,product_view,,0,organic,android
2026-06-07 15:30:03,SPB-0024,Санкт-Петербург,product_view,,0,ads,ios
2026-06-07 15:30:23,MSK-0077,Москва,visit,,0,referral,ios
2026-06-07 15:33:16,SPB-0034,Санкт-Петербург,visit,,0,organic,android
2026-06-07 15:33:44,NSK-0018,Новосибирск,visit,,0,organic,android
2026-06-07 15:35:17,EKB-0031,Екатеринбург,product_view,,0,organic,ios
2026-06-07 15:39:22,MSK-0288,Москва,visit,,0,ads,android
2026-06-07 15:41:15,EKB-0119,Екатеринбург,visit,,0,organic,ios
2026-06-07 15:43:16,EKB-0022,Екатеринбург,visit,,0,organic,ios
2026-06-07 15:43:23,NSK-0018,Новосибирск,product_view,,0,organic,android
2026-06-07 15:44:59,KZN-0020,Казань,product_view,,0,ads,ios
2026-06-07 15:46:02,SPB-0034,Санкт-Петербург,product_view,,0,organic,android
2026-06-07 15:52:49,SPB-0039,Санкт-Петербург,visit,,0,organic,web
2026-06-07 15:54:49,MSK-0034,Москва,visit,,0,organic,android
2026-06-07 15:56:17,EKB-0009,Екатеринбург,visit,,0,organic,android
2026-06-07 15:56:33,KZN-0110,Казань,product_view,,0,ads,web
2026-06-07 15:57:51,KZN-0116,Казань,visit,,0,ads,ios
2026-06-07 15:59:12,SPB-0157,Санкт-Петербург,visit,,0,organic,android
2026-06-07 16:01:31,KZN-0058,Казань,visit,,0,organic,android
2026-06-07 16:03:50,MSK-0034,Москва,product_view,,0,organic,android
2026-06-07 16:07:43,KZN-0110,Казань,product_view,,0,ads,web
2026-06-07 16:07:53,NSK-0031,Новосибирск,visit,,0,ads,android
2026-06-07 16:10:35,EKB-0119,Екатеринбург,product_view,,0,organic,ios
2026-06-07 16:13:35,SPB-0206,Санкт-Петербург,visit,,0,organic,ios
2026-06-07 16:16:39,SPB-0039,Санкт-Петербург,product_view,,0,organic,web
2026-06-07 16:18:47,EKB-0002,Екатеринбург,purchase,ORD-000256,250.00,organic,android
2026-06-07 16:19:16,SPB-0198,Санкт-Петербург,visit,,0,referral,ios
2026-06-07 16:21:18,MSK-0049,Москва,visit,,0,organic,android
2026-06-07 16:22:51,KZN-0103,Казань,visit,,0,organic,web
2026-06-07 16:25:08,NSK-0058,Новосибирск,visit,,0,ads,android
2026-06-07 16:26:57,KZN-0039,Казань,visit,,0,ads,android
2026-06-07 16:28:38,SPB-0184,Санкт-Петербург,visit,,0,referral,ios
2026-06-07 16:28:55,NSK-0031,Новосибирск,product_view,,0,ads,android
2026-06-07 16:34:51,KZN-0029,Казань,visit,,0,ads,ios
2026-06-07 16:36:42,KZN-0103,Казань,product_view,,0,organic,web
2026-06-07 16:37:37,MSK-0238,Москва,visit,,0,ads,android
2026-06-07 16:45:14,MSK-0049,Москва,product_view,,0,organic,android
2026-06-07 16:48:28,SPB-0184,Санкт-Петербург,product_view,,0,referral,ios
2026-06-07 16:48:49,SPB-0037,Санкт-Петербург,visit,,0,referral,web
2026-06-07 16:49:45,MSK-0225,Москва,visit,,0,ads,ios
2026-06-07 16:52:40,SPB-0198,Санкт-Петербург,product_view,,0,referral,ios
2026-06-07 16:53:00,MSK-0194,Москва,visit,,0,organic,android
2026-06-07 16:55:33,SPB-0037,Санкт-Петербург,product_view,,0,referral,web
2026-06-07 16:56:23,KZN-0039,Казань,product_view,,0,ads,android
2026-06-07 16:57:01,SPB-0046,Санкт-Петербург,visit,,0,organic,android
2026-06-07 17:00:05,NSK-0058,Новосибирск,product_view,,0,ads,android
2026-06-07 17:00:12,MSK-0225,Москва,product_view,,0,ads,ios
2026-06-07 17:00:13,SPB-0123,Санкт-Петербург,visit,,0,ads,ios
2026-06-07 17:02:50,KZN-0029,Казань,product_view,,0,ads,ios
2026-06-07 17:02:51,SPB-0036,Санкт-Петербург,purchase,ORD-000244,310.00,organic,ios
2026-06-07 17:09:05,MSK-0063,Москва,visit,,0,organic,web
2026-06-07 17:09:36,SPB-0123,Санкт-Петербург,product_view,,0,ads,ios
2026-06-07 17:14:14,SPB-0075,Санкт-Петербург,visit,,0,organic,android
2026-06-07 17:17:55,SPB-0046,Санкт-Петербург,product_view,,0,organic,android
2026-06-07 17:19:38,MSK-0225,Москва,product_view,,0,ads,ios
2026-06-07 17:19:56,SPB-0007,Санкт-Петербург,visit,,0,organic,web
2026-06-07 17:20:23,SPB-0046,Санкт-Петербург,product_view,,0,organic,android
2026-06-07 17:22:25,MSK-0042,Москва,visit,,0,organic,web
2026-06-07 17:22:29,MSK-0065,Москва,visit,,0,organic,web
2026-06-07 17:26:53,MSK-0194,Москва,product_view,,0,organic,android
2026-06-07 17:31:46,MSK-0042,Москва,product_view,,0,organic,web
2026-06-07 17:32:15,MSK-0172,Москва,visit,,0,organic,ios
2026-06-07 17:32:17,MSK-0247,Москва,visit,,0,organic,android
2026-06-07 17:37:18,NSK-0011,Новосибирск,visit,,0,organic,ios
2026-06-07 17:37:33,MSK-0284,Москва,visit,,0,ads,ios
2026-06-07 17:40:39,MSK-0036,Москва,purchase,ORD-000232,320.00,organic,ios
2026-06-07 17:40:58,EKB-0005,Екатеринбург,purchase,ORD-000254,710.00,organic,android
2026-06-07 17:44:30,MSK-0065,Москва,product_view,,0,organic,web
2026-06-07 17:44:33,SPB-0007,Санкт-Петербург,product_view,,0,organic,web
2026-06-07 17:45:41,MSK-0217,Москва,visit,,0,organic,ios
2026-06-07 17:49:28,MSK-0217,Москва,product_view,,0,organic,ios
2026-06-07 17:50:29,EKB-0103,Екатеринбург,visit,,0,ads,web
2026-06-07 17:53:00,KZN-0031,Казань,visit,,0,organic,web
2026-06-07 17:53:54,SPB-0006,Санкт-Петербург,visit,,0,referral,ios
2026-06-07 17:54:11,NSK-0011,Новосибирск,product_view,,0,organic,ios
2026-06-07 17:55:17,NSK-0011,Новосибирск,product_view,,0,organic,ios
2026-06-07 17:56:43,MSK-0042,Москва,product_view,,0,organic,web
2026-06-07 17:59:48,MSK-0001,Москва,visit,,0,organic,web
2026-06-07 17:59:55,KZN-0094,Казань,visit,,0,organic,android
2026-06-07 18:01:26,MSK-0284,Москва,product_view,,0,ads,ios
2026-06-07 18:07:31,KZN-0094,Казань,product_view,,0,organic,android
2026-06-07 18:10:48,MSK-0015,Москва,visit,,0,organic,android
2026-06-07 18:10:48,MSK-0084,Москва,visit,,0,ads,ios
2026-06-07 18:11:05,SPB-0088,Санкт-Петербург,visit,,0,organic,web
2026-06-07 18:12:04,MSK-0015,Москва,product_view,,0,organic,android
2026-06-07 18:12:09,MSK-0024,Москва,visit,,0,referral,ios
2026-06-07 18:13:22,MSK-0001,Москва,product_view,,0,organic,web
2026-06-07 18:14:07,KZN-0031,Казань,product_view,,0,organic,web
2026-06-07 18:14:24,MSK-0084,Москва,product_view,,0,ads,ios
2026-06-07 18:16:16,SPB-0006,Санкт-Петербург,product_view,,0,referral,ios
2026-06-07 18:16:58,MSK-0015,Москва,purchase,ORD-000231,360.00,organic,android
2026-06-07 18:26:26,SPB-0192,Санкт-Петербург,visit,,0,organic,web
2026-06-07 18:28:56,KZN-0094,Казань,product_view,,0,organic,android
2026-06-07 18:29:03,MSK-0064,Москва,visit,,0,ads,ios
2026-06-07 18:30:23,MSK-0107,Москва,visit,,0,organic,android
2026-06-07 18:30:28,SPB-0077,Санкт-Петербург,visit,,0,organic,web
2026-06-07 18:31:26,SPB-0006,Санкт-Петербург,product_view,,0,referral,ios
2026-06-07 18:31:42,SPB-0192,Санкт-Петербург,product_view,,0,organic,web
2026-06-07 18:32:36,KZN-0120,Казань,visit,,0,organic,ios
2026-06-07 18:34:05,KZN-0073,Казань,visit,,0,organic,android
2026-06-07 18:34:26,MSK-0015,Москва,product_view,,0,organic,android
2026-06-07 18:39:44,MSK-0001,Москва,product_view,,0,organic,web
2026-06-07 18:39:59,MSK-0046,Москва,purchase,ORD-000234,270.00,ads,android
2026-06-07 18:43:13,KZN-0120,Казань,product_view,,0,organic,ios
2026-06-07 18:46:54,MSK-0020,Москва,visit,,0,ads,android
2026-06-07 18:47:01,MSK-0230,Москва,visit,,0,ads,android
2026-06-07 18:47:21,MSK-0292,Москва,visit,,0,ads,ios
2026-06-07 18:48:02,EKB-0033,Екатеринбург,visit,,0,ads,ios
2026-06-07 18:53:26,SPB-0103,Санкт-Петербург,visit,,0,referral,android
2026-06-07 18:57:03,SPB-0129,Санкт-Петербург,visit,,0,ads,android
2026-06-07 18:57:18,MSK-0064,Москва,product_view,,0,ads,ios
2026-06-07 18:59:02,MSK-0068,Москва,visit,,0,organic,android
2026-06-07 19:03:56,MSK-0020,Москва,product_view,,0,ads,android
2026-06-07 19:05:09,MSK-0064,Москва,product_view,,0,ads,ios
2026-06-07 19:09:43,KZN-0018,Казань,purchase,ORD-000246,260.00,ads,android
2026-06-07 19:11:31,MSK-0065,Москва,purchase,ORD-000233,320.00,organic,web
2026-06-07 19:13:11,KZN-0003,Казань,purchase,ORD-000250,380.00,ads,web
2026-06-07 19:16:18,MSK-0230,Москва,product_view,,0,ads,android
2026-06-07 19:20:34,EKB-0033,Екатеринбург,product_view,,0,ads,ios
2026-06-07 19:20:36,MSK-0230,Москва,product_view,,0,ads,android
2026-06-07 19:20:57,SPB-0129,Санкт-Петербург,product_view,,0,ads,android
2026-06-07 19:23:55,MSK-0068,Москва,product_view,,0,organic,android
2026-06-07 19:29:51,MSK-0068,Москва,product_view,,0,organic,android
2026-06-07 19:33:29,EKB-0033,Екатеринбург,product_view,,0,ads,ios
2026-06-07 19:35:28,SPB-0007,Санкт-Петербург,purchase,ORD-000242,730.00,organic,web
2026-06-07 19:37:08,EKB-0017,Екатеринбург,purchase,ORD-000257,250.00,organic,web
2026-06-07 19:39:54,SPB-0046,Санкт-Петербург,purchase,ORD-000238,180.00,organic,android
2026-06-07 19:54:29,SPB-0046,Санкт-Петербург,purchase,ORD-000239,180.00,organic,android
2026-06-07 20:37:01,MSK-0001,Москва,purchase,ORD-000230,320.00,organic,web
2026-06-07 20:43:38,NSK-0024,Новосибирск,purchase,ORD-000259,210.00,organic,android
2026-06-07 21:07:59,KZN-0031,Казань,purchase,ORD-000247,300.00,organic,web
2026-06-07 21:47:46,NSK-0011,Новосибирск,purchase,ORD-000261,170.00,organic,ios
2026-06-07 21:50:29,MSK-0070,Москва,purchase,ORD-000228,360.00,organic,android
2026-06-08 02:08:13,TEST-KZN-0008,Казань,purchase,TEST-00008,130.00,test,android
2026-06-08 02:08:16,TEST-KZN-0128,Казань,purchase,TEST-00128,130.00,test,ios
2026-06-08 02:38:37,TEST-KZN-0038,Казань,purchase,TEST-00038,130.00,test,android
2026-06-08 03:08:36,TEST-KZN-0068,Казань,purchase,TEST-00068,130.00,test,web
2026-06-08 03:38:01,TEST-KZN-0098,Казань,purchase,TEST-00098,130.00,test,ios
2026-06-08 08:01:05,SPB-0191,Санкт-Петербург,visit,,0,ads,android
2026-06-08 08:10:17,EKB-0008,Екатеринбург,visit,,0,organic,android
2026-06-08 08:13:29,MSK-0135,Москва,visit,,0,referral,android
2026-06-08 08:15:15,EKB-0008,Екатеринбург,product_view,,0,organic,android
2026-06-08 08:17:18,MSK-0135,Москва,product_view,,0,referral,android
2026-06-08 08:26:53,MSK-0052,Москва,visit,,0,organic,android
2026-06-08 08:27:00,SPB-0191,Санкт-Петербург,product_view,,0,ads,android
2026-06-08 08:27:10,KZN-0083,Казань,visit,,0,ads,ios
2026-06-08 08:31:43,SPB-0035,Санкт-Петербург,visit,,0,ads,ios
2026-06-08 08:36:32,EKB-0043,Екатеринбург,visit,,0,organic,android
2026-06-08 08:40:02,KZN-0006,Казань,visit,,0,organic,ios
2026-06-08 08:40:22,SPB-0191,Санкт-Петербург,product_view,,0,ads,android
2026-06-08 08:41:12,EKB-0024,Екатеринбург,visit,,0,ads,android
2026-06-08 08:44:27,MSK-0052,Москва,product_view,,0,organic,android
2026-06-08 08:45:09,EKB-0043,Екатеринбург,product_view,,0,organic,android
2026-06-08 08:46:18,KZN-0044,Казань,visit,,0,ads,android
2026-06-08 08:49:15,KZN-0083,Казань,product_view,,0,ads,ios
2026-06-08 09:00:26,MSK-0052,Москва,product_view,,0,organic,android
2026-06-08 09:01:26,NSK-0013,Новосибирск,visit,,0,ads,web
2026-06-08 09:05:44,EKB-0024,Екатеринбург,product_view,,0,ads,android
2026-06-08 09:05:57,SPB-0019,Санкт-Петербург,visit,,0,ads,android
2026-06-08 09:06:31,EKB-0024,Екатеринбург,product_view,,0,ads,android
2026-06-08 09:07:33,SPB-0066,Санкт-Петербург,visit,,0,referral,android
2026-06-08 09:09:05,KZN-0062,Казань,visit,,0,organic,ios
2026-06-08 09:11:02,EKB-0039,Екатеринбург,visit,,0,referral,web
2026-06-08 09:16:00,KZN-0044,Казань,product_view,,0,ads,android
2026-06-08 09:17:15,NSK-0070,Новосибирск,visit,,0,organic,ios
2026-06-08 09:19:28,SPB-0019,Санкт-Петербург,product_view,,0,ads,android
2026-06-08 09:20:11,NSK-0013,Новосибирск,product_view,,0,ads,web
2026-06-08 09:20:49,SPB-0200,Санкт-Петербург,visit,,0,organic,web
2026-06-08 09:23:29,MSK-0017,Москва,visit,,0,organic,web
2026-06-08 09:27:17,MSK-0278,Москва,visit,,0,ads,android
2026-06-08 09:30:02,KZN-0076,Казань,visit,,0,organic,web
2026-06-08 09:34:03,MSK-0030,Москва,visit,,0,ads,ios
2026-06-08 09:35:12,SPB-0200,Санкт-Петербург,product_view,,0,organic,web
2026-06-08 09:36:00,MSK-0029,Москва,visit,,0,ads,ios
2026-06-08 09:38:13,SPB-0020,Санкт-Петербург,visit,,0,ads,ios
2026-06-08 09:38:13,KZN-0098,Казань,visit,,0,organic,android
2026-06-08 09:39:07,MSK-0043,Москва,visit,,0,referral,android
2026-06-08 09:40:34,MSK-0139,Москва,visit,,0,organic,ios
2026-06-08 09:41:03,KZN-0009,Казань,visit,,0,organic,android
2026-06-08 09:42:34,KZN-0001,Казань,visit,,0,organic,web
2026-06-08 09:44:21,NSK-0026,Новосибирск,visit,,0,organic,android
2026-06-08 09:45:57,MSK-0030,Москва,product_view,,0,ads,ios
2026-06-08 09:51:04,MSK-0017,Москва,product_view,,0,organic,web
2026-06-08 09:51:57,SPB-0200,Санкт-Петербург,product_view,,0,organic,web
2026-06-08 09:53:14,EKB-0052,Екатеринбург,visit,,0,ads,web
2026-06-08 09:53:19,NSK-0026,Новосибирск,product_view,,0,organic,android
2026-06-08 09:55:20,MSK-0210,Москва,visit,,0,organic,ios
2026-06-08 09:55:29,KZN-0098,Казань,product_view,,0,organic,android
2026-06-08 09:56:37,NSK-0064,Новосибирск,visit,,0,organic,android
2026-06-08 09:58:49,MSK-0043,Москва,product_view,,0,referral,android
2026-06-08 10:00:04,SPB-0095,Санкт-Петербург,visit,,0,organic,android
2026-06-08 10:00:05,KZN-0001,Казань,product_view,,0,organic,web
2026-06-08 10:00:13,KZN-0009,Казань,product_view,,0,organic,android
2026-06-08 10:00:43,MSK-0210,Москва,product_view,,0,organic,ios
2026-06-08 10:05:27,EKB-0052,Екатеринбург,product_view,,0,ads,web
2026-06-08 10:07:44,NSK-0064,Новосибирск,product_view,,0,organic,android
2026-06-08 10:07:47,SPB-0058,Санкт-Петербург,visit,,0,referral,ios
2026-06-08 10:08:07,MSK-0026,Москва,visit,,0,ads,android
2026-06-08 10:08:55,NSK-0016,Новосибирск,visit,,0,referral,android
2026-06-08 10:13:00,MSK-0043,Москва,product_view,,0,referral,android
2026-06-08 10:16:20,SPB-0058,Санкт-Петербург,product_view,,0,referral,ios
2026-06-08 10:18:04,MSK-0026,Москва,product_view,,0,ads,android
2026-06-08 10:18:07,MSK-0256,Москва,visit,,0,organic,web
2026-06-08 10:23:30,EKB-0052,Екатеринбург,product_view,,0,ads,web
2026-06-08 10:24:11,SPB-0010,Санкт-Петербург,purchase,ORD-000277,270.00,organic,ios
2026-06-08 10:24:19,NSK-0016,Новосибирск,product_view,,0,referral,android
2026-06-08 10:24:29,NSK-0093,Новосибирск,visit,,0,ads,ios
2026-06-08 10:25:12,MSK-0035,Москва,purchase,ORD-000270,190.00,organic,android
2026-06-08 10:29:18,SPB-0114,Санкт-Петербург,visit,,0,referral,web
2026-06-08 10:30:41,MSK-0225,Москва,visit,,0,ads,ios
2026-06-08 10:33:31,MSK-0185,Москва,visit,,0,ads,ios
2026-06-08 10:34:23,EKB-0058,Екатеринбург,visit,,0,organic,web
2026-06-08 10:38:44,NSK-0016,Новосибирск,product_view,,0,referral,android
2026-06-08 10:43:15,MSK-0287,Москва,visit,,0,organic,android
2026-06-08 10:46:42,MSK-0256,Москва,product_view,,0,organic,web
2026-06-08 10:46:48,MSK-0035,Москва,visit,,0,organic,android
2026-06-08 10:48:11,SPB-0114,Санкт-Петербург,product_view,,0,referral,web
2026-06-08 10:51:43,MSK-0035,Москва,product_view,,0,organic,android
2026-06-08 10:53:14,EKB-0022,Екатеринбург,purchase,ORD-000295,290.00,organic,ios
2026-06-08 10:57:08,SPB-0132,Санкт-Петербург,visit,,0,organic,android
2026-06-08 10:57:38,KZN-0004,Казань,visit,,0,organic,android
2026-06-08 10:57:50,EKB-0058,Екатеринбург,product_view,,0,organic,web
2026-06-08 11:01:35,NSK-0019,Новосибирск,visit,,0,ads,web
2026-06-08 11:04:05,KZN-0004,Казань,product_view,,0,organic,android
2026-06-08 11:12:32,NSK-0019,Новосибирск,product_view,,0,ads,web
2026-06-08 11:13:23,SPB-0104,Санкт-Петербург,visit,,0,referral,ios
2026-06-08 11:15:52,NSK-0019,Новосибирск,product_view,,0,ads,web
2026-06-08 11:16:37,KZN-0004,Казань,product_view,,0,organic,android
2026-06-08 11:22:59,SPB-0116,Санкт-Петербург,visit,,0,ads,android
2026-06-08 11:29:13,SPB-0160,Санкт-Петербург,visit,,0,referral,ios
2026-06-08 11:31:25,MSK-0057,Москва,visit,,0,referral,android
2026-06-08 11:31:41,SPB-0055,Санкт-Петербург,visit,,0,ads,android
2026-06-08 11:33:41,EKB-0117,Екатеринбург,visit,,0,ads,ios
2026-06-08 11:36:28,EKB-0117,Екатеринбург,product_view,,0,ads,ios
2026-06-08 11:40:25,KZN-0089,Казань,visit,,0,organic,android
2026-06-08 11:41:58,SPB-0116,Санкт-Петербург,product_view,,0,ads,android
2026-06-08 11:45:45,SPB-0160,Санкт-Петербург,product_view,,0,referral,ios
2026-06-08 11:46:56,NSK-0044,Новосибирск,visit,,0,organic,ios
2026-06-08 11:53:21,NSK-0044,Новосибирск,product_view,,0,organic,ios
2026-06-08 11:54:17,SPB-0055,Санкт-Петербург,product_view,,0,ads,android
2026-06-08 11:54:32,MSK-0055,Москва,visit,,0,ads,android
2026-06-08 11:54:33,NSK-0013,Новосибирск,purchase,ORD-000299,250.00,ads,web
2026-06-08 12:04:49,MSK-0269,Москва,visit,,0,referral,android
2026-06-08 12:06:59,SPB-0055,Санкт-Петербург,product_view,,0,ads,android
2026-06-08 12:13:20,MSK-0092,Москва,visit,,0,referral,web
2026-06-08 12:15:51,SPB-0074,Санкт-Петербург,visit,,0,ads,ios
2026-06-08 12:20:34,MSK-0061,Москва,visit,,0,organic,android
2026-06-08 12:20:59,SPB-0037,Санкт-Петербург,visit,,0,referral,web
2026-06-08 12:21:56,MSK-0055,Москва,product_view,,0,ads,android
2026-06-08 12:22:16,MSK-0049,Москва,visit,,0,organic,android
2026-06-08 12:25:15,MSK-0055,Москва,product_view,,0,ads,android
2026-06-08 12:25:39,SPB-0013,Санкт-Петербург,purchase,ORD-000282,650.00,organic,web
2026-06-08 12:26:11,EKB-0059,Екатеринбург,visit,,0,referral,web
2026-06-08 12:29:29,NSK-0015,Новосибирск,purchase,ORD-000300,250.00,organic,web
2026-06-08 12:33:01,SPB-0037,Санкт-Петербург,product_view,,0,referral,web
2026-06-08 12:36:58,MSK-0061,Москва,product_view,,0,organic,android
2026-06-08 12:39:01,MSK-0119,Москва,visit,,0,organic,ios
2026-06-08 12:45:36,SPB-0134,Санкт-Петербург,visit,,0,organic,android
2026-06-08 12:46:50,SPB-0074,Санкт-Петербург,product_view,,0,ads,ios
2026-06-08 12:52:01,MSK-0049,Москва,product_view,,0,organic,android
2026-06-08 12:52:14,KZN-0005,Казань,purchase,ORD-000287,960.00,ads,ios
2026-06-08 12:55:32,MSK-0033,Москва,purchase,ORD-000267,360.00,ads,ios
2026-06-08 12:58:24,MSK-0021,Москва,visit,,0,organic,android
2026-06-08 13:03:34,MSK-0009,Москва,purchase,ORD-000263,360.00,organic,ios
2026-06-08 13:05:23,MSK-0130,Москва,visit,,0,organic,ios
2026-06-08 13:06:43,MSK-0017,Москва,purchase,ORD-000268,320.00,organic,web
2026-06-08 13:09:01,MSK-0130,Москва,product_view,,0,organic,ios
2026-06-08 13:09:42,MSK-0138,Москва,visit,,0,ads,android
2026-06-08 13:18:02,KZN-0004,Казань,purchase,ORD-000289,260.00,organic,android
2026-06-08 13:18:20,MSK-0021,Москва,product_view,,0,organic,android
2026-06-08 13:20:32,NSK-0051,Новосибирск,visit,,0,ads,android
2026-06-08 13:20:38,KZN-0042,Казань,visit,,0,organic,ios
2026-06-08 13:21:32,MSK-0130,Москва,product_view,,0,organic,ios
2026-06-08 13:28:46,EKB-0029,Екатеринбург,visit,,0,ads,android
2026-06-08 13:33:10,SPB-0023,Санкт-Петербург,visit,,0,organic,ios
2026-06-08 13:37:29,KZN-0042,Казань,product_view,,0,organic,ios
2026-06-08 13:39:52,NSK-0051,Новосибирск,product_view,,0,ads,android
2026-06-08 13:41:36,MSK-0102,Москва,visit,,0,referral,android
2026-06-08 13:43:19,MSK-0102,Москва,product_view,,0,referral,android
2026-06-08 13:47:21,MSK-0169,Москва,visit,,0,organic,android
2026-06-08 13:48:54,NSK-0051,Новосибирск,product_view,,0,ads,android
2026-06-08 13:52:31,SPB-0078,Санкт-Петербург,visit,,0,ads,web
2026-06-08 13:54:06,KZN-0042,Казань,product_view,,0,organic,ios
2026-06-08 13:54:44,KZN-0019,Казань,visit,,0,organic,web
2026-06-08 13:56:11,KZN-0123,Казань,visit,,0,organic,ios
2026-06-08 14:00:48,EKB-0006,Екатеринбург,purchase,ORD-000293,220.00,organic,android
2026-06-08 14:01:53,KZN-0019,Казань,product_view,,0,organic,web
2026-06-08 14:05:37,SPB-0078,Санкт-Петербург,product_view,,0,ads,web
2026-06-08 14:05:38,NSK-0014,Новосибирск,visit,,0,organic,ios
2026-06-08 14:07:30,EKB-0096,Екатеринбург,visit,,0,ads,ios
2026-06-08 14:07:49,MSK-0273,Москва,visit,,0,organic,android
2026-06-08 14:08:27,MSK-0169,Москва,product_view,,0,organic,android
2026-06-08 14:10:45,MSK-0186,Москва,visit,,0,ads,android
2026-06-08 14:11:27,MSK-0293,Москва,visit,,0,ads,ios
2026-06-08 14:11:51,KZN-0003,Казань,visit,,0,ads,web
2026-06-08 14:12:22,NSK-0098,Новосибирск,visit,,0,ads,ios
2026-06-08 14:15:04,MSK-0102,Москва,product_view,,0,referral,android
2026-06-08 14:18:38,MSK-0060,Москва,visit,,0,organic,ios
2026-06-08 14:20:08,MSK-0009,Москва,visit,,0,organic,ios
2026-06-08 14:28:08,MSK-0053,Москва,purchase,ORD-000269,320.00,organic,ios
2026-06-08 14:28:43,SPB-0078,Санкт-Петербург,product_view,,0,ads,web
2026-06-08 14:29:11,MSK-0009,Москва,product_view,,0,organic,ios
2026-06-08 14:29:26,EKB-0116,Екатеринбург,visit,,0,organic,ios
2026-06-08 14:29:34,KZN-0019,Казань,product_view,,0,organic,web
2026-06-08 14:29:54,EKB-0096,Екатеринбург,product_view,,0,ads,ios
2026-06-08 14:30:06,SPB-0141,Санкт-Петербург,visit,,0,organic,android
2026-06-08 14:31:30,KZN-0003,Казань,product_view,,0,ads,web
2026-06-08 14:31:42,EKB-0022,Екатеринбург,visit,,0,organic,ios
2026-06-08 14:31:59,MSK-0254,Москва,visit,,0,organic,ios
2026-06-08 14:33:08,KZN-0003,Казань,product_view,,0,ads,web
2026-06-08 14:33:46,MSK-0194,Москва,visit,,0,organic,android
2026-06-08 14:35:06,SPB-0141,Санкт-Петербург,product_view,,0,organic,android
2026-06-08 14:35:42,MSK-0024,Москва,visit,,0,referral,ios
2026-06-08 14:38:50,MSK-0273,Москва,product_view,,0,organic,android
2026-06-08 14:38:58,EKB-0049,Екатеринбург,visit,,0,organic,android
2026-06-08 14:40:37,MSK-0024,Москва,product_view,,0,referral,ios
2026-06-08 14:45:07,NSK-0098,Новосибирск,product_view,,0,ads,ios
2026-06-08 14:49:57,EKB-0049,Екатеринбург,product_view,,0,organic,android
2026-06-08 14:59:52,SPB-0024,Санкт-Петербург,visit,,0,ads,ios
2026-06-08 15:03:44,EKB-0022,Екатеринбург,product_view,,0,organic,ios
2026-06-08 15:06:48,MSK-0194,Москва,product_view,,0,organic,android
2026-06-08 15:07:23,MSK-0052,Москва,purchase,ORD-000265,230.00,organic,android
2026-06-08 15:09:50,SPB-0018,Санкт-Петербург,visit,,0,organic,web
2026-06-08 15:10:40,NSK-0039,Новосибирск,visit,,0,organic,android
2026-06-08 15:14:22,SPB-0018,Санкт-Петербург,product_view,,0,organic,web
2026-06-08 15:16:50,EKB-0022,Екатеринбург,product_view,,0,organic,ios
2026-06-08 15:17:33,SPB-0042,Санкт-Петербург,visit,,0,organic,web
2026-06-08 15:18:28,KZN-0056,Казань,visit,,0,organic,ios
2026-06-08 15:19:20,SPB-0024,Санкт-Петербург,product_view,,0,ads,ios
2026-06-08 15:22:12,SPB-0051,Санкт-Петербург,visit,,0,organic,ios
2026-06-08 15:23:39,SPB-0055,Санкт-Петербург,purchase,ORD-000276,220.00,ads,android
2026-06-08 15:29:57,EKB-0006,Екатеринбург,visit,,0,organic,android
2026-06-08 15:31:04,SPB-0010,Санкт-Петербург,visit,,0,organic,ios
2026-06-08 15:31:13,EKB-0081,Екатеринбург,visit,,0,organic,android
2026-06-08 15:33:04,NSK-0039,Новосибирск,product_view,,0,organic,android
2026-06-08 15:33:44,SPB-0037,Санкт-Петербург,purchase,ORD-000275,220.00,referral,web
2026-06-08 15:38:08,SPB-0024,Санкт-Петербург,product_view,,0,ads,ios
2026-06-08 15:42:13,SPB-0010,Санкт-Петербург,product_view,,0,organic,ios
2026-06-08 15:43:44,MSK-0223,Москва,visit,,0,organic,ios
2026-06-08 15:43:53,KZN-0021,Казань,purchase,ORD-000286,260.00,ads,ios
2026-06-08 15:44:51,EKB-0011,Екатеринбург,visit,,0,ads,android
2026-06-08 15:46:20,NSK-0013,Новосибирск,purchase,ORD-000298,400.00,ads,web
2026-06-08 15:48:14,MSK-0023,Москва,visit,,0,organic,android
2026-06-08 15:52:21,MSK-0043,Москва,purchase,ORD-000273,360.00,referral,android
2026-06-08 15:53:16,EKB-0006,Екатеринбург,product_view,,0,organic,android
2026-06-08 15:54:54,SPB-0025,Санкт-Петербург,visit,,0,ads,ios
2026-06-08 15:57:48,NSK-0015,Новосибирск,visit,,0,organic,web
2026-06-08 15:58:38,MSK-0223,Москва,product_view,,0,organic,ios
2026-06-08 16:02:45,EKB-0081,Екатеринбург,product_view,,0,organic,android
2026-06-08 16:03:15,MSK-0023,Москва,product_view,,0,organic,android
2026-06-08 16:03:23,KZN-0078,Казань,visit,,0,organic,web
2026-06-08 16:06:02,SPB-0155,Санкт-Петербург,visit,,0,ads,android
2026-06-08 16:06:04,SPB-0205,Санкт-Петербург,visit,,0,organic,ios
2026-06-08 16:06:11,MSK-0107,Москва,visit,,0,organic,android
2026-06-08 16:06:59,KZN-0078,Казань,product_view,,0,organic,web
2026-06-08 16:07:13,MSK-0299,Москва,visit,,0,organic,android
2026-06-08 16:08:34,KZN-0085,Казань,visit,,0,organic,ios
2026-06-08 16:10:16,NSK-0024,Новосибирск,visit,,0,organic,android
2026-06-08 16:13:18,MSK-0107,Москва,product_view,,0,organic,android
2026-06-08 16:13:54,NSK-0015,Новосибирск,product_view,,0,organic,web
2026-06-08 16:15:22,SPB-0025,Санкт-Петербург,product_view,,0,ads,ios
2026-06-08 16:16:35,EKB-0014,Екатеринбург,visit,,0,organic,android
2026-06-08 16:17:06,SPB-0205,Санкт-Петербург,product_view,,0,organic,ios
2026-06-08 16:20:12,MSK-0107,Москва,product_view,,0,organic,android
2026-06-08 16:20:40,SPB-0177,Санкт-Петербург,visit,,0,ads,ios
2026-06-08 16:25:53,KZN-0022,Казань,visit,,0,organic,web
2026-06-08 16:26:17,SPB-0008,Санкт-Петербург,visit,,0,ads,android
2026-06-08 16:26:27,EKB-0056,Екатеринбург,visit,,0,organic,android
2026-06-08 16:27:18,MSK-0085,Москва,visit,,0,organic,ios
2026-06-08 16:27:31,MSK-0299,Москва,product_view,,0,organic,android
2026-06-08 16:29:04,KZN-0085,Казань,product_view,,0,organic,ios
2026-06-08 16:29:13,EKB-0077,Екатеринбург,visit,,0,ads,ios
2026-06-08 16:33:12,SPB-0155,Санкт-Петербург,product_view,,0,ads,android
2026-06-08 16:34:12,MSK-0085,Москва,product_view,,0,organic,ios
2026-06-08 16:36:13,SPB-0014,Санкт-Петербург,visit,,0,organic,web
2026-06-08 16:36:26,SPB-0177,Санкт-Петербург,product_view,,0,ads,ios
2026-06-08 16:36:31,MSK-0084,Москва,visit,,0,ads,ios
2026-06-08 16:37:40,MSK-0027,Москва,purchase,ORD-000271,230.00,organic,web
2026-06-08 16:39:29,SPB-0014,Санкт-Петербург,product_view,,0,organic,web
2026-06-08 16:39:33,MSK-0203,Москва,visit,,0,referral,android
2026-06-08 16:40:40,EKB-0014,Екатеринбург,product_view,,0,organic,android
2026-06-08 16:41:13,MSK-0201,Москва,visit,,0,organic,android
2026-06-08 16:44:17,MSK-0085,Москва,product_view,,0,organic,ios
2026-06-08 16:45:38,SPB-0193,Санкт-Петербург,visit,,0,organic,web
2026-06-08 16:48:41,KZN-0031,Казань,visit,,0,organic,web
2026-06-08 16:49:49,KZN-0025,Казань,visit,,0,organic,android
2026-06-08 16:52:04,KZN-0031,Казань,product_view,,0,organic,web
2026-06-08 16:53:53,SPB-0071,Санкт-Петербург,visit,,0,referral,android
2026-06-08 16:53:58,SPB-0008,Санкт-Петербург,product_view,,0,ads,android
2026-06-08 16:54:19,SPB-0084,Санкт-Петербург,visit,,0,organic,android
2026-06-08 17:00:46,SPB-0193,Санкт-Петербург,product_view,,0,organic,web
2026-06-08 17:02:15,EKB-0056,Екатеринбург,product_view,,0,organic,android
2026-06-08 17:02:37,EKB-0014,Екатеринбург,purchase,ORD-000292,330.00,organic,android
2026-06-08 17:03:34,KZN-0003,Казань,purchase,ORD-000285,260.00,ads,web
2026-06-08 17:06:19,SPB-0193,Санкт-Петербург,product_view,,0,organic,web
2026-06-08 17:07:30,MSK-0203,Москва,product_view,,0,referral,android
2026-06-08 17:07:51,MSK-0201,Москва,product_view,,0,organic,android
2026-06-08 17:20:47,EKB-0024,Екатеринбург,purchase,ORD-000291,250.00,ads,android
2026-06-08 17:21:18,KZN-0005,Казань,visit,,0,ads,ios
2026-06-08 17:23:12,MSK-0059,Москва,visit,,0,organic,ios
2026-06-08 17:24:35,SPB-0047,Санкт-Петербург,visit,,0,organic,android
2026-06-08 17:24:41,MSK-0055,Москва,purchase,ORD-000262,190.00,ads,android
2026-06-08 17:25:29,MSK-0033,Москва,visit,,0,ads,ios
2026-06-08 17:26:36,MSK-0020,Москва,visit,,0,ads,android
2026-06-08 17:39:40,NSK-0017,Новосибирск,visit,,0,organic,android
2026-06-08 17:40:02,EKB-0098,Екатеринбург,visit,,0,referral,web
2026-06-08 17:46:11,MSK-0033,Москва,product_view,,0,ads,ios
2026-06-08 17:46:25,NSK-0087,Новосибирск,visit,,0,organic,web
2026-06-08 17:47:21,MSK-0020,Москва,product_view,,0,ads,android
2026-06-08 17:47:21,MSK-0059,Москва,product_view,,0,organic,ios
2026-06-08 17:47:47,MSK-0165,Москва,visit,,0,organic,ios
2026-06-08 17:48:44,MSK-0168,Москва,visit,,0,ads,ios
2026-06-08 17:48:53,NSK-0087,Новосибирск,product_view,,0,organic,web
2026-06-08 17:50:49,SPB-0047,Санкт-Петербург,product_view,,0,organic,android
2026-06-08 17:51:30,SPB-0047,Санкт-Петербург,product_view,,0,organic,android
2026-06-08 17:54:00,KZN-0005,Казань,product_view,,0,ads,ios
2026-06-08 17:55:09,MSK-0168,Москва,product_view,,0,ads,ios
2026-06-08 17:55:15,KZN-0052,Казань,visit,,0,organic,android
2026-06-08 17:57:41,SPB-0025,Санкт-Петербург,purchase,ORD-000278,180.00,ads,ios
2026-06-08 17:59:39,MSK-0053,Москва,visit,,0,organic,ios
2026-06-08 18:00:19,KZN-0004,Казань,purchase,ORD-000288,180.00,organic,android
2026-06-08 18:02:10,KZN-0021,Казань,visit,,0,ads,ios
2026-06-08 18:06:09,SPB-0050,Санкт-Петербург,purchase,ORD-000281,860.00,organic,web
2026-06-08 18:08:10,KZN-0052,Казань,product_view,,0,organic,android
2026-06-08 18:08:24,MSK-0027,Москва,visit,,0,organic,web
2026-06-08 18:13:22,SPB-0029,Санкт-Петербург,visit,,0,referral,ios
2026-06-08 18:16:34,NSK-0019,Новосибирск,purchase,ORD-000297,290.00,ads,web
2026-06-08 18:17:28,KZN-0019,Казань,purchase,ORD-000284,180.00,organic,web
2026-06-08 18:17:48,MSK-0165,Москва,product_view,,0,organic,ios
2026-06-08 18:20:20,EKB-0008,Екатеринбург,purchase,ORD-000290,820.00,organic,android
2026-06-08 18:22:28,KZN-0101,Казань,visit,,0,referral,ios
2026-06-08 18:23:07,MSK-0053,Москва,product_view,,0,organic,ios
2026-06-08 18:23:45,SPB-0013,Санкт-Петербург,visit,,0,organic,web
2026-06-08 18:23:48,MSK-0053,Москва,product_view,,0,organic,ios
2026-06-08 18:27:34,MSK-0039,Москва,visit,,0,referral,android
2026-06-08 18:28:31,SPB-0013,Санкт-Петербург,product_view,,0,organic,web
2026-06-08 18:31:49,KZN-0021,Казань,product_view,,0,ads,ios
2026-06-08 18:32:16,SPB-0050,Санкт-Петербург,visit,,0,organic,web
2026-06-08 18:33:42,SPB-0179,Санкт-Петербург,visit,,0,organic,ios
2026-06-08 18:36:03,EKB-0019,Екатеринбург,visit,,0,ads,android
2026-06-08 18:36:54,MSK-0027,Москва,product_view,,0,organic,web
2026-06-08 18:37:13,MSK-0073,Москва,visit,,0,organic,android
2026-06-08 18:45:47,NSK-0083,Новосибирск,visit,,0,organic,web
2026-06-08 18:49:49,SPB-0050,Санкт-Петербург,product_view,,0,organic,web
2026-06-08 18:50:08,EKB-0019,Екатеринбург,product_view,,0,ads,android
2026-06-08 18:52:25,MSK-0027,Москва,product_view,,0,organic,web
2026-06-08 18:52:35,MSK-0073,Москва,product_view,,0,organic,android
2026-06-08 18:53:47,SPB-0050,Санкт-Петербург,product_view,,0,organic,web
2026-06-08 18:54:18,MSK-0039,Москва,product_view,,0,referral,android
2026-06-08 18:55:10,SPB-0024,Санкт-Петербург,purchase,ORD-000279,220.00,ads,ios
2026-06-08 19:03:41,NSK-0083,Новосибирск,product_view,,0,organic,web
2026-06-08 19:08:08,MSK-0039,Москва,purchase,ORD-000272,320.00,referral,android
2026-06-08 19:13:57,NSK-0016,Новосибирск,purchase,ORD-000296,290.00,referral,android
2026-06-08 19:22:09,SPB-0018,Санкт-Петербург,purchase,ORD-000274,310.00,organic,web
2026-06-08 20:25:44,SPB-0047,Санкт-Петербург,purchase,ORD-000280,350.00,organic,android
2026-06-08 21:07:31,MSK-0023,Москва,purchase,ORD-000266,270.00,organic,android
2026-06-08 21:40:10,KZN-0001,Казань,purchase,ORD-000283,420.00,organic,web
2026-06-08 21:47:43,EKB-0022,Екатеринбург,purchase,ORD-000294,250.00,organic,ios
2026-06-08 21:57:33,MSK-0030,Москва,purchase,ORD-000264,320.00,ads,ios
2026-06-09 02:09:12,TEST-KZN-0129,Казань,purchase,TEST-00129,140.00,test,web
2026-06-09 02:09:40,TEST-KZN-0009,Казань,purchase,TEST-00009,140.00,test,ios
2026-06-09 02:39:45,TEST-KZN-0039,Казань,purchase,TEST-00039,140.00,test,android
2026-06-09 03:09:29,TEST-KZN-0069,Казань,purchase,TEST-00069,140.00,test,android
2026-06-09 03:39:56,TEST-KZN-0099,Казань,purchase,TEST-00099,140.00,test,android
2026-06-09 08:01:41,NSK-0023,Новосибирск,visit,,0,organic,ios
2026-06-09 08:05:32,KZN-0006,Казань,visit,,0,organic,ios
2026-06-09 08:06:14,KZN-0122,Казань,visit,,0,organic,ios
2026-06-09 08:07:36,MSK-0289,Москва,visit,,0,organic,android
2026-06-09 08:09:14,MSK-0036,Москва,visit,,0,organic,ios
2026-06-09 08:09:33,NSK-0023,Новосибирск,product_view,,0,organic,ios
2026-06-09 08:09:45,MSK-0289,Москва,product_view,,0,organic,android
2026-06-09 08:11:30,MSK-0003,Москва,visit,,0,referral,android
2026-06-09 08:11:30,SPB-0001,Санкт-Петербург,visit,,0,referral,android
2026-06-09 08:16:53,EKB-0011,Екатеринбург,visit,,0,ads,android
2026-06-09 08:24:03,KZN-0122,Казань,product_view,,0,organic,ios
2026-06-09 08:25:54,MSK-0003,Москва,product_view,,0,referral,android
2026-06-09 08:26:16,EKB-0030,Екатеринбург,visit,,0,organic,ios
2026-06-09 08:29:57,NSK-0088,Новосибирск,visit,,0,organic,web
2026-06-09 08:31:38,MSK-0036,Москва,product_view,,0,organic,ios
2026-06-09 08:33:52,SPB-0001,Санкт-Петербург,product_view,,0,referral,android
2026-06-09 08:35:39,EKB-0011,Екатеринбург,product_view,,0,ads,android
2026-06-09 08:36:04,NSK-0021,Новосибирск,visit,,0,organic,web
2026-06-09 08:37:20,KZN-0053,Казань,visit,,0,organic,ios
2026-06-09 08:38:45,NSK-0042,Новосибирск,visit,,0,ads,ios
2026-06-09 08:39:52,EKB-0011,Екатеринбург,product_view,,0,ads,android
2026-06-09 08:39:54,SPB-0001,Санкт-Петербург,product_view,,0,referral,android
2026-06-09 08:41:20,MSK-0003,Москва,product_view,,0,referral,android
2026-06-09 08:41:36,NSK-0002,Новосибирск,visit,,0,organic,android
2026-06-09 08:43:24,NSK-0021,Новосибирск,product_view,,0,organic,web
2026-06-09 08:43:37,KZN-0124,Казань,visit,,0,organic,ios
2026-06-09 08:47:03,KZN-0122,Казань,product_view,,0,organic,ios
2026-06-09 08:47:47,NSK-0002,Новосибирск,product_view,,0,organic,android
2026-06-09 08:48:31,MSK-0278,Москва,visit,,0,ads,android
2026-06-09 08:49:26,SPB-0061,Санкт-Петербург,visit,,0,ads,android
2026-06-09 08:51:19,EKB-0083,Екатеринбург,visit,,0,ads,android
2026-06-09 08:55:25,EKB-0083,Екатеринбург,product_view,,0,ads,android
2026-06-09 08:58:20,EKB-0071,Екатеринбург,visit,,0,organic,web
2026-06-09 08:59:32,MSK-0145,Москва,visit,,0,organic,ios
2026-06-09 09:06:05,KZN-0044,Казань,visit,,0,ads,android
2026-06-09 09:09:24,KZN-0012,Казань,visit,,0,referral,ios
2026-06-09 09:11:20,NSK-0021,Новосибирск,product_view,,0,organic,web
2026-06-09 09:11:53,SPB-0113,Санкт-Петербург,visit,,0,organic,ios
2026-06-09 09:15:17,KZN-0012,Казань,product_view,,0,referral,ios
2026-06-09 09:16:49,SPB-0168,Санкт-Петербург,visit,,0,organic,android
2026-06-09 09:17:52,MSK-0204,Москва,visit,,0,referral,ios
2026-06-09 09:25:06,EKB-0071,Екатеринбург,product_view,,0,organic,web
2026-06-09 09:31:20,SPB-0113,Санкт-Петербург,product_view,,0,organic,ios
2026-06-09 09:31:56,MSK-0039,Москва,visit,,0,referral,android
2026-06-09 09:32:09,SPB-0154,Санкт-Петербург,visit,,0,referral,ios
2026-06-09 09:37:17,SPB-0168,Санкт-Петербург,product_view,,0,organic,android
2026-06-09 09:38:28,KZN-0068,Казань,visit,,0,ads,android
2026-06-09 09:49:09,NSK-0025,Новосибирск,visit,,0,ads,android
2026-06-09 09:57:22,NSK-0025,Новосибирск,product_view,,0,ads,android
2026-06-09 09:57:48,EKB-0094,Екатеринбург,visit,,0,organic,android
2026-06-09 09:59:03,SPB-0005,Санкт-Петербург,visit,,0,ads,web
2026-06-09 10:01:36,SPB-0193,Санкт-Петербург,visit,,0,organic,web
2026-06-09 10:02:26,EKB-0094,Екатеринбург,product_view,,0,organic,android
2026-06-09 10:07:20,NSK-0025,Новосибирск,product_view,,0,ads,android
2026-06-09 10:13:22,SPB-0059,Санкт-Петербург,visit,,0,ads,web
2026-06-09 10:14:13,MSK-0021,Москва,visit,,0,organic,android
2026-06-09 10:15:26,NSK-0063,Новосибирск,visit,,0,referral,android
2026-06-09 10:16:51,SPB-0193,Санкт-Петербург,product_view,,0,organic,web
2026-06-09 10:17:26,SPB-0035,Санкт-Петербург,visit,,0,ads,ios
2026-06-09 10:25:43,KZN-0045,Казань,visit,,0,referral,android
2026-06-09 10:26:29,SPB-0027,Санкт-Петербург,visit,,0,organic,android
2026-06-09 10:27:50,EKB-0108,Екатеринбург,visit,,0,organic,android
2026-06-09 10:28:04,MSK-0021,Москва,product_view,,0,organic,android
2026-06-09 10:29:27,NSK-0086,Новосибирск,visit,,0,organic,android
2026-06-09 10:30:12,SPB-0059,Санкт-Петербург,product_view,,0,ads,web
2026-06-09 10:38:07,MSK-0021,Москва,product_view,,0,organic,android
2026-06-09 10:38:47,SPB-0058,Санкт-Петербург,visit,,0,referral,ios
2026-06-09 10:41:51,KZN-0028,Казань,visit,,0,organic,web
2026-06-09 10:42:14,KZN-0129,Казань,visit,,0,referral,android
2026-06-09 10:42:25,SPB-0059,Санкт-Петербург,product_view,,0,ads,web
2026-06-09 10:42:56,SPB-0090,Санкт-Петербург,visit,,0,organic,android
2026-06-09 10:44:00,SPB-0035,Санкт-Петербург,product_view,,0,ads,ios
2026-06-09 10:44:11,EKB-0108,Екатеринбург,product_view,,0,organic,android
2026-06-09 10:49:26,EKB-0012,Екатеринбург,visit,,0,referral,android
2026-06-09 10:52:54,SPB-0025,Санкт-Петербург,visit,,0,ads,ios
2026-06-09 10:53:29,SPB-0058,Санкт-Петербург,product_view,,0,referral,ios
2026-06-09 10:53:53,SPB-0027,Санкт-Петербург,product_view,,0,organic,android
2026-06-09 10:54:37,KZN-0028,Казань,product_view,,0,organic,web
2026-06-09 10:54:44,SPB-0090,Санкт-Петербург,product_view,,0,organic,android
2026-06-09 10:55:18,NSK-0019,Новосибирск,visit,,0,ads,web
2026-06-09 10:56:31,KZN-0129,Казань,product_view,,0,referral,android
2026-06-09 11:01:17,NSK-0082,Новосибирск,visit,,0,referral,android
2026-06-09 11:02:42,MSK-0235,Москва,visit,,0,organic,android
2026-06-09 11:06:30,MSK-0178,Москва,visit,,0,ads,android
2026-06-09 11:08:14,KZN-0028,Казань,product_view,,0,organic,web
2026-06-09 11:09:39,SPB-0058,Санкт-Петербург,product_view,,0,referral,ios
2026-06-09 11:12:48,MSK-0281,Москва,visit,,0,organic,ios
2026-06-09 11:13:01,MSK-0002,Москва,purchase,ORD-000304,670.00,organic,android
2026-06-09 11:17:01,NSK-0001,Новосибирск,visit,,0,organic,android
2026-06-09 11:22:15,MSK-0178,Москва,product_view,,0,ads,android
2026-06-09 11:24:54,MSK-0003,Москва,purchase,ORD-000301,230.00,referral,android
2026-06-09 11:27:27,NSK-0027,Новосибирск,visit,,0,organic,web
2026-06-09 11:28:14,MSK-0020,Москва,visit,,0,ads,android
2026-06-09 11:29:36,MSK-0235,Москва,product_view,,0,organic,android
2026-06-09 11:32:41,NSK-0023,Новосибирск,purchase,ORD-000337,290.00,organic,ios
2026-06-09 11:33:12,MSK-0023,Москва,visit,,0,organic,android
2026-06-09 11:33:58,NSK-0025,Новосибирск,purchase,ORD-000338,250.00,ads,android
2026-06-09 11:34:32,MSK-0035,Москва,purchase,ORD-000309,230.00,organic,android
2026-06-09 11:35:08,KZN-0005,Казань,visit,,0,ads,ios
2026-06-09 11:35:21,KZN-0019,Казань,visit,,0,organic,web
2026-06-09 11:35:34,SPB-0021,Санкт-Петербург,visit,,0,organic,android
2026-06-09 11:36:25,NSK-0001,Новосибирск,product_view,,0,organic,android
2026-06-09 11:37:34,MSK-0020,Москва,product_view,,0,ads,android
2026-06-09 11:39:48,MSK-0235,Москва,product_view,,0,organic,android
2026-06-09 11:41:26,SPB-0020,Санкт-Петербург,visit,,0,ads,ios
2026-06-09 11:41:43,NSK-0006,Новосибирск,visit,,0,ads,ios
2026-06-09 11:41:51,MSK-0268,Москва,visit,,0,organic,ios
2026-06-09 11:47:16,MSK-0223,Москва,visit,,0,organic,ios
2026-06-09 11:51:13,KZN-0005,Казань,purchase,ORD-000328,340.00,ads,ios
2026-06-09 11:51:14,SPB-0021,Санкт-Петербург,product_view,,0,organic,android
2026-06-09 11:52:58,MSK-0007,Москва,visit,,0,organic,ios
2026-06-09 11:54:08,MSK-0223,Москва,product_view,,0,organic,ios
2026-06-09 11:54:34,MSK-0023,Москва,product_view,,0,organic,android
2026-06-09 11:56:06,NSK-0006,Новосибирск,product_view,,0,ads,ios
2026-06-09 11:56:20,SPB-0155,Санкт-Петербург,visit,,0,ads,android
2026-06-09 11:56:49,MSK-0013,Москва,visit,,0,ads,web
2026-06-09 11:59:28,KZN-0005,Казань,product_view,,0,ads,ios
2026-06-09 12:01:05,EKB-0096,Екатеринбург,visit,,0,ads,ios
2026-06-09 12:09:35,MSK-0073,Москва,visit,,0,organic,android
2026-06-09 12:13:50,SPB-0020,Санкт-Петербург,product_view,,0,ads,ios
2026-06-09 12:18:10,MSK-0275,Москва,visit,,0,ads,android
2026-06-09 12:18:27,MSK-0042,Москва,visit,,0,organic,web
2026-06-09 12:25:06,KZN-0007,Казань,purchase,ORD-000327,300.00,ads,android
2026-06-09 12:25:49,MSK-0052,Москва,visit,,0,organic,android
2026-06-09 12:26:08,MSK-0013,Москва,product_view,,0,ads,web
2026-06-09 12:29:00,EKB-0037,Екатеринбург,visit,,0,organic,ios
2026-06-09 12:30:06,MSK-0073,Москва,product_view,,0,organic,android
2026-06-09 12:30:23,SPB-0100,Санкт-Петербург,visit,,0,organic,android
2026-06-09 12:30:34,MSK-0217,Москва,visit,,0,organic,ios
2026-06-09 12:32:48,SPB-0149,Санкт-Петербург,visit,,0,organic,android
2026-06-09 12:33:51,EKB-0104,Екатеринбург,visit,,0,organic,web
2026-06-09 12:34:59,MSK-0275,Москва,product_view,,0,ads,android
2026-06-09 12:36:58,SPB-0041,Санкт-Петербург,visit,,0,ads,web
2026-06-09 12:41:10,MSK-0042,Москва,product_view,,0,organic,web
2026-06-09 12:41:31,MSK-0044,Москва,visit,,0,organic,ios
2026-06-09 12:41:36,SPB-0101,Санкт-Петербург,visit,,0,organic,web
2026-06-09 12:43:01,MSK-0051,Москва,visit,,0,organic,android
2026-06-09 12:44:33,SPB-0149,Санкт-Петербург,product_view,,0,organic,android
2026-06-09 12:44:40,MSK-0044,Москва,product_view,,0,organic,ios
2026-06-09 12:48:07,KZN-0084,Казань,visit,,0,organic,web
2026-06-09 12:48:53,MSK-0212,Москва,visit,,0,organic,android
2026-06-09 12:49:54,SPB-0041,Санкт-Петербург,purchase,ORD-000317,220.00,ads,web
2026-06-09 12:52:17,EKB-0104,Екатеринбург,product_view,,0,organic,web
2026-06-09 12:52:39,SPB-0071,Санкт-Петербург,visit,,0,referral,android
2026-06-09 12:53:27,MSK-0052,Москва,product_view,,0,organic,android
2026-06-09 12:56:34,EKB-0093,Екатеринбург,visit,,0,ads,android
2026-06-09 12:59:07,SPB-0169,Санкт-Петербург,visit,,0,organic,android
2026-06-09 13:02:23,EKB-0037,Екатеринбург,product_view,,0,organic,ios
2026-06-09 13:03:05,SPB-0041,Санкт-Петербург,product_view,,0,ads,web
2026-06-09 13:04:22,SPB-0169,Санкт-Петербург,product_view,,0,organic,android
2026-06-09 13:05:01,SPB-0081,Санкт-Петербург,visit,,0,referral,ios
2026-06-09 13:05:48,SPB-0101,Санкт-Петербург,product_view,,0,organic,web
2026-06-09 13:06:06,EKB-0009,Екатеринбург,purchase,ORD-000332,550.00,organic,android
2026-06-09 13:08:29,KZN-0084,Казань,product_view,,0,organic,web
2026-06-09 13:14:49,MSK-0031,Москва,visit,,0,organic,android
2026-06-09 13:14:59,KZN-0029,Казань,visit,,0,ads,ios
2026-06-09 13:17:57,KZN-0029,Казань,product_view,,0,ads,ios
2026-06-09 13:20:33,MSK-0021,Москва,purchase,ORD-000305,190.00,organic,android
2026-06-09 13:22:23,MSK-0005,Москва,visit,,0,referral,ios
2026-06-09 13:22:28,SPB-0071,Санкт-Петербург,product_view,,0,referral,android
2026-06-09 13:22:44,MSK-0212,Москва,product_view,,0,organic,android
2026-06-09 13:23:47,MSK-0212,Москва,product_view,,0,organic,android
2026-06-09 13:24:14,SPB-0071,Санкт-Петербург,product_view,,0,referral,android
2026-06-09 13:26:05,MSK-0056,Москва,purchase,ORD-000306,230.00,organic,android
2026-06-09 13:36:05,MSK-0085,Москва,visit,,0,organic,ios
2026-06-09 13:39:19,EKB-0085,Екатеринбург,visit,,0,organic,ios
2026-06-09 13:40:16,MSK-0031,Москва,product_view,,0,organic,android
2026-06-09 13:44:38,MSK-0128,Москва,visit,,0,organic,android
2026-06-09 13:45:36,MSK-0005,Москва,product_view,,0,referral,ios
2026-06-09 13:45:36,SPB-0184,Санкт-Петербург,visit,,0,referral,ios
2026-06-09 13:46:16,KZN-0029,Казань,product_view,,0,ads,ios
2026-06-09 13:51:07,KZN-0012,Казань,purchase,ORD-000323,380.00,referral,ios
2026-06-09 13:59:55,MSK-0125,Москва,visit,,0,organic,android
2026-06-09 14:05:42,SPB-0171,Санкт-Петербург,visit,,0,organic,android
2026-06-09 14:10:57,NSK-0055,Новосибирск,visit,,0,referral,ios
2026-06-09 14:13:30,SPB-0139,Санкт-Петербург,visit,,0,ads,android
2026-06-09 14:15:09,SPB-0035,Санкт-Петербург,purchase,ORD-000314,650.00,ads,ios
2026-06-09 14:24:07,NSK-0055,Новосибирск,product_view,,0,referral,ios
2026-06-09 14:28:05,MSK-0005,Москва,purchase,ORD-000311,230.00,referral,ios
2026-06-09 14:30:35,EKB-0020,Екатеринбург,visit,,0,ads,ios
2026-06-09 14:30:57,KZN-0016,Казань,purchase,ORD-000325,300.00,organic,ios
2026-06-09 14:31:48,KZN-0009,Казань,purchase,ORD-000324,420.00,organic,android
2026-06-09 14:34:31,MSK-0125,Москва,product_view,,0,organic,android
2026-06-09 14:35:33,MSK-0149,Москва,visit,,0,organic,android
2026-06-09 14:37:20,SPB-0171,Санкт-Петербург,product_view,,0,organic,android
2026-06-09 14:39:08,KZN-0059,Казань,visit,,0,organic,ios
2026-06-09 14:39:09,EKB-0009,Екатеринбург,visit,,0,organic,android
2026-06-09 14:43:14,EKB-0117,Екатеринбург,visit,,0,ads,ios
2026-06-09 14:45:53,KZN-0009,Казань,visit,,0,organic,android
2026-06-09 14:47:04,MSK-0097,Москва,visit,,0,ads,web
2026-06-09 14:47:23,EKB-0016,Екатеринбург,purchase,ORD-000334,290.00,organic,android
2026-06-09 14:47:58,SPB-0119,Санкт-Петербург,visit,,0,organic,android
2026-06-09 14:50:35,MSK-0015,Москва,visit,,0,organic,android
2026-06-09 14:50:50,SPB-0171,Санкт-Петербург,product_view,,0,organic,android
2026-06-09 14:53:27,KZN-0131,Казань,visit,,0,organic,android
2026-06-09 14:54:56,SPB-0135,Санкт-Петербург,visit,,0,referral,android
2026-06-09 14:55:08,EKB-0009,Екатеринбург,product_view,,0,organic,android
2026-06-09 14:59:45,EKB-0020,Екатеринбург,product_view,,0,ads,ios
2026-06-09 15:00:39,MSK-0097,Москва,product_view,,0,ads,web
2026-06-09 15:00:40,KZN-0009,Казань,product_view,,0,organic,android
2026-06-09 15:01:06,KZN-0029,Казань,purchase,ORD-000326,300.00,ads,ios
2026-06-09 15:03:12,MSK-0015,Москва,product_view,,0,organic,android
2026-06-09 15:05:06,SPB-0014,Санкт-Петербург,visit,,0,organic,web
2026-06-09 15:06:09,SPB-0204,Санкт-Петербург,visit,,0,ads,ios
2026-06-09 15:06:23,KZN-0093,Казань,visit,,0,organic,android
2026-06-09 15:07:08,SPB-0119,Санкт-Петербург,product_view,,0,organic,android
2026-06-09 15:09:21,EKB-0004,Екатеринбург,visit,,0,ads,web
2026-06-09 15:11:35,EKB-0009,Екатеринбург,product_view,,0,organic,android
2026-06-09 15:12:24,KZN-0131,Казань,product_view,,0,organic,android
2026-06-09 15:15:41,EKB-0117,Екатеринбург,product_view,,0,ads,ios
2026-06-09 15:19:28,MSK-0015,Москва,product_view,,0,organic,android
2026-06-09 15:19:36,SPB-0135,Санкт-Петербург,product_view,,0,referral,android
2026-06-09 15:21:06,EKB-0004,Екатеринбург,product_view,,0,ads,web
2026-06-09 15:21:57,SPB-0014,Санкт-Петербург,product_view,,0,organic,web
2026-06-09 15:24:27,SPB-0014,Санкт-Петербург,product_view,,0,organic,web
2026-06-09 15:24:41,KZN-0009,Казань,product_view,,0,organic,android
2026-06-09 15:29:15,KZN-0093,Казань,product_view,,0,organic,android
2026-06-09 15:40:51,EKB-0005,Екатеринбург,visit,,0,organic,android
2026-06-09 15:41:40,MSK-0035,Москва,visit,,0,organic,android
2026-06-09 15:43:28,EKB-0005,Екатеринбург,product_view,,0,organic,android
2026-06-09 15:45:08,SPB-0174,Санкт-Петербург,visit,,0,organic,web
2026-06-09 15:56:12,EKB-0016,Екатеринбург,visit,,0,organic,android
2026-06-09 15:56:59,SPB-0028,Санкт-Петербург,purchase,ORD-000321,430.00,ads,web
2026-06-09 15:58:43,SPB-0174,Санкт-Петербург,product_view,,0,organic,web
2026-06-09 16:04:29,MSK-0197,Москва,visit,,0,ads,android
2026-06-09 16:05:05,SPB-0048,Санкт-Петербург,visit,,0,organic,android
2026-06-09 16:09:23,MSK-0240,Москва,visit,,0,organic,ios
2026-06-09 16:10:51,SPB-0028,Санкт-Петербург,visit,,0,ads,web
2026-06-09 16:15:57,MSK-0035,Москва,product_view,,0,organic,android
2026-06-09 16:23:28,NSK-0004,Новосибирск,visit,,0,ads,ios
2026-06-09 16:28:57,SPB-0027,Санкт-Петербург,purchase,ORD-000316,390.00,organic,android
2026-06-09 16:28:59,SPB-0048,Санкт-Петербург,product_view,,0,organic,android
2026-06-09 16:29:56,EKB-0016,Екатеринбург,product_view,,0,organic,android
2026-06-09 16:30:23,SPB-0014,Санкт-Петербург,purchase,ORD-000315,310.00,organic,web
2026-06-09 16:30:43,MSK-0020,Москва,purchase,ORD-000307,590.00,ads,android
2026-06-09 16:33:21,SPB-0028,Санкт-Петербург,product_view,,0,ads,web
2026-06-09 16:33:28,NSK-0004,Новосибирск,product_view,,0,ads,ios
2026-06-09 16:38:14,KZN-0007,Казань,visit,,0,ads,android
2026-06-09 16:42:53,SPB-0009,Санкт-Петербург,visit,,0,organic,ios
2026-06-09 16:43:17,SPB-0020,Санкт-Петербург,purchase,ORD-000320,350.00,ads,ios
2026-06-09 16:45:56,MSK-0144,Москва,visit,,0,organic,android
2026-06-09 16:47:15,MSK-0027,Москва,visit,,0,organic,web
2026-06-09 16:48:01,MSK-0002,Москва,visit,,0,organic,android
2026-06-09 16:51:11,MSK-0045,Москва,visit,,0,ads,ios
2026-06-09 16:51:40,MSK-0027,Москва,product_view,,0,organic,web
2026-06-09 16:51:54,SPB-0028,Санкт-Петербург,product_view,,0,ads,web
2026-06-09 16:52:29,KZN-0007,Казань,product_view,,0,ads,android
2026-06-09 16:52:32,SPB-0009,Санкт-Петербург,product_view,,0,organic,ios
2026-06-09 16:57:16,NSK-0071,Новосибирск,visit,,0,ads,android
2026-06-09 16:57:34,EKB-0020,Екатеринбург,purchase,ORD-000329,220.00,ads,ios
2026-06-09 16:58:34,MSK-0144,Москва,product_view,,0,organic,android
2026-06-09 17:01:22,MSK-0002,Москва,product_view,,0,organic,android
2026-06-09 17:02:50,MSK-0270,Москва,visit,,0,referral,android
2026-06-09 17:06:25,NSK-0071,Новосибирск,product_view,,0,ads,android
2026-06-09 17:07:01,MSK-0069,Москва,visit,,0,organic,web
2026-06-09 17:12:37,MSK-0049,Москва,visit,,0,organic,android
2026-06-09 17:13:06,NSK-0006,Новосибирск,purchase,ORD-000336,250.00,ads,ios
2026-06-09 17:13:19,MSK-0183,Москва,visit,,0,referral,android
2026-06-09 17:22:31,KZN-0056,Казань,visit,,0,organic,ios
2026-06-09 17:27:03,MSK-0248,Москва,visit,,0,organic,ios
2026-06-09 17:28:14,MSK-0013,Москва,purchase,ORD-000313,440.00,ads,web
2026-06-09 17:31:59,MSK-0049,Москва,product_view,,0,organic,android
2026-06-09 17:36:21,KZN-0101,Казань,visit,,0,referral,ios
2026-06-09 17:37:50,MSK-0129,Москва,visit,,0,ads,ios
2026-06-09 17:38:24,MSK-0183,Москва,product_view,,0,referral,android
2026-06-09 17:38:39,MSK-0127,Москва,visit,,0,ads,web
2026-06-09 17:38:51,KZN-0117,Казань,visit,,0,ads,ios
2026-06-09 17:41:20,SPB-0099,Санкт-Петербург,visit,,0,organic,android
2026-06-09 17:41:49,MSK-0049,Москва,product_view,,0,organic,android
2026-06-09 17:41:54,MSK-0252,Москва,visit,,0,organic,android
2026-06-09 17:46:02,KZN-0135,Казань,visit,,0,organic,ios
2026-06-09 17:47:02,KZN-0101,Казань,product_view,,0,referral,ios
2026-06-09 17:48:26,SPB-0031,Санкт-Петербург,visit,,0,ads,android
2026-06-09 17:49:07,MSK-0252,Москва,product_view,,0,organic,android
2026-06-09 17:51:40,MSK-0056,Москва,visit,,0,organic,android
2026-06-09 17:51:52,EKB-0064,Екатеринбург,visit,,0,organic,android
2026-06-09 17:53:37,EKB-0003,Екатеринбург,visit,,0,organic,android
2026-06-09 17:54:05,EKB-0042,Екатеринбург,visit,,0,ads,ios
2026-06-09 17:56:00,EKB-0042,Екатеринбург,product_view,,0,ads,ios
2026-06-09 17:57:00,KZN-0087,Казань,visit,,0,organic,web
2026-06-09 17:59:10,MSK-0201,Москва,visit,,0,organic,android
2026-06-09 17:59:47,SPB-0091,Санкт-Петербург,visit,,0,organic,ios
2026-06-09 18:02:27,SPB-0099,Санкт-Петербург,product_view,,0,organic,android
2026-06-09 18:04:22,SPB-0076,Санкт-Петербург,visit,,0,referral,web
2026-06-09 18:08:25,SPB-0031,Санкт-Петербург,product_view,,0,ads,android
2026-06-09 18:08:48,KZN-0101,Казань,product_view,,0,referral,ios
2026-06-09 18:09:23,MSK-0062,Москва,visit,,0,organic,android
2026-06-09 18:11:15,EKB-0064,Екатеринбург,product_view,,0,organic,android
2026-06-09 18:11:48,EKB-0003,Екатеринбург,product_view,,0,organic,android
2026-06-09 18:14:31,NSK-0059,Новосибирск,visit,,0,ads,ios
2026-06-09 18:15:44,EKB-0003,Екатеринбург,product_view,,0,organic,android
2026-06-09 18:18:08,MSK-0056,Москва,product_view,,0,organic,android
2026-06-09 18:19:55,MSK-0062,Москва,product_view,,0,organic,android
2026-06-09 18:20:13,KZN-0135,Казань,product_view,,0,organic,ios
2026-06-09 18:21:32,SPB-0091,Санкт-Петербург,product_view,,0,organic,ios
2026-06-09 18:21:37,EKB-0064,Екатеринбург,product_view,,0,organic,android
2026-06-09 18:23:13,MSK-0056,Москва,product_view,,0,organic,android
2026-06-09 18:24:40,SPB-0048,Санкт-Петербург,purchase,ORD-000322,650.00,organic,android
2026-06-09 18:26:30,SPB-0203,Санкт-Петербург,visit,,0,ads,android
2026-06-09 18:28:19,KZN-0016,Казань,visit,,0,organic,ios
2026-06-09 18:29:56,MSK-0062,Москва,product_view,,0,organic,android
2026-06-09 18:30:04,SPB-0039,Санкт-Петербург,visit,,0,organic,web
2026-06-09 18:31:31,MSK-0201,Москва,product_view,,0,organic,android
2026-06-09 18:32:56,MSK-0160,Москва,visit,,0,organic,ios
2026-06-09 18:36:12,EKB-0078,Екатеринбург,visit,,0,referral,android
2026-06-09 18:37:39,NSK-0059,Новосибирск,product_view,,0,ads,ios
2026-06-09 18:37:53,SPB-0079,Санкт-Петербург,visit,,0,ads,android
2026-06-09 18:38:32,KZN-0105,Казань,visit,,0,organic,ios
2026-06-09 18:41:26,MSK-0194,Москва,visit,,0,organic,android
2026-06-09 18:43:39,NSK-0005,Новосибирск,visit,,0,referral,android
2026-06-09 18:44:16,SPB-0039,Санкт-Петербург,product_view,,0,organic,web
2026-06-09 18:48:25,EKB-0003,Екатеринбург,purchase,ORD-000331,180.00,organic,android
2026-06-09 18:50:27,MSK-0194,Москва,product_view,,0,organic,android
2026-06-09 18:50:58,MSK-0244,Москва,visit,,0,ads,android
2026-06-09 18:51:52,KZN-0016,Казань,product_view,,0,organic,ios
2026-06-09 18:54:43,MSK-0052,Москва,purchase,ORD-000302,320.00,organic,android
2026-06-09 18:55:05,KZN-0105,Казань,product_view,,0,organic,ios
2026-06-09 18:59:43,MSK-0273,Москва,visit,,0,organic,android
2026-06-09 19:00:04,KZN-0016,Казань,product_view,,0,organic,ios
2026-06-09 19:00:04,EKB-0078,Екатеринбург,product_view,,0,referral,android
2026-06-09 19:02:00,SPB-0039,Санкт-Петербург,product_view,,0,organic,web
2026-06-09 19:10:58,EKB-0078,Екатеринбург,product_view,,0,referral,android
2026-06-09 19:15:59,NSK-0005,Новосибирск,product_view,,0,referral,android
2026-06-09 19:17:05,NSK-0005,Новосибирск,product_view,,0,referral,android
2026-06-09 19:20:13,MSK-0073,Москва,purchase,ORD-000308,320.00,organic,android
2026-06-09 19:33:30,EKB-0011,Екатеринбург,purchase,ORD-000333,250.00,ads,android
2026-06-09 19:42:07,MSK-0052,Москва,purchase,ORD-000303,320.00,organic,android
2026-06-09 20:35:11,SPB-0021,Санкт-Петербург,purchase,ORD-000319,270.00,organic,android
2026-06-09 20:38:54,MSK-0062,Москва,purchase,ORD-000310,190.00,organic,android
2026-06-09 20:46:31,MSK-0042,Москва,purchase,ORD-000312,230.00,organic,web
2026-06-09 20:50:01,SPB-0001,Санкт-Петербург,purchase,ORD-000318,180.00,referral,android
2026-06-09 21:57:46,NSK-0021,Новосибирск,purchase,ORD-000335,610.00,organic,web
2026-06-09 22:13:53,EKB-0020,Екатеринбург,purchase,ORD-000330,330.00,ads,ios
2026-06-10 02:10:18,TEST-KZN-0130,Казань,purchase,TEST-00130,100.00,test,android
2026-06-10 02:10:34,TEST-KZN-0010,Казань,purchase,TEST-00010,100.00,test,android
2026-06-10 02:40:44,TEST-KZN-0040,Казань,purchase,TEST-00040,100.00,test,ios
2026-06-10 03:10:43,TEST-KZN-0070,Казань,purchase,TEST-00070,100.00,test,ios
2026-06-10 03:40:35,TEST-KZN-0100,Казань,purchase,TEST-00100,100.00,test,android
2026-06-10 08:01:27,NSK-0016,Новосибирск,visit,,0,referral,android
2026-06-10 08:02:47,MSK-0189,Москва,visit,,0,organic,android
2026-06-10 08:03:15,NSK-0009,Новосибирск,visit,,0,ads,android
2026-06-10 08:11:04,SPB-0146,Санкт-Петербург,visit,,0,organic,android
2026-06-10 08:12:29,NSK-0016,Новосибирск,product_view,,0,referral,android
2026-06-10 08:17:22,EKB-0058,Екатеринбург,visit,,0,organic,web
2026-06-10 08:24:47,EKB-0024,Екатеринбург,visit,,0,ads,android
2026-06-10 08:29:59,NSK-0019,Новосибирск,visit,,0,ads,web
2026-06-10 08:30:04,NSK-0016,Новосибирск,product_view,,0,referral,android
2026-06-10 08:30:34,MSK-0220,Москва,visit,,0,organic,android
2026-06-10 08:37:12,MSK-0043,Москва,visit,,0,referral,android
2026-06-10 08:41:52,SPB-0146,Санкт-Петербург,product_view,,0,organic,android
2026-06-10 08:42:48,NSK-0019,Новосибирск,product_view,,0,ads,web
2026-06-10 08:46:44,MSK-0114,Москва,visit,,0,organic,android
2026-06-10 08:49:15,NSK-0010,Новосибирск,visit,,0,ads,ios
2026-06-10 08:49:39,MSK-0245,Москва,visit,,0,referral,android
2026-06-10 08:50:26,EKB-0029,Екатеринбург,visit,,0,ads,android
2026-06-10 08:52:02,EKB-0030,Екатеринбург,visit,,0,organic,ios
2026-06-10 08:54:49,SPB-0016,Санкт-Петербург,visit,,0,referral,ios
2026-06-10 08:57:47,NSK-0080,Новосибирск,visit,,0,ads,ios
2026-06-10 08:58:55,SPB-0201,Санкт-Петербург,visit,,0,organic,web
2026-06-10 09:00:08,KZN-0013,Казань,visit,,0,ads,android
2026-06-10 09:00:08,EKB-0024,Екатеринбург,product_view,,0,ads,android
2026-06-10 09:02:04,MSK-0245,Москва,product_view,,0,referral,android
2026-06-10 09:05:17,KZN-0083,Казань,visit,,0,ads,ios
2026-06-10 09:09:02,MSK-0245,Москва,product_view,,0,referral,android
2026-06-10 09:10:36,NSK-0010,Новосибирск,product_view,,0,ads,ios
2026-06-10 09:12:26,MSK-0249,Москва,visit,,0,ads,ios
2026-06-10 09:13:51,EKB-0030,Екатеринбург,product_view,,0,organic,ios
2026-06-10 09:14:42,MSK-0142,Москва,visit,,0,organic,android
2026-06-10 09:15:04,NSK-0072,Новосибирск,visit,,0,organic,ios
2026-06-10 09:15:18,NSK-0018,Новосибирск,visit,,0,organic,android
2026-06-10 09:16:55,MSK-0114,Москва,product_view,,0,organic,android
2026-06-10 09:23:23,EKB-0030,Екатеринбург,product_view,,0,organic,ios
2026-06-10 09:24:50,SPB-0173,Санкт-Петербург,visit,,0,organic,android
2026-06-10 09:26:10,KZN-0013,Казань,product_view,,0,ads,android
2026-06-10 09:26:36,SPB-0016,Санкт-Петербург,product_view,,0,referral,ios
2026-06-10 09:31:16,MSK-0249,Москва,product_view,,0,ads,ios
2026-06-10 09:31:58,NSK-0047,Новосибирск,visit,,0,organic,android
2026-06-10 09:32:44,MSK-0249,Москва,product_view,,0,ads,ios
2026-06-10 09:34:13,EKB-0002,Екатеринбург,visit,,0,organic,android
2026-06-10 09:34:53,KZN-0083,Казань,product_view,,0,ads,ios
2026-06-10 09:34:56,SPB-0004,Санкт-Петербург,visit,,0,ads,android
2026-06-10 09:34:58,MSK-0056,Москва,visit,,0,organic,android
2026-06-10 09:35:18,MSK-0130,Москва,visit,,0,organic,ios
2026-06-10 09:38:53,EKB-0002,Екатеринбург,product_view,,0,organic,android
2026-06-10 09:39:28,EKB-0119,Екатеринбург,visit,,0,organic,ios
2026-06-10 09:40:43,SPB-0123,Санкт-Петербург,visit,,0,ads,ios
2026-06-10 09:40:49,NSK-0047,Новосибирск,product_view,,0,organic,android
2026-06-10 09:41:59,EKB-0073,Екатеринбург,visit,,0,ads,web
2026-06-10 09:45:00,EKB-0108,Екатеринбург,visit,,0,organic,android
2026-06-10 09:45:04,MSK-0013,Москва,visit,,0,ads,web
2026-06-10 09:47:06,SPB-0004,Санкт-Петербург,product_view,,0,ads,android
2026-06-10 09:48:06,MSK-0135,Москва,visit,,0,referral,android
2026-06-10 09:48:34,SPB-0173,Санкт-Петербург,product_view,,0,organic,android
2026-06-10 09:49:07,SPB-0123,Санкт-Петербург,product_view,,0,ads,ios
2026-06-10 09:55:27,EKB-0108,Екатеринбург,product_view,,0,organic,android
2026-06-10 09:57:03,MSK-0131,Москва,visit,,0,ads,ios
2026-06-10 10:00:30,MSK-0056,Москва,product_view,,0,organic,android
2026-06-10 10:02:47,EKB-0076,Екатеринбург,visit,,0,ads,android
2026-06-10 10:02:48,EKB-0119,Екатеринбург,product_view,,0,organic,ios
2026-06-10 10:03:26,SPB-0143,Санкт-Петербург,visit,,0,organic,android
2026-06-10 10:09:35,MSK-0130,Москва,product_view,,0,organic,ios
2026-06-10 10:10:57,SPB-0001,Санкт-Петербург,visit,,0,referral,android
2026-06-10 10:17:36,MSK-0013,Москва,product_view,,0,ads,web
2026-06-10 10:19:23,KZN-0049,Казань,visit,,0,organic,android
2026-06-10 10:20:21,EKB-0103,Екатеринбург,visit,,0,ads,web
2026-06-10 10:20:48,EKB-0076,Екатеринбург,product_view,,0,ads,android
2026-06-10 10:22:43,MSK-0292,Москва,visit,,0,ads,ios
2026-06-10 10:23:22,SPB-0143,Санкт-Петербург,product_view,,0,organic,android
2026-06-10 10:24:50,MSK-0292,Москва,product_view,,0,ads,ios
2026-06-10 10:25:33,EKB-0001,Екатеринбург,visit,,0,referral,ios
2026-06-10 10:26:22,NSK-0094,Новосибирск,visit,,0,organic,ios
2026-06-10 10:28:45,MSK-0024,Москва,visit,,0,referral,ios
2026-06-10 10:29:00,SPB-0001,Санкт-Петербург,product_view,,0,referral,android
2026-06-10 10:31:45,MSK-0024,Москва,product_view,,0,referral,ios
2026-06-10 10:32:43,EKB-0001,Екатеринбург,product_view,,0,referral,ios
2026-06-10 10:33:58,EKB-0099,Екатеринбург,visit,,0,organic,ios
2026-06-10 10:34:07,NSK-0069,Новосибирск,visit,,0,organic,web
2026-06-10 10:35:00,SPB-0222,Санкт-Петербург,visit,,0,referral,ios
2026-06-10 10:35:56,KZN-0001,Казань,visit,,0,organic,web
2026-06-10 10:38:17,SPB-0042,Санкт-Петербург,purchase,ORD-000357,430.00,organic,web
2026-06-10 10:45:55,MSK-0161,Москва,visit,,0,organic,ios
2026-06-10 10:48:24,NSK-0038,Новосибирск,visit,,0,organic,ios
2026-06-10 10:50:24,MSK-0024,Москва,product_view,,0,referral,ios
2026-06-10 10:54:43,NSK-0032,Новосибирск,visit,,0,ads,android
2026-06-10 10:55:15,NSK-0011,Новосибирск,visit,,0,organic,ios
2026-06-10 10:58:52,NSK-0094,Новосибирск,product_view,,0,organic,ios
2026-06-10 10:59:06,MSK-0109,Москва,visit,,0,ads,android
2026-06-10 10:59:32,SPB-0198,Санкт-Петербург,visit,,0,referral,ios
2026-06-10 10:59:39,MSK-0009,Москва,visit,,0,organic,ios
2026-06-10 10:59:53,SPB-0197,Санкт-Петербург,visit,,0,organic,android
2026-06-10 10:59:53,NSK-0069,Новосибирск,product_view,,0,organic,web
2026-06-10 11:03:00,SPB-0109,Санкт-Петербург,visit,,0,organic,android
2026-06-10 11:05:37,MSK-0161,Москва,product_view,,0,organic,ios
2026-06-10 11:05:38,KZN-0082,Казань,visit,,0,organic,android
2026-06-10 11:08:14,KZN-0001,Казань,product_view,,0,organic,web
2026-06-10 11:10:11,MSK-0009,Москва,product_view,,0,organic,ios
2026-06-10 11:13:19,MSK-0034,Москва,visit,,0,organic,android
2026-06-10 11:14:20,SPB-0140,Санкт-Петербург,visit,,0,ads,web
2026-06-10 11:14:37,MSK-0019,Москва,visit,,0,ads,android
2026-06-10 11:16:45,EKB-0071,Екатеринбург,visit,,0,organic,web
2026-06-10 11:17:27,MSK-0161,Москва,product_view,,0,organic,ios
2026-06-10 11:18:31,MSK-0034,Москва,product_view,,0,organic,android
2026-06-10 11:20:37,NSK-0011,Новосибирск,product_view,,0,organic,ios
2026-06-10 11:22:54,EKB-0062,Екатеринбург,visit,,0,organic,android
2026-06-10 11:22:55,SPB-0109,Санкт-Петербург,product_view,,0,organic,android
2026-06-10 11:24:09,SPB-0038,Санкт-Петербург,visit,,0,organic,android
2026-06-10 11:28:16,SPB-0039,Санкт-Петербург,visit,,0,organic,web
2026-06-10 11:29:33,SPB-0038,Санкт-Петербург,product_view,,0,organic,android
2026-06-10 11:29:36,MSK-0168,Москва,visit,,0,ads,ios
2026-06-10 11:31:27,SPB-0198,Санкт-Петербург,product_view,,0,referral,ios
2026-06-10 11:33:55,MSK-0019,Москва,purchase,ORD-000350,270.00,ads,android
2026-06-10 11:35:35,EKB-0017,Екатеринбург,visit,,0,organic,web
2026-06-10 11:39:35,MSK-0056,Москва,purchase,ORD-000343,360.00,organic,android
2026-06-10 11:42:21,NSK-0010,Новосибирск,purchase,ORD-000376,290.00,ads,ios
2026-06-10 11:44:36,EKB-0071,Екатеринбург,product_view,,0,organic,web
2026-06-10 11:47:34,SPB-0140,Санкт-Петербург,product_view,,0,ads,web
2026-06-10 11:47:36,MSK-0019,Москва,product_view,,0,ads,android
2026-06-10 11:50:12,MSK-0168,Москва,product_view,,0,ads,ios
2026-06-10 11:50:23,EKB-0011,Екатеринбург,purchase,ORD-000370,940.00,ads,android
2026-06-10 11:56:43,MSK-0019,Москва,product_view,,0,ads,android
2026-06-10 11:58:12,EKB-0017,Екатеринбург,product_view,,0,organic,web
2026-06-10 12:00:01,NSK-0058,Новосибирск,visit,,0,ads,android
2026-06-10 12:03:10,NSK-0058,Новосибирск,product_view,,0,ads,android
2026-06-10 12:03:23,KZN-0015,Казань,visit,,0,ads,android
2026-06-10 12:05:12,EKB-0011,Екатеринбург,visit,,0,ads,android
2026-06-10 12:06:41,KZN-0015,Казань,product_view,,0,ads,android
2026-06-10 12:17:45,MSK-0001,Москва,visit,,0,organic,web
2026-06-10 12:21:55,SPB-0079,Санкт-Петербург,visit,,0,ads,android
2026-06-10 12:22:15,MSK-0001,Москва,product_view,,0,organic,web
2026-06-10 12:22:59,SPB-0001,Санкт-Петербург,purchase,ORD-000353,650.00,referral,android
2026-06-10 12:26:21,KZN-0100,Казань,visit,,0,organic,android
2026-06-10 12:29:26,EKB-0011,Екатеринбург,product_view,,0,ads,android
2026-06-10 12:30:00,EKB-0044,Екатеринбург,visit,,0,ads,android
2026-06-10 12:30:19,MSK-0250,Москва,visit,,0,referral,ios
2026-06-10 12:38:14,SPB-0079,Санкт-Петербург,product_view,,0,ads,android
2026-06-10 12:44:09,EKB-0011,Екатеринбург,product_view,,0,ads,android
2026-06-10 12:45:15,MSK-0216,Москва,visit,,0,ads,android
2026-06-10 12:45:35,MSK-0219,Москва,visit,,0,organic,ios
2026-06-10 12:45:59,MSK-0250,Москва,product_view,,0,referral,ios
2026-06-10 12:46:04,EKB-0013,Екатеринбург,visit,,0,organic,android
2026-06-10 12:49:30,EKB-0044,Екатеринбург,product_view,,0,ads,android
2026-06-10 12:50:53,MSK-0213,Москва,visit,,0,organic,android
2026-06-10 12:52:16,KZN-0053,Казань,visit,,0,organic,ios
2026-06-10 12:55:37,MSK-0215,Москва,visit,,0,organic,ios
2026-06-10 12:56:45,KZN-0124,Казань,visit,,0,organic,ios
2026-06-10 12:58:30,NSK-0019,Новосибирск,purchase,ORD-000374,250.00,ads,web
2026-06-10 12:59:06,SPB-0051,Санкт-Петербург,purchase,ORD-000358,180.00,organic,ios
2026-06-10 13:00:20,SPB-0042,Санкт-Петербург,visit,,0,organic,web
2026-06-10 13:00:27,MSK-0051,Москва,visit,,0,organic,android
2026-06-10 13:05:40,MSK-0122,Москва,visit,,0,organic,android
2026-06-10 13:06:08,KZN-0064,Казань,visit,,0,ads,ios
2026-06-10 13:08:43,MSK-0219,Москва,product_view,,0,organic,ios
2026-06-10 13:09:28,KZN-0124,Казань,product_view,,0,organic,ios
2026-06-10 13:18:19,MSK-0215,Москва,product_view,,0,organic,ios
2026-06-10 13:20:07,SPB-0042,Санкт-Петербург,product_view,,0,organic,web
2026-06-10 13:21:27,MSK-0051,Москва,product_view,,0,organic,android
2026-06-10 13:21:56,EKB-0013,Екатеринбург,product_view,,0,organic,android
2026-06-10 13:23:45,EKB-0004,Екатеринбург,purchase,ORD-000367,330.00,ads,web
2026-06-10 13:25:32,MSK-0051,Москва,product_view,,0,organic,android
2026-06-10 13:26:07,SPB-0034,Санкт-Петербург,visit,,0,organic,android
2026-06-10 13:26:15,SPB-0136,Санкт-Петербург,visit,,0,ads,ios
2026-06-10 13:33:28,MSK-0038,Москва,visit,,0,organic,android
2026-06-10 13:34:00,MSK-0070,Москва,purchase,ORD-000349,230.00,organic,android
2026-06-10 13:36:34,KZN-0136,Казань,visit,,0,ads,ios
2026-06-10 13:38:57,KZN-0133,Казань,visit,,0,referral,android
2026-06-10 13:43:32,SPB-0154,Санкт-Петербург,visit,,0,referral,ios
2026-06-10 13:43:40,SPB-0150,Санкт-Петербург,visit,,0,referral,ios
2026-06-10 13:45:23,SPB-0150,Санкт-Петербург,product_view,,0,referral,ios
2026-06-10 13:47:13,MSK-0038,Москва,product_view,,0,organic,android
2026-06-10 13:48:59,MSK-0084,Москва,visit,,0,ads,ios
2026-06-10 13:52:19,MSK-0152,Москва,visit,,0,referral,ios
2026-06-10 13:56:34,SPB-0154,Санкт-Петербург,product_view,,0,referral,ios
2026-06-10 13:56:50,SPB-0034,Санкт-Петербург,product_view,,0,organic,android
2026-06-10 13:57:22,MSK-0051,Москва,purchase,ORD-000347,1160.00,organic,android
2026-06-10 14:02:10,NSK-0078,Новосибирск,visit,,0,organic,web
2026-06-10 14:04:42,MSK-0261,Москва,visit,,0,organic,web
2026-06-10 14:11:53,KZN-0011,Казань,visit,,0,ads,android
2026-06-10 14:12:00,MSK-0084,Москва,product_view,,0,ads,ios
2026-06-10 14:12:26,MSK-0270,Москва,visit,,0,referral,android
2026-06-10 14:20:12,KZN-0011,Казань,product_view,,0,ads,android
2026-06-10 14:26:34,SPB-0038,Санкт-Петербург,purchase,ORD-000352,220.00,organic,android
2026-06-10 14:26:51,MSK-0237,Москва,visit,,0,ads,web
2026-06-10 14:28:19,SPB-0219,Санкт-Петербург,visit,,0,ads,android
2026-06-10 14:32:06,MSK-0018,Москва,visit,,0,ads,android
2026-06-10 14:35:10,SPB-0016,Санкт-Петербург,purchase,ORD-000355,390.00,referral,ios
2026-06-10 14:36:18,MSK-0163,Москва,visit,,0,organic,ios
2026-06-10 14:36:43,SPB-0133,Санкт-Петербург,visit,,0,ads,android
2026-06-10 14:37:25,MSK-0270,Москва,product_view,,0,referral,android
2026-06-10 14:37:41,SPB-0022,Санкт-Петербург,purchase,ORD-000360,180.00,organic,ios
2026-06-10 14:40:26,MSK-0018,Москва,product_view,,0,ads,android
2026-06-10 14:42:22,EKB-0001,Екатеринбург,purchase,ORD-000369,630.00,referral,ios
2026-06-10 14:45:08,MSK-0134,Москва,visit,,0,ads,android
2026-06-10 14:48:31,EKB-0095,Екатеринбург,visit,,0,organic,web
2026-06-10 14:53:53,MSK-0272,Москва,visit,,0,ads,android
2026-06-10 14:54:32,SPB-0064,Санкт-Петербург,visit,,0,organic,ios
2026-06-10 14:54:32,SPB-0134,Санкт-Петербург,visit,,0,organic,android
2026-06-10 14:55:49,MSK-0298,Москва,visit,,0,ads,android
2026-06-10 14:56:29,KZN-0011,Казань,product_view,,0,ads,android
2026-06-10 14:58:37,SPB-0064,Санкт-Петербург,product_view,,0,organic,ios
2026-06-10 15:00:25,MSK-0097,Москва,visit,,0,ads,web
2026-06-10 15:01:12,EKB-0004,Екатеринбург,visit,,0,ads,web
2026-06-10 15:02:51,MSK-0298,Москва,product_view,,0,ads,android
2026-06-10 15:04:37,MSK-0070,Москва,visit,,0,organic,android
2026-06-10 15:07:29,SPB-0133,Санкт-Петербург,product_view,,0,ads,android
2026-06-10 15:11:05,SPB-0175,Санкт-Петербург,visit,,0,organic,web
2026-06-10 15:11:17,EKB-0004,Екатеринбург,product_view,,0,ads,web
2026-06-10 15:11:33,MSK-0298,Москва,product_view,,0,ads,android
2026-06-10 15:11:36,KZN-0013,Казань,purchase,ORD-000362,560.00,ads,android
2026-06-10 15:12:15,MSK-0272,Москва,product_view,,0,ads,android
2026-06-10 15:12:34,NSK-0011,Новосибирск,purchase,ORD-000375,210.00,organic,ios
2026-06-10 15:14:16,MSK-0097,Москва,product_view,,0,ads,web
2026-06-10 15:16:59,MSK-0197,Москва,visit,,0,ads,android
2026-06-10 15:18:56,SPB-0175,Санкт-Петербург,product_view,,0,organic,web
2026-06-10 15:20:27,KZN-0071,Казань,visit,,0,organic,android
2026-06-10 15:21:22,SPB-0051,Санкт-Петербург,visit,,0,organic,ios
2026-06-10 15:24:46,MSK-0017,Москва,visit,,0,organic,web
2026-06-10 15:25:57,MSK-0042,Москва,visit,,0,organic,web
2026-06-10 15:28:32,MSK-0070,Москва,product_view,,0,organic,android
2026-06-10 15:32:28,SPB-0051,Санкт-Петербург,product_view,,0,organic,ios
2026-06-10 15:36:23,NSK-0045,Новосибирск,visit,,0,ads,ios
2026-06-10 15:37:07,SPB-0014,Санкт-Петербург,visit,,0,organic,web
2026-06-10 15:40:21,MSK-0070,Москва,product_view,,0,organic,android
2026-06-10 15:40:59,SPB-0014,Санкт-Петербург,product_view,,0,organic,web
2026-06-10 15:43:11,MSK-0009,Москва,purchase,ORD-000339,230.00,organic,ios
2026-06-10 15:43:30,NSK-0099,Новосибирск,visit,,0,organic,android
2026-06-10 15:44:20,KZN-0077,Казань,visit,,0,ads,web
2026-06-10 15:48:17,SPB-0006,Санкт-Петербург,visit,,0,referral,ios
2026-06-10 15:56:22,MSK-0184,Москва,visit,,0,organic,web
2026-06-10 15:56:52,SPB-0051,Санкт-Петербург,product_view,,0,organic,ios
2026-06-10 16:00:06,NSK-0099,Новосибирск,product_view,,0,organic,android
2026-06-10 16:00:27,SPB-0056,Санкт-Петербург,visit,,0,ads,ios
2026-06-10 16:01:11,MSK-0039,Москва,purchase,ORD-000340,880.00,referral,android
2026-06-10 16:03:53,MSK-0274,Москва,visit,,0,organic,ios
2026-06-10 16:04:42,KZN-0034,Казань,visit,,0,referral,web
2026-06-10 16:07:14,KZN-0034,Казань,product_view,,0,referral,web
2026-06-10 16:08:23,EKB-0045,Екатеринбург,visit,,0,organic,web
2026-06-10 16:10:32,MSK-0049,Москва,visit,,0,organic,android
2026-06-10 16:11:52,KZN-0023,Казань,visit,,0,organic,web
2026-06-10 16:12:00,SPB-0015,Санкт-Петербург,visit,,0,organic,android
2026-06-10 16:13:05,NSK-0017,Новосибирск,visit,,0,organic,android
2026-06-10 16:13:06,SPB-0056,Санкт-Петербург,product_view,,0,ads,ios
2026-06-10 16:16:17,EKB-0116,Екатеринбург,visit,,0,organic,ios
2026-06-10 16:16:24,MSK-0008,Москва,visit,,0,organic,android
2026-06-10 16:17:17,MSK-0049,Москва,product_view,,0,organic,android
2026-06-10 16:24:11,MSK-0153,Москва,visit,,0,organic,web
2026-06-10 16:25:50,KZN-0067,Казань,visit,,0,organic,ios
2026-06-10 16:26:50,KZN-0116,Казань,visit,,0,ads,ios
2026-06-10 16:31:12,SPB-0015,Санкт-Петербург,product_view,,0,organic,android
2026-06-10 16:32:05,NSK-0042,Новосибирск,visit,,0,ads,ios
2026-06-10 16:33:16,MSK-0008,Москва,product_view,,0,organic,android
2026-06-10 16:35:19,SPB-0056,Санкт-Петербург,product_view,,0,ads,ios
2026-06-10 16:39:17,MSK-0049,Москва,purchase,ORD-000344,760.00,organic,android
2026-06-10 16:43:29,KZN-0093,Казань,visit,,0,organic,android
2026-06-10 16:51:27,KZN-0014,Казань,purchase,ORD-000364,300.00,organic,android
2026-06-10 16:52:12,MSK-0049,Москва,product_view,,0,organic,android
2026-06-10 16:52:51,EKB-0004,Екатеринбург,purchase,ORD-000368,330.00,ads,web
2026-06-10 16:56:39,SPB-0215,Санкт-Петербург,visit,,0,ads,ios
2026-06-10 17:01:00,KZN-0093,Казань,product_view,,0,organic,android
2026-06-10 17:01:33,KZN-0067,Казань,product_view,,0,organic,ios
2026-06-10 17:06:08,KZN-0122,Казань,visit,,0,organic,ios
2026-06-10 17:09:47,MSK-0024,Москва,purchase,ORD-000341,320.00,referral,ios
2026-06-10 17:10:01,MSK-0071,Москва,visit,,0,organic,web
2026-06-10 17:13:53,SPB-0215,Санкт-Петербург,product_view,,0,ads,ios
2026-06-10 17:15:52,KZN-0040,Казань,visit,,0,organic,android
2026-06-10 17:20:02,KZN-0066,Казань,visit,,0,organic,web
2026-06-10 17:30:03,SPB-0128,Санкт-Петербург,visit,,0,organic,android
2026-06-10 17:32:22,EKB-0006,Екатеринбург,visit,,0,organic,android
2026-06-10 17:34:54,MSK-0013,Москва,purchase,ORD-000345,270.00,ads,web
2026-06-10 17:35:25,SPB-0035,Санкт-Петербург,visit,,0,ads,ios
2026-06-10 17:38:20,KZN-0066,Казань,product_view,,0,organic,web
2026-06-10 17:39:23,NSK-0098,Новосибирск,visit,,0,ads,ios
2026-06-10 17:42:53,EKB-0014,Екатеринбург,visit,,0,organic,android
2026-06-10 17:45:15,SPB-0176,Санкт-Петербург,visit,,0,organic,ios
2026-06-10 17:45:33,KZN-0066,Казань,product_view,,0,organic,web
2026-06-10 17:49:45,KZN-0001,Казань,purchase,ORD-000361,720.00,organic,web
2026-06-10 17:51:45,MSK-0039,Москва,visit,,0,referral,android
2026-06-10 17:51:51,MSK-0268,Москва,visit,,0,organic,ios
2026-06-10 17:52:02,KZN-0014,Казань,visit,,0,organic,android
2026-06-10 17:55:06,SPB-0117,Санкт-Петербург,visit,,0,organic,ios
2026-06-10 17:55:08,SPB-0156,Санкт-Петербург,visit,,0,organic,ios
2026-06-10 17:56:02,SPB-0176,Санкт-Петербург,product_view,,0,organic,ios
2026-06-10 17:56:46,KZN-0057,Казань,visit,,0,ads,android
2026-06-10 17:57:14,SPB-0128,Санкт-Петербург,product_view,,0,organic,android
2026-06-10 17:57:34,SPB-0035,Санкт-Петербург,product_view,,0,ads,ios
2026-06-10 17:58:14,MSK-0057,Москва,visit,,0,referral,android
2026-06-10 18:00:29,SPB-0156,Санкт-Петербург,product_view,,0,organic,ios
2026-06-10 18:02:48,NSK-0098,Новосибирск,product_view,,0,ads,ios
2026-06-10 18:07:01,MSK-0279,Москва,visit,,0,ads,web
2026-06-10 18:10:06,SPB-0117,Санкт-Петербург,product_view,,0,organic,ios
2026-06-10 18:12:46,MSK-0039,Москва,product_view,,0,referral,android
2026-06-10 18:13:25,EKB-0014,Екатеринбург,product_view,,0,organic,android
2026-06-10 18:13:36,KZN-0014,Казань,product_view,,0,organic,android
2026-06-10 18:20:44,KZN-0069,Казань,visit,,0,organic,android
2026-06-10 18:21:32,KZN-0014,Казань,product_view,,0,organic,android
2026-06-10 18:22:25,MSK-0082,Москва,visit,,0,organic,android
2026-06-10 18:23:03,SPB-0021,Санкт-Петербург,visit,,0,organic,android
2026-06-10 18:24:08,KZN-0057,Казань,product_view,,0,ads,android
2026-06-10 18:24:55,MSK-0268,Москва,product_view,,0,organic,ios
2026-06-10 18:30:41,MSK-0264,Москва,visit,,0,organic,android
2026-06-10 18:31:27,MSK-0279,Москва,product_view,,0,ads,web
2026-06-10 18:35:39,MSK-0034,Москва,purchase,ORD-000346,230.00,organic,android
2026-06-10 18:36:05,SPB-0021,Санкт-Петербург,product_view,,0,organic,android
2026-06-10 18:37:06,SPB-0054,Санкт-Петербург,visit,,0,organic,android
2026-06-10 18:37:44,MSK-0104,Москва,visit,,0,ads,ios
2026-06-10 18:39:20,MSK-0028,Москва,visit,,0,referral,android
2026-06-10 18:39:50,SPB-0058,Санкт-Петербург,visit,,0,referral,ios
2026-06-10 18:40:49,KZN-0027,Казань,visit,,0,referral,ios
2026-06-10 18:41:59,SPB-0019,Санкт-Петербург,visit,,0,ads,android
2026-06-10 18:43:54,SPB-0009,Санкт-Петербург,visit,,0,organic,ios
2026-06-10 18:49:09,KZN-0069,Казань,product_view,,0,organic,android
2026-06-10 18:50:02,MSK-0082,Москва,product_view,,0,organic,android
2026-06-10 18:51:26,MSK-0279,Москва,product_view,,0,ads,web
2026-06-10 18:51:31,SPB-0009,Санкт-Петербург,product_view,,0,organic,ios
2026-06-10 18:53:59,SPB-0056,Санкт-Петербург,purchase,ORD-000356,180.00,ads,ios
2026-06-10 18:56:51,MSK-0104,Москва,product_view,,0,ads,ios
2026-06-10 18:57:14,MSK-0117,Москва,visit,,0,organic,ios
2026-06-10 18:57:56,MSK-0028,Москва,product_view,,0,referral,android
2026-06-10 18:58:08,KZN-0027,Казань,product_view,,0,referral,ios
2026-06-10 18:58:18,SPB-0050,Санкт-Петербург,visit,,0,organic,web
2026-06-10 18:59:21,SPB-0022,Санкт-Петербург,visit,,0,organic,ios
2026-06-10 19:01:37,MSK-0117,Москва,product_view,,0,organic,ios
2026-06-10 19:03:50,SPB-0014,Санкт-Петербург,purchase,ORD-000359,270.00,organic,web
2026-06-10 19:06:15,SPB-0022,Санкт-Петербург,product_view,,0,organic,ios
2026-06-10 19:07:34,KZN-0027,Казань,product_view,,0,referral,ios
2026-06-10 19:08:02,MSK-0117,Москва,product_view,,0,organic,ios
2026-06-10 19:12:19,KZN-0027,Казань,purchase,ORD-000365,560.00,referral,ios
2026-06-10 19:12:37,SPB-0022,Санкт-Петербург,product_view,,0,organic,ios
2026-06-10 19:17:14,SPB-0019,Санкт-Петербург,product_view,,0,ads,android
2026-06-10 19:27:10,MSK-0028,Москва,purchase,ORD-000348,320.00,referral,android
2026-06-10 19:31:19,EKB-0002,Екатеринбург,purchase,ORD-000372,220.00,organic,android
2026-06-10 19:39:52,NSK-0016,Новосибирск,purchase,ORD-000373,540.00,referral,android
2026-06-10 19:55:17,EKB-0024,Екатеринбург,purchase,ORD-000371,1080.00,ads,android
2026-06-10 20:13:58,SPB-0001,Санкт-Петербург,purchase,ORD-000354,270.00,referral,android
2026-06-10 20:38:37,SPB-0034,Санкт-Петербург,purchase,ORD-000351,430.00,organic,android
2026-06-10 20:58:35,KZN-0015,Казань,purchase,ORD-000366,220.00,ads,android
2026-06-10 21:38:02,KZN-0034,Казань,purchase,ORD-000363,840.00,referral,web
2026-06-10 21:46:16,MSK-0018,Москва,purchase,ORD-000342,270.00,ads,android
2026-06-11 02:11:20,TEST-KZN-0011,Казань,purchase,TEST-00011,110.00,test,android
2026-06-11 02:41:28,TEST-KZN-0041,Казань,purchase,TEST-00041,110.00,test,android
2026-06-11 03:11:09,TEST-KZN-0071,Казань,purchase,TEST-00071,110.00,test,web
2026-06-11 03:41:46,TEST-KZN-0101,Казань,purchase,TEST-00101,110.00,test,ios
2026-06-11 08:00:08,SPB-0023,Санкт-Петербург,visit,,0,organic,ios
2026-06-11 08:02:54,SPB-0054,Санкт-Петербург,visit,,0,organic,android
2026-06-11 08:04:30,SPB-0104,Санкт-Петербург,visit,,0,referral,ios
2026-06-11 08:08:54,MSK-0268,Москва,visit,,0,organic,ios
2026-06-11 08:10:35,SPB-0143,Санкт-Петербург,visit,,0,organic,android
2026-06-11 08:12:57,KZN-0005,Казань,visit,,0,ads,ios
2026-06-11 08:15:50,SPB-0004,Санкт-Петербург,visit,,0,ads,android
2026-06-11 08:17:37,MSK-0022,Москва,visit,,0,organic,android
2026-06-11 08:19:12,KZN-0095,Казань,visit,,0,organic,ios
2026-06-11 08:21:34,KZN-0095,Казань,product_view,,0,organic,ios
2026-06-11 08:23:55,SPB-0054,Санкт-Петербург,product_view,,0,organic,android
2026-06-11 08:25:13,EKB-0041,Екатеринбург,visit,,0,ads,ios
2026-06-11 08:29:54,MSK-0022,Москва,product_view,,0,organic,android
2026-06-11 08:33:05,KZN-0085,Казань,visit,,0,organic,ios
2026-06-11 08:33:26,SPB-0104,Санкт-Петербург,product_view,,0,referral,ios
2026-06-11 08:35:27,KZN-0005,Казань,product_view,,0,ads,ios
2026-06-11 08:39:29,SPB-0004,Санкт-Петербург,product_view,,0,ads,android
2026-06-11 08:41:38,SPB-0089,Санкт-Петербург,visit,,0,ads,web
2026-06-11 08:42:22,SPB-0162,Санкт-Петербург,visit,,0,organic,ios
2026-06-11 08:43:58,KZN-0085,Казань,product_view,,0,organic,ios
2026-06-11 08:45:58,MSK-0045,Москва,visit,,0,ads,ios
2026-06-11 08:46:58,KZN-0039,Казань,visit,,0,ads,android
2026-06-11 08:48:34,SPB-0160,Санкт-Петербург,visit,,0,referral,ios
2026-06-11 08:49:40,SPB-0104,Санкт-Петербург,product_view,,0,referral,ios
2026-06-11 08:50:05,MSK-0153,Москва,visit,,0,organic,web
2026-06-11 08:52:08,MSK-0028,Москва,visit,,0,referral,android
2026-06-11 08:52:29,SPB-0154,Санкт-Петербург,visit,,0,referral,ios
2026-06-11 08:53:13,MSK-0045,Москва,product_view,,0,ads,ios
2026-06-11 08:55:16,SPB-0002,Санкт-Петербург,visit,,0,referral,android
2026-06-11 08:56:22,EKB-0041,Екатеринбург,product_view,,0,ads,ios
2026-06-11 09:02:06,NSK-0047,Новосибирск,visit,,0,organic,android
2026-06-11 09:02:07,MSK-0245,Москва,visit,,0,referral,android
2026-06-11 09:02:40,SPB-0002,Санкт-Петербург,product_view,,0,referral,android
2026-06-11 09:13:30,SPB-0089,Санкт-Петербург,product_view,,0,ads,web
2026-06-11 09:14:40,SPB-0150,Санкт-Петербург,visit,,0,referral,ios
2026-06-11 09:15:58,MSK-0003,Москва,visit,,0,referral,android
2026-06-11 09:20:20,EKB-0072,Екатеринбург,visit,,0,organic,ios
2026-06-11 09:20:59,MSK-0028,Москва,product_view,,0,referral,android
2026-06-11 09:23:16,SPB-0160,Санкт-Петербург,product_view,,0,referral,ios
2026-06-11 09:23:21,MSK-0018,Москва,visit,,0,ads,android
2026-06-11 09:23:45,MSK-0153,Москва,product_view,,0,organic,web
2026-06-11 09:25:57,MSK-0153,Москва,product_view,,0,organic,web
2026-06-11 09:29:37,KZN-0109,Казань,visit,,0,ads,ios
2026-06-11 09:34:42,MSK-0018,Москва,product_view,,0,ads,android
2026-06-11 09:35:40,MSK-0245,Москва,product_view,,0,referral,android
2026-06-11 09:35:42,EKB-0026,Екатеринбург,visit,,0,referral,android
2026-06-11 09:36:27,MSK-0003,Москва,product_view,,0,referral,android
2026-06-11 09:44:52,KZN-0109,Казань,product_view,,0,ads,ios
2026-06-11 10:02:01,EKB-0027,Екатеринбург,purchase,ORD-000410,330.00,organic,ios
2026-06-11 10:02:02,EKB-0026,Екатеринбург,product_view,,0,referral,android
2026-06-11 10:13:05,SPB-0019,Санкт-Петербург,visit,,0,ads,android
2026-06-11 10:17:25,MSK-0033,Москва,visit,,0,ads,ios
2026-06-11 10:21:52,MSK-0269,Москва,visit,,0,referral,android
2026-06-11 10:22:11,MSK-0222,Москва,visit,,0,ads,web
2026-06-11 10:22:56,EKB-0084,Екатеринбург,visit,,0,organic,web
2026-06-11 10:24:45,EKB-0084,Екатеринбург,product_view,,0,organic,web
2026-06-11 10:24:52,MSK-0002,Москва,visit,,0,organic,android
2026-06-11 10:25:02,SPB-0125,Санкт-Петербург,visit,,0,organic,android
2026-06-11 10:25:09,EKB-0018,Екатеринбург,visit,,0,organic,ios
2026-06-11 10:25:14,MSK-0115,Москва,visit,,0,referral,android
2026-06-11 10:30:51,SPB-0125,Санкт-Петербург,product_view,,0,organic,android
2026-06-11 10:30:59,EKB-0020,Екатеринбург,visit,,0,ads,ios
2026-06-11 10:34:09,SPB-0004,Санкт-Петербург,purchase,ORD-000391,270.00,ads,android
2026-06-11 10:36:17,KZN-0008,Казань,visit,,0,organic,android
2026-06-11 10:36:18,SPB-0019,Санкт-Петербург,product_view,,0,ads,android
2026-06-11 10:36:56,SPB-0019,Санкт-Петербург,product_view,,0,ads,android
2026-06-11 10:39:58,MSK-0060,Москва,purchase,ORD-000380,590.00,organic,ios
2026-06-11 10:41:28,EKB-0018,Екатеринбург,product_view,,0,organic,ios
2026-06-11 10:41:57,KZN-0029,Казань,purchase,ORD-000403,300.00,ads,ios
2026-06-11 10:42:08,MSK-0053,Москва,visit,,0,organic,ios
2026-06-11 10:42:26,MSK-0002,Москва,product_view,,0,organic,android
2026-06-11 10:43:57,MSK-0002,Москва,product_view,,0,organic,android
2026-06-11 10:46:02,MSK-0285,Москва,visit,,0,organic,ios
2026-06-11 10:50:29,MSK-0222,Москва,product_view,,0,ads,web
2026-06-11 10:52:08,SPB-0080,Санкт-Петербург,visit,,0,organic,android
2026-06-11 10:52:26,KZN-0008,Казань,product_view,,0,organic,android
2026-06-11 10:55:20,EKB-0020,Екатеринбург,product_view,,0,ads,ios
2026-06-11 10:55:28,MSK-0285,Москва,product_view,,0,organic,ios
2026-06-11 10:57:56,MSK-0115,Москва,product_view,,0,referral,android
2026-06-11 10:57:58,EKB-0018,Екатеринбург,product_view,,0,organic,ios
2026-06-11 11:01:43,EKB-0020,Екатеринбург,product_view,,0,ads,ios
2026-06-11 11:05:28,KZN-0089,Казань,visit,,0,organic,android
2026-06-11 11:05:33,MSK-0017,Москва,visit,,0,organic,web
2026-06-11 11:05:51,SPB-0001,Санкт-Петербург,visit,,0,referral,android
2026-06-11 11:07:09,SPB-0224,Санкт-Петербург,visit,,0,organic,android
2026-06-11 11:08:01,MSK-0053,Москва,product_view,,0,organic,ios
2026-06-11 11:09:13,MSK-0166,Москва,visit,,0,organic,android
2026-06-11 11:11:20,SPB-0080,Санкт-Петербург,product_view,,0,organic,android
2026-06-11 11:20:56,SPB-0134,Санкт-Петербург,visit,,0,organic,android
2026-06-11 11:22:58,MSK-0007,Москва,visit,,0,organic,ios
2026-06-11 11:24:26,SPB-0087,Санкт-Петербург,visit,,0,organic,web
2026-06-11 11:24:38,KZN-0032,Казань,visit,,0,organic,ios
2026-06-11 11:25:53,SPB-0001,Санкт-Петербург,product_view,,0,referral,android
2026-06-11 11:25:54,SPB-0018,Санкт-Петербург,visit,,0,organic,web
2026-06-11 11:27:03,MSK-0004,Москва,visit,,0,referral,ios
2026-06-11 11:28:17,KZN-0013,Казань,visit,,0,ads,android
2026-06-11 11:28:35,SPB-0018,Санкт-Петербург,product_view,,0,organic,web
2026-06-11 11:31:43,MSK-0295,Москва,visit,,0,organic,android
2026-06-11 11:33:59,KZN-0032,Казань,purchase,ORD-000400,380.00,organic,ios
2026-06-11 11:36:23,MSK-0007,Москва,product_view,,0,organic,ios
2026-06-11 11:38:56,KZN-0089,Казань,product_view,,0,organic,android
2026-06-11 11:41:12,MSK-0017,Москва,product_view,,0,organic,web
2026-06-11 11:47:09,KZN-0130,Казань,visit,,0,organic,ios
2026-06-11 11:50:38,SPB-0057,Санкт-Петербург,visit,,0,organic,android
2026-06-11 11:50:55,EKB-0031,Екатеринбург,visit,,0,organic,ios
2026-06-11 11:53:20,MSK-0295,Москва,product_view,,0,organic,android
2026-06-11 11:55:55,MSK-0004,Москва,product_view,,0,referral,ios
2026-06-11 11:58:04,KZN-0032,Казань,product_view,,0,organic,ios
2026-06-11 12:04:04,EKB-0024,Екатеринбург,visit,,0,ads,android
2026-06-11 12:04:13,MSK-0295,Москва,product_view,,0,organic,android
2026-06-11 12:04:55,NSK-0016,Новосибирск,visit,,0,referral,android
2026-06-11 12:06:03,MSK-0128,Москва,visit,,0,organic,android
2026-06-11 12:07:11,MSK-0041,Москва,visit,,0,referral,android
2026-06-11 12:11:00,EKB-0022,Екатеринбург,purchase,ORD-000408,1080.00,organic,ios
2026-06-11 12:13:41,MSK-0055,Москва,visit,,0,ads,android
2026-06-11 12:14:33,SPB-0057,Санкт-Петербург,product_view,,0,organic,android
2026-06-11 12:15:41,EKB-0031,Екатеринбург,product_view,,0,organic,ios
2026-06-11 12:16:04,SPB-0060,Санкт-Петербург,visit,,0,ads,android
2026-06-11 12:16:49,KZN-0117,Казань,visit,,0,ads,ios
2026-06-11 12:17:01,SPB-0046,Санкт-Петербург,visit,,0,organic,android
2026-06-11 12:18:45,MSK-0256,Москва,visit,,0,organic,web
2026-06-11 12:19:06,EKB-0100,Екатеринбург,visit,,0,organic,web
2026-06-11 12:19:26,SPB-0021,Санкт-Петербург,visit,,0,organic,android
2026-06-11 12:20:07,MSK-0045,Москва,purchase,ORD-000384,270.00,ads,ios
2026-06-11 12:20:09,KZN-0119,Казань,visit,,0,referral,web
2026-06-11 12:21:01,MSK-0128,Москва,product_view,,0,organic,android
2026-06-11 12:21:29,SPB-0030,Санкт-Петербург,purchase,ORD-000395,310.00,ads,android
2026-06-11 12:23:49,KZN-0132,Казань,visit,,0,organic,android
2026-06-11 12:28:24,SPB-0133,Санкт-Петербург,visit,,0,ads,android
2026-06-11 12:28:42,KZN-0119,Казань,product_view,,0,referral,web
2026-06-11 12:28:46,MSK-0209,Москва,visit,,0,organic,web
2026-06-11 12:30:45,SPB-0046,Санкт-Петербург,product_view,,0,organic,android
2026-06-11 12:32:18,MSK-0014,Москва,visit,,0,organic,android
2026-06-11 12:32:47,SPB-0182,Санкт-Петербург,visit,,0,referral,android
2026-06-11 12:34:29,SPB-0170,Санкт-Петербург,visit,,0,organic,ios
2026-06-11 12:37:08,MSK-0018,Москва,purchase,ORD-000388,230.00,ads,android
2026-06-11 12:39:41,MSK-0270,Москва,visit,,0,referral,android
2026-06-11 12:40:36,MSK-0041,Москва,product_view,,0,referral,android
2026-06-11 12:41:07,MSK-0246,Москва,visit,,0,ads,ios
2026-06-11 12:43:13,KZN-0004,Казань,purchase,ORD-000401,300.00,organic,android
2026-06-11 12:45:29,MSK-0014,Москва,product_view,,0,organic,android
2026-06-11 12:47:46,EKB-0100,Екатеринбург,product_view,,0,organic,web
2026-06-11 12:48:58,MSK-0055,Москва,product_view,,0,ads,android
2026-06-11 12:50:01,KZN-0117,Казань,product_view,,0,ads,ios
2026-06-11 12:53:37,SPB-0170,Санкт-Петербург,product_view,,0,organic,ios
2026-06-11 12:53:44,MSK-0209,Москва,product_view,,0,organic,web
2026-06-11 12:57:00,MSK-0014,Москва,product_view,,0,organic,android
2026-06-11 12:57:31,EKB-0027,Екатеринбург,visit,,0,organic,ios
2026-06-11 12:58:29,MSK-0231,Москва,visit,,0,organic,android
2026-06-11 12:59:44,SPB-0189,Санкт-Петербург,visit,,0,organic,android
2026-06-11 13:00:14,EKB-0085,Екатеринбург,visit,,0,organic,ios
2026-06-11 13:00:15,MSK-0028,Москва,purchase,ORD-000387,320.00,referral,android
2026-06-11 13:00:15,SPB-0170,Санкт-Петербург,product_view,,0,organic,ios
2026-06-11 13:02:45,KZN-0077,Казань,visit,,0,ads,web
2026-06-11 13:05:23,SPB-0046,Санкт-Петербург,purchase,ORD-000394,730.00,organic,android
2026-06-11 13:07:39,MSK-0127,Москва,visit,,0,ads,web
2026-06-11 13:08:44,MSK-0143,Москва,visit,,0,organic,ios
2026-06-11 13:21:48,KZN-0077,Казань,product_view,,0,ads,web
2026-06-11 13:23:03,NSK-0071,Новосибирск,visit,,0,ads,android
2026-06-11 13:25:47,KZN-0004,Казань,visit,,0,organic,android
2026-06-11 13:26:07,EKB-0027,Екатеринбург,product_view,,0,organic,ios
2026-06-11 13:29:31,MSK-0036,Москва,purchase,ORD-000385,190.00,organic,ios
2026-06-11 13:30:55,MSK-0012,Москва,visit,,0,ads,ios
2026-06-11 13:31:59,MSK-0132,Москва,visit,,0,referral,android
2026-06-11 13:35:00,SPB-0189,Санкт-Петербург,product_view,,0,organic,android
2026-06-11 13:37:00,EKB-0025,Екатеринбург,visit,,0,ads,android
2026-06-11 13:39:55,EKB-0112,Екатеринбург,visit,,0,organic,ios
2026-06-11 13:43:14,MSK-0080,Москва,visit,,0,ads,ios
2026-06-11 13:44:08,MSK-0012,Москва,product_view,,0,ads,ios
2026-06-11 13:46:32,MSK-0173,Москва,visit,,0,organic,android
2026-06-11 13:47:29,KZN-0060,Казань,visit,,0,referral,android
2026-06-11 13:49:52,MSK-0012,Москва,product_view,,0,ads,ios
2026-06-11 13:50:26,MSK-0185,Москва,visit,,0,ads,ios
2026-06-11 13:51:24,MSK-0132,Москва,product_view,,0,referral,android
2026-06-11 13:54:08,MSK-0149,Москва,visit,,0,organic,android
2026-06-11 13:54:57,EKB-0003,Екатеринбург,visit,,0,organic,android
2026-06-11 13:55:36,MSK-0174,Москва,visit,,0,ads,ios
2026-06-11 13:56:59,KZN-0091,Казань,visit,,0,referral,android
2026-06-11 13:58:11,MSK-0149,Москва,product_view,,0,organic,android
2026-06-11 13:59:47,EKB-0003,Екатеринбург,product_view,,0,organic,android
2026-06-11 14:00:02,MSK-0173,Москва,product_view,,0,organic,android
2026-06-11 14:00:56,KZN-0004,Казань,product_view,,0,organic,android
2026-06-11 14:03:54,MSK-0117,Москва,visit,,0,organic,ios
2026-06-11 14:05:48,MSK-0117,Москва,product_view,,0,organic,ios
2026-06-11 14:08:27,KZN-0004,Казань,product_view,,0,organic,android
2026-06-11 14:08:39,NSK-0003,Новосибирск,purchase,ORD-000413,690.00,ads,ios
2026-06-11 14:10:11,MSK-0009,Москва,visit,,0,organic,ios
2026-06-11 14:19:15,EKB-0045,Екатеринбург,visit,,0,organic,web
2026-06-11 14:37:46,KZN-0065,Казань,visit,,0,organic,ios
2026-06-11 14:39:07,EKB-0045,Екатеринбург,product_view,,0,organic,web
2026-06-11 14:41:22,MSK-0278,Москва,visit,,0,ads,android
2026-06-11 14:42:59,NSK-0052,Новосибирск,visit,,0,organic,android
2026-06-11 14:44:16,NSK-0002,Новосибирск,visit,,0,organic,android
2026-06-11 14:44:51,SPB-0041,Санкт-Петербург,visit,,0,ads,web
2026-06-11 14:48:40,KZN-0065,Казань,product_view,,0,organic,ios
2026-06-11 14:50:14,SPB-0041,Санкт-Петербург,product_view,,0,ads,web
2026-06-11 14:53:42,MSK-0218,Москва,visit,,0,ads,ios
2026-06-11 14:58:32,KZN-0127,Казань,visit,,0,referral,web
2026-06-11 14:59:07,MSK-0126,Москва,visit,,0,organic,ios
2026-06-11 14:59:31,KZN-0084,Казань,visit,,0,organic,web
2026-06-11 14:59:33,NSK-0034,Новосибирск,visit,,0,ads,android
2026-06-11 15:03:20,EKB-0048,Екатеринбург,visit,,0,ads,android
2026-06-11 15:03:38,SPB-0072,Санкт-Петербург,visit,,0,organic,ios
2026-06-11 15:04:35,SPB-0030,Санкт-Петербург,visit,,0,ads,android
2026-06-11 15:06:57,SPB-0036,Санкт-Петербург,visit,,0,organic,ios
2026-06-11 15:12:03,KZN-0065,Казань,product_view,,0,organic,ios
2026-06-11 15:13:59,SPB-0072,Санкт-Петербург,product_view,,0,organic,ios
2026-06-11 15:14:32,SPB-0208,Санкт-Петербург,visit,,0,ads,web
2026-06-11 15:16:49,SPB-0130,Санкт-Петербург,visit,,0,referral,ios
2026-06-11 15:17:17,NSK-0004,Новосибирск,purchase,ORD-000414,690.00,ads,ios
2026-06-11 15:19:07,KZN-0127,Казань,product_view,,0,referral,web
2026-06-11 15:19:32,SPB-0191,Санкт-Петербург,visit,,0,ads,android
2026-06-11 15:24:19,SPB-0208,Санкт-Петербург,product_view,,0,ads,web
2026-06-11 15:25:04,MSK-0218,Москва,product_view,,0,ads,ios
2026-06-11 15:30:15,SPB-0036,Санкт-Петербург,product_view,,0,organic,ios
2026-06-11 15:30:25,MSK-0233,Москва,visit,,0,ads,android
2026-06-11 15:33:49,NSK-0040,Новосибирск,visit,,0,referral,android
2026-06-11 15:34:18,EKB-0048,Екатеринбург,product_view,,0,ads,android
2026-06-11 15:37:57,MSK-0218,Москва,product_view,,0,ads,ios
2026-06-11 15:38:39,EKB-0018,Екатеринбург,purchase,ORD-000407,290.00,organic,ios
2026-06-11 15:39:08,SPB-0030,Санкт-Петербург,product_view,,0,ads,android
2026-06-11 15:39:16,NSK-0089,Новосибирск,visit,,0,organic,android
2026-06-11 15:42:25,MSK-0188,Москва,visit,,0,referral,ios
2026-06-11 15:43:26,MSK-0055,Москва,purchase,ORD-000379,440.00,ads,android
2026-06-11 15:44:00,SPB-0030,Санкт-Петербург,product_view,,0,ads,android
2026-06-11 15:44:21,MSK-0137,Москва,visit,,0,referral,android
2026-06-11 15:47:44,NSK-0006,Новосибирск,purchase,ORD-000412,360.00,ads,ios
2026-06-11 15:48:47,NSK-0042,Новосибирск,visit,,0,ads,ios
2026-06-11 15:48:59,SPB-0168,Санкт-Петербург,visit,,0,organic,android
2026-06-11 15:50:22,NSK-0092,Новосибирск,visit,,0,ads,ios
2026-06-11 15:50:38,SPB-0191,Санкт-Петербург,product_view,,0,ads,android
2026-06-11 15:53:43,MSK-0007,Москва,purchase,ORD-000377,400.00,organic,ios
2026-06-11 15:56:53,SPB-0016,Санкт-Петербург,visit,,0,referral,ios
2026-06-11 15:57:07,NSK-0049,Новосибирск,visit,,0,referral,ios
2026-06-11 16:01:03,NSK-0042,Новосибирск,product_view,,0,ads,ios
2026-06-11 16:03:00,MSK-0244,Москва,visit,,0,ads,android
2026-06-11 16:03:08,NSK-0009,Новосибирск,visit,,0,ads,android
2026-06-11 16:04:29,SPB-0016,Санкт-Петербург,product_view,,0,referral,ios
2026-06-11 16:04:50,SPB-0008,Санкт-Петербург,visit,,0,ads,android
2026-06-11 16:12:47,MSK-0244,Москва,product_view,,0,ads,android
2026-06-11 16:12:48,EKB-0094,Екатеринбург,visit,,0,organic,android
2026-06-11 16:14:18,SPB-0190,Санкт-Петербург,visit,,0,ads,ios
2026-06-11 16:15:24,NSK-0027,Новосибирск,visit,,0,organic,web
2026-06-11 16:15:30,MSK-0137,Москва,product_view,,0,referral,android
2026-06-11 16:16:34,MSK-0292,Москва,visit,,0,ads,ios
2026-06-11 16:16:50,NSK-0021,Новосибирск,visit,,0,organic,web
2026-06-11 16:17:59,MSK-0012,Москва,purchase,ORD-000382,1160.00,ads,ios
2026-06-11 16:22:08,NSK-0009,Новосибирск,product_view,,0,ads,android
2026-06-11 16:25:08,SPB-0008,Санкт-Петербург,product_view,,0,ads,android
2026-06-11 16:27:28,SPB-0141,Санкт-Петербург,visit,,0,organic,android
2026-06-11 16:28:25,SPB-0008,Санкт-Петербург,product_view,,0,ads,android
2026-06-11 16:29:10,NSK-0003,Новосибирск,visit,,0,ads,ios
2026-06-11 16:29:12,EKB-0016,Екатеринбург,visit,,0,organic,android
2026-06-11 16:32:22,KZN-0033,Казань,purchase,ORD-000402,560.00,organic,ios
2026-06-11 16:33:48,KZN-0035,Казань,visit,,0,organic,android
2026-06-11 16:34:18,MSK-0244,Москва,product_view,,0,ads,android
2026-06-11 16:34:24,NSK-0072,Новосибирск,visit,,0,organic,ios
2026-06-11 16:38:21,KZN-0033,Казань,visit,,0,organic,ios
2026-06-11 16:38:37,EKB-0040,Екатеринбург,visit,,0,organic,android
2026-06-11 16:39:32,SPB-0196,Санкт-Петербург,visit,,0,referral,android
2026-06-11 16:39:50,NSK-0027,Новосибирск,product_view,,0,organic,web
2026-06-11 16:40:41,KZN-0033,Казань,product_view,,0,organic,ios
2026-06-11 16:41:01,SPB-0184,Санкт-Петербург,visit,,0,referral,ios
2026-06-11 16:41:55,NSK-0021,Новосибирск,product_view,,0,organic,web
2026-06-11 16:42:33,MSK-0243,Москва,visit,,0,organic,ios
2026-06-11 16:44:07,EKB-0088,Екатеринбург,visit,,0,referral,android
2026-06-11 16:45:45,SPB-0141,Санкт-Петербург,product_view,,0,organic,android
2026-06-11 16:47:54,EKB-0095,Екатеринбург,visit,,0,organic,web
2026-06-11 16:48:21,SPB-0190,Санкт-Петербург,product_view,,0,ads,ios
2026-06-11 16:48:30,NSK-0003,Новосибирск,product_view,,0,ads,ios
2026-06-11 16:53:20,NSK-0004,Новосибирск,visit,,0,ads,ios
2026-06-11 16:54:00,EKB-0016,Екатеринбург,product_view,,0,organic,android
2026-06-11 16:55:09,NSK-0003,Новосибирск,product_view,,0,ads,ios
2026-06-11 16:55:32,KZN-0033,Казань,product_view,,0,organic,ios
2026-06-11 16:55:59,EKB-0022,Екатеринбург,visit,,0,organic,ios
2026-06-11 16:57:26,KZN-0128,Казань,visit,,0,organic,ios
2026-06-11 16:57:31,NSK-0021,Новосибирск,product_view,,0,organic,web
2026-06-11 16:59:23,EKB-0022,Екатеринбург,product_view,,0,organic,ios
2026-06-11 16:59:37,SPB-0196,Санкт-Петербург,product_view,,0,referral,android
2026-06-11 17:00:17,NSK-0004,Новосибирск,product_view,,0,ads,ios
2026-06-11 17:00:53,EKB-0003,Екатеринбург,purchase,ORD-000409,250.00,organic,android
2026-06-11 17:04:29,MSK-0243,Москва,product_view,,0,organic,ios
2026-06-11 17:06:46,EKB-0040,Екатеринбург,product_view,,0,organic,android
2026-06-11 17:08:08,SPB-0054,Санкт-Петербург,purchase,ORD-000393,390.00,organic,android
2026-06-11 17:11:46,SPB-0184,Санкт-Петербург,product_view,,0,referral,ios
2026-06-11 17:15:11,SPB-0177,Санкт-Петербург,visit,,0,ads,ios
2026-06-11 17:15:47,KZN-0008,Казань,purchase,ORD-000404,300.00,organic,android
2026-06-11 17:16:13,KZN-0135,Казань,visit,,0,organic,ios
2026-06-11 17:19:01,SPB-0196,Санкт-Петербург,product_view,,0,referral,android
2026-06-11 17:20:36,EKB-0022,Екатеринбург,product_view,,0,organic,ios
2026-06-11 17:23:35,KZN-0045,Казань,visit,,0,referral,android
2026-06-11 17:23:41,KZN-0048,Казань,visit,,0,organic,ios
2026-06-11 17:23:49,KZN-0128,Казань,product_view,,0,organic,ios
2026-06-11 17:26:16,KZN-0135,Казань,product_view,,0,organic,ios
2026-06-11 17:28:33,MSK-0044,Москва,visit,,0,organic,ios
2026-06-11 17:28:57,NSK-0078,Новосибирск,visit,,0,organic,web
2026-06-11 17:30:00,MSK-0005,Москва,visit,,0,referral,ios
2026-06-11 17:30:25,MSK-0065,Москва,visit,,0,organic,web
2026-06-11 17:33:32,MSK-0139,Москва,visit,,0,organic,ios
2026-06-11 17:33:33,NSK-0078,Новосибирск,product_view,,0,organic,web
2026-06-11 17:34:45,MSK-0106,Москва,visit,,0,ads,android
2026-06-11 17:35:16,KZN-0048,Казань,product_view,,0,organic,ios
2026-06-11 17:39:18,EKB-0093,Екатеринбург,visit,,0,ads,android
2026-06-11 17:40:08,MSK-0044,Москва,product_view,,0,organic,ios
2026-06-11 17:40:45,SPB-0008,Санкт-Петербург,purchase,ORD-000392,180.00,ads,android
2026-06-11 17:43:16,MSK-0060,Москва,visit,,0,organic,ios
2026-06-11 17:45:31,NSK-0031,Новосибирск,visit,,0,ads,android
2026-06-11 17:46:21,EKB-0093,Екатеринбург,product_view,,0,ads,android
2026-06-11 17:47:12,NSK-0031,Новосибирск,product_view,,0,ads,android
2026-06-11 17:47:22,SPB-0177,Санкт-Петербург,product_view,,0,ads,ios
2026-06-11 17:50:37,NSK-0011,Новосибирск,visit,,0,organic,ios
2026-06-11 17:51:12,KZN-0029,Казань,visit,,0,ads,ios
2026-06-11 17:53:55,KZN-0029,Казань,product_view,,0,ads,ios
2026-06-11 17:56:39,KZN-0052,Казань,visit,,0,organic,android
2026-06-11 17:56:42,EKB-0075,Екатеринбург,visit,,0,organic,ios
2026-06-11 17:56:49,MSK-0065,Москва,product_view,,0,organic,web
2026-06-11 17:58:40,MSK-0036,Москва,visit,,0,organic,ios
2026-06-11 17:59:38,MSK-0139,Москва,product_view,,0,organic,ios
2026-06-11 18:01:04,SPB-0015,Санкт-Петербург,visit,,0,organic,android
2026-06-11 18:01:09,NSK-0011,Новосибирск,product_view,,0,organic,ios
2026-06-11 18:01:30,MSK-0052,Москва,visit,,0,organic,android
2026-06-11 18:02:26,SPB-0138,Санкт-Петербург,visit,,0,referral,ios
2026-06-11 18:04:19,MSK-0005,Москва,product_view,,0,referral,ios
2026-06-11 18:06:23,MSK-0052,Москва,product_view,,0,organic,android
2026-06-11 18:08:52,SPB-0019,Санкт-Петербург,purchase,ORD-000398,180.00,ads,android
2026-06-11 18:09:53,MSK-0060,Москва,product_view,,0,organic,ios
2026-06-11 18:10:24,EKB-0096,Екатеринбург,visit,,0,ads,ios
2026-06-11 18:11:56,KZN-0036,Казань,visit,,0,organic,ios
2026-06-11 18:14:40,NSK-0011,Новосибирск,purchase,ORD-000411,540.00,organic,ios
2026-06-11 18:15:12,EKB-0075,Екатеринбург,product_view,,0,organic,ios
2026-06-11 18:16:14,NSK-0011,Новосибирск,product_view,,0,organic,ios
2026-06-11 18:16:57,MSK-0060,Москва,product_view,,0,organic,ios
2026-06-11 18:18:22,SPB-0213,Санкт-Петербург,visit,,0,organic,ios
2026-06-11 18:23:03,MSK-0259,Москва,visit,,0,organic,android
2026-06-11 18:28:10,MSK-0039,Москва,visit,,0,referral,android
2026-06-11 18:28:58,MSK-0007,Москва,purchase,ORD-000378,400.00,organic,ios
2026-06-11 18:31:33,KZN-0052,Казань,product_view,,0,organic,android
2026-06-11 18:34:25,SPB-0028,Санкт-Петербург,visit,,0,ads,web
2026-06-11 18:34:35,MSK-0036,Москва,product_view,,0,organic,ios
2026-06-11 18:44:44,MSK-0181,Москва,visit,,0,ads,ios
2026-06-11 18:45:30,MSK-0280,Москва,visit,,0,referral,web
2026-06-11 18:45:48,MSK-0266,Москва,visit,,0,organic,ios
2026-06-11 18:51:35,MSK-0045,Москва,purchase,ORD-000383,270.00,ads,ios
2026-06-11 18:53:27,NSK-0006,Новосибирск,visit,,0,ads,ios
2026-06-11 18:58:23,MSK-0181,Москва,product_view,,0,ads,ios
2026-06-11 19:00:04,SPB-0002,Санкт-Петербург,purchase,ORD-000397,220.00,referral,android
2026-06-11 19:00:05,MSK-0266,Москва,product_view,,0,organic,ios
2026-06-11 19:19:10,MSK-0002,Москва,purchase,ORD-000390,1010.00,organic,android
2026-06-11 19:20:19,NSK-0006,Новосибирск,product_view,,0,ads,ios
2026-06-11 19:24:08,EKB-0020,Екатеринбург,purchase,ORD-000406,180.00,ads,ios
2026-06-11 19:41:33,KZN-0005,Казань,purchase,ORD-000405,720.00,ads,ios
2026-06-11 20:09:58,MSK-0053,Москва,purchase,ORD-000386,230.00,organic,ios
2026-06-11 20:23:09,SPB-0018,Санкт-Петербург,purchase,ORD-000396,270.00,organic,web
2026-06-11 20:40:01,SPB-0041,Санкт-Петербург,purchase,ORD-000399,220.00,ads,web
2026-06-11 20:56:03,MSK-0005,Москва,purchase,ORD-000381,270.00,referral,ios
2026-06-11 20:57:07,MSK-0022,Москва,purchase,ORD-000389,270.00,organic,android
2026-06-12 02:12:24,TEST-KZN-0012,Казань,purchase,TEST-00012,120.00,test,web
2026-06-12 02:42:19,TEST-KZN-0042,Казань,purchase,TEST-00042,120.00,test,android
2026-06-12 03:12:45,TEST-KZN-0072,Казань,purchase,TEST-00072,120.00,test,ios
2026-06-12 03:42:56,TEST-KZN-0102,Казань,purchase,TEST-00102,120.00,test,android
2026-06-12 08:00:26,EKB-0114,Екатеринбург,visit,,0,ads,android
2026-06-12 08:01:14,MSK-0057,Москва,visit,,0,referral,android
2026-06-12 08:03:33,EKB-0114,Екатеринбург,product_view,,0,ads,android
2026-06-12 08:03:36,MSK-0281,Москва,visit,,0,organic,ios
2026-06-12 08:05:59,SPB-0005,Санкт-Петербург,visit,,0,ads,web
2026-06-12 08:07:18,MSK-0281,Москва,product_view,,0,organic,ios
2026-06-12 08:08:48,EKB-0052,Екатеринбург,visit,,0,ads,web
2026-06-12 08:11:16,SPB-0189,Санкт-Петербург,visit,,0,organic,android
2026-06-12 08:12:07,NSK-0027,Новосибирск,visit,,0,organic,web
2026-06-12 08:16:16,KZN-0103,Казань,visit,,0,organic,web
2026-06-12 08:19:22,NSK-0027,Новосибирск,product_view,,0,organic,web
2026-06-12 08:19:45,MSK-0077,Москва,visit,,0,referral,ios
2026-06-12 08:25:40,MSK-0057,Москва,product_view,,0,referral,android
2026-06-12 08:27:15,NSK-0044,Новосибирск,visit,,0,organic,ios
2026-06-12 08:31:23,EKB-0052,Екатеринбург,product_view,,0,ads,web
2026-06-12 08:31:54,KZN-0019,Казань,visit,,0,organic,web
2026-06-12 08:36:25,SPB-0164,Санкт-Петербург,visit,,0,organic,android
2026-06-12 08:38:25,SPB-0005,Санкт-Петербург,product_view,,0,ads,web
2026-06-12 08:39:38,SPB-0121,Санкт-Петербург,visit,,0,organic,web
2026-06-12 08:42:10,SPB-0189,Санкт-Петербург,product_view,,0,organic,android
2026-06-12 08:44:30,NSK-0048,Новосибирск,visit,,0,organic,web
2026-06-12 08:47:51,EKB-0062,Екатеринбург,visit,,0,organic,android
2026-06-12 08:48:08,NSK-0021,Новосибирск,visit,,0,organic,web
2026-06-12 08:48:48,KZN-0019,Казань,product_view,,0,organic,web
2026-06-12 08:51:44,MSK-0077,Москва,product_view,,0,referral,ios
2026-06-12 08:58:58,SPB-0119,Санкт-Петербург,visit,,0,organic,android
2026-06-12 09:10:13,SPB-0184,Санкт-Петербург,visit,,0,referral,ios
2026-06-12 09:10:49,NSK-0021,Новосибирск,product_view,,0,organic,web
2026-06-12 09:12:04,EKB-0062,Екатеринбург,product_view,,0,organic,android
2026-06-12 09:12:43,SPB-0123,Санкт-Петербург,visit,,0,ads,ios
2026-06-12 09:17:48,MSK-0063,Москва,visit,,0,organic,web
2026-06-12 09:18:19,MSK-0048,Москва,visit,,0,ads,ios
2026-06-12 09:19:55,MSK-0185,Москва,visit,,0,ads,ios
2026-06-12 09:22:11,NSK-0025,Новосибирск,visit,,0,ads,android
2026-06-12 09:24:44,MSK-0059,Москва,visit,,0,organic,ios
2026-06-12 09:27:07,KZN-0066,Казань,visit,,0,organic,web
2026-06-12 09:29:27,MSK-0185,Москва,product_view,,0,ads,ios
2026-06-12 09:35:59,NSK-0028,Новосибирск,visit,,0,organic,android
2026-06-12 09:36:20,MSK-0063,Москва,product_view,,0,organic,web
2026-06-12 09:36:23,KZN-0066,Казань,product_view,,0,organic,web
2026-06-12 09:38:34,MSK-0137,Москва,visit,,0,referral,android
2026-06-12 09:40:32,SPB-0033,Санкт-Петербург,visit,,0,ads,ios
2026-06-12 09:46:17,MSK-0178,Москва,visit,,0,ads,android
2026-06-12 09:47:07,MSK-0063,Москва,product_view,,0,organic,web
2026-06-12 09:48:31,MSK-0227,Москва,visit,,0,ads,android
2026-06-12 09:52:06,KZN-0066,Казань,product_view,,0,organic,web
2026-06-12 09:56:36,SPB-0011,Санкт-Петербург,visit,,0,ads,android
2026-06-12 09:57:17,MSK-0011,Москва,visit,,0,organic,android
2026-06-12 09:58:10,SPB-0011,Санкт-Петербург,product_view,,0,ads,android
2026-06-12 10:02:10,NSK-0002,Новосибирск,purchase,ORD-000447,170.00,organic,android
2026-06-12 10:03:13,MSK-0011,Москва,product_view,,0,organic,android
2026-06-12 10:03:28,MSK-0137,Москва,product_view,,0,referral,android
2026-06-12 10:04:04,MSK-0160,Москва,visit,,0,organic,ios
2026-06-12 10:04:26,SPB-0033,Санкт-Петербург,product_view,,0,ads,ios
2026-06-12 10:04:34,MSK-0095,Москва,visit,,0,ads,ios
2026-06-12 10:06:55,MSK-0291,Москва,visit,,0,organic,android
2026-06-12 10:08:06,MSK-0005,Москва,visit,,0,referral,ios
2026-06-12 10:10:39,SPB-0032,Санкт-Петербург,purchase,ORD-000429,350.00,organic,android
2026-06-12 10:11:20,EKB-0115,Екатеринбург,visit,,0,organic,android
2026-06-12 10:11:58,SPB-0216,Санкт-Петербург,visit,,0,ads,ios
2026-06-12 10:13:58,NSK-0100,Новосибирск,visit,,0,ads,android
2026-06-12 10:14:51,MSK-0291,Москва,product_view,,0,organic,android
2026-06-12 10:17:40,MSK-0080,Москва,visit,,0,ads,ios
2026-06-12 10:18:02,SPB-0069,Санкт-Петербург,visit,,0,ads,ios
2026-06-12 10:20:13,MSK-0006,Москва,purchase,ORD-000422,190.00,organic,web
2026-06-12 10:20:48,SPB-0103,Санкт-Петербург,visit,,0,referral,android
2026-06-12 10:22:02,MSK-0160,Москва,product_view,,0,organic,ios
2026-06-12 10:22:18,SPB-0011,Санкт-Петербург,product_view,,0,ads,android
2026-06-12 10:29:02,SPB-0216,Санкт-Петербург,product_view,,0,ads,ios
2026-06-12 10:29:54,MSK-0275,Москва,visit,,0,ads,android
2026-06-12 10:30:19,MSK-0005,Москва,product_view,,0,referral,ios
2026-06-12 10:30:36,MSK-0095,Москва,product_view,,0,ads,ios
2026-06-12 10:31:17,MSK-0005,Москва,purchase,ORD-000424,400.00,referral,ios
2026-06-12 10:34:00,KZN-0079,Казань,visit,,0,ads,ios
2026-06-12 10:37:53,MSK-0044,Москва,visit,,0,organic,ios
2026-06-12 10:41:46,MSK-0283,Москва,visit,,0,ads,ios
2026-06-12 10:41:59,EKB-0031,Екатеринбург,visit,,0,organic,ios
2026-06-12 10:42:20,SPB-0005,Санкт-Петербург,purchase,ORD-000431,310.00,ads,web
2026-06-12 10:45:42,NSK-0024,Новосибирск,visit,,0,organic,android
2026-06-12 10:46:10,NSK-0100,Новосибирск,product_view,,0,ads,android
2026-06-12 10:46:49,SPB-0103,Санкт-Петербург,product_view,,0,referral,android
2026-06-12 10:48:17,NSK-0037,Новосибирск,visit,,0,organic,android
2026-06-12 10:51:42,MSK-0080,Москва,product_view,,0,ads,ios
2026-06-12 10:56:28,MSK-0119,Москва,visit,,0,organic,ios
2026-06-12 10:59:14,NSK-0024,Новосибирск,product_view,,0,organic,android
2026-06-12 11:00:34,MSK-0044,Москва,product_view,,0,organic,ios
2026-06-12 11:01:11,KZN-0027,Казань,visit,,0,referral,ios
2026-06-12 11:01:26,KZN-0096,Казань,visit,,0,referral,ios
2026-06-12 11:06:16,KZN-0096,Казань,product_view,,0,referral,ios
2026-06-12 11:06:56,KZN-0079,Казань,product_view,,0,ads,ios
2026-06-12 11:10:05,NSK-0037,Новосибирск,product_view,,0,organic,android
2026-06-12 11:10:21,SPB-0172,Санкт-Петербург,visit,,0,referral,web
2026-06-12 11:11:09,KZN-0017,Казань,purchase,ORD-000437,1100.00,referral,android
2026-06-12 11:13:33,KZN-0027,Казань,product_view,,0,referral,ios
2026-06-12 11:17:39,EKB-0067,Екатеринбург,visit,,0,organic,ios
2026-06-12 11:18:03,NSK-0024,Новосибирск,product_view,,0,organic,android
2026-06-12 11:18:14,SPB-0154,Санкт-Петербург,visit,,0,referral,ios
2026-06-12 11:18:16,MSK-0248,Москва,visit,,0,organic,ios
2026-06-12 11:19:02,SPB-0025,Санкт-Петербург,purchase,ORD-000434,650.00,ads,ios
2026-06-12 11:19:51,SPB-0118,Санкт-Петербург,visit,,0,organic,web
2026-06-12 11:22:00,SPB-0181,Санкт-Петербург,visit,,0,referral,web
2026-06-12 11:23:09,KZN-0008,Казань,purchase,ORD-000438,340.00,organic,android
2026-06-12 11:24:07,MSK-0062,Москва,visit,,0,organic,android
2026-06-12 11:25:12,EKB-0018,Екатеринбург,purchase,ORD-000443,220.00,organic,ios
2026-06-12 11:29:13,KZN-0088,Казань,visit,,0,organic,android
2026-06-12 11:29:41,MSK-0164,Москва,visit,,0,ads,ios
2026-06-12 11:34:10,KZN-0088,Казань,product_view,,0,organic,android
2026-06-12 11:37:53,EKB-0067,Екатеринбург,product_view,,0,organic,ios
2026-06-12 11:38:32,MSK-0062,Москва,product_view,,0,organic,android
2026-06-12 11:39:12,EKB-0019,Екатеринбург,visit,,0,ads,android
2026-06-12 11:41:08,SPB-0035,Санкт-Петербург,visit,,0,ads,ios
2026-06-12 11:46:16,MSK-0244,Москва,visit,,0,ads,android
2026-06-12 11:49:03,EKB-0030,Екатеринбург,visit,,0,organic,ios
2026-06-12 11:49:42,MSK-0043,Москва,visit,,0,referral,android
2026-06-12 11:50:01,MSK-0136,Москва,visit,,0,ads,android
2026-06-12 11:54:01,MSK-0136,Москва,product_view,,0,ads,android
2026-06-12 11:54:24,MSK-0164,Москва,product_view,,0,ads,ios
2026-06-12 11:55:16,SPB-0011,Санкт-Петербург,purchase,ORD-000432,220.00,ads,android
2026-06-12 11:56:00,SPB-0035,Санкт-Петербург,product_view,,0,ads,ios
2026-06-12 11:56:42,SPB-0179,Санкт-Петербург,visit,,0,organic,ios
2026-06-12 11:57:39,EKB-0010,Екатеринбург,visit,,0,ads,web
2026-06-12 11:59:38,KZN-0068,Казань,visit,,0,ads,android
2026-06-12 12:01:11,KZN-0008,Казань,visit,,0,organic,android
2026-06-12 12:01:45,NSK-0004,Новосибирск,visit,,0,ads,ios
2026-06-12 12:02:27,SPB-0179,Санкт-Петербург,product_view,,0,organic,ios
2026-06-12 12:02:51,EKB-0030,Екатеринбург,product_view,,0,organic,ios
2026-06-12 12:06:21,MSK-0068,Москва,visit,,0,organic,android
2026-06-12 12:07:56,KZN-0133,Казань,visit,,0,referral,android
2026-06-12 12:07:58,MSK-0144,Москва,visit,,0,organic,android
2026-06-12 12:08:16,MSK-0003,Москва,purchase,ORD-000415,270.00,referral,android
2026-06-12 12:09:05,EKB-0086,Екатеринбург,visit,,0,organic,web
2026-06-12 12:10:39,SPB-0081,Санкт-Петербург,visit,,0,referral,ios
2026-06-12 12:11:38,EKB-0108,Екатеринбург,visit,,0,organic,android
2026-06-12 12:11:52,EKB-0028,Екатеринбург,visit,,0,referral,android
2026-06-12 12:13:00,MSK-0171,Москва,visit,,0,organic,android
2026-06-12 12:13:05,KZN-0008,Казань,product_view,,0,organic,android
2026-06-12 12:14:06,KZN-0068,Казань,product_view,,0,ads,android
2026-06-12 12:14:46,MSK-0037,Москва,visit,,0,ads,android
2026-06-12 12:15:36,KZN-0008,Казань,product_view,,0,organic,android
2026-06-12 12:15:58,NSK-0004,Новосибирск,product_view,,0,ads,ios
2026-06-12 12:20:13,EKB-0021,Екатеринбург,visit,,0,organic,android
2026-06-12 12:20:28,MSK-0043,Москва,product_view,,0,referral,android
2026-06-12 12:20:28,MSK-0218,Москва,visit,,0,ads,ios
2026-06-12 12:21:01,SPB-0206,Санкт-Петербург,visit,,0,organic,ios
2026-06-12 12:21:49,MSK-0068,Москва,product_view,,0,organic,android
2026-06-12 12:22:26,MSK-0037,Москва,product_view,,0,ads,android
2026-06-12 12:23:34,EKB-0010,Екатеринбург,product_view,,0,ads,web
2026-06-12 12:25:56,MSK-0011,Москва,purchase,ORD-000426,400.00,organic,android
2026-06-12 12:27:52,MSK-0104,Москва,visit,,0,ads,ios
2026-06-12 12:28:45,SPB-0021,Санкт-Петербург,visit,,0,organic,android
2026-06-12 12:30:28,MSK-0122,Москва,visit,,0,organic,android
2026-06-12 12:31:28,MSK-0013,Москва,visit,,0,ads,web
2026-06-12 12:33:46,MSK-0104,Москва,product_view,,0,ads,ios
2026-06-12 12:35:25,EKB-0108,Екатеринбург,product_view,,0,organic,android
2026-06-12 12:36:18,KZN-0034,Казань,visit,,0,referral,web
2026-06-12 12:36:31,SPB-0025,Санкт-Петербург,visit,,0,ads,ios
2026-06-12 12:39:42,KZN-0133,Казань,product_view,,0,referral,android
2026-06-12 12:41:01,SPB-0206,Санкт-Петербург,product_view,,0,organic,ios
2026-06-12 12:43:03,MSK-0037,Москва,product_view,,0,ads,android
2026-06-12 12:43:43,NSK-0009,Новосибирск,visit,,0,ads,android
2026-06-12 12:44:36,KZN-0030,Казань,visit,,0,ads,android
2026-06-12 12:45:33,MSK-0216,Москва,visit,,0,ads,android
2026-06-12 12:47:43,NSK-0009,Новосибирск,product_view,,0,ads,android
2026-06-12 12:48:33,MSK-0013,Москва,product_view,,0,ads,web
2026-06-12 12:49:03,SPB-0101,Санкт-Петербург,visit,,0,organic,web
2026-06-12 12:52:44,MSK-0013,Москва,product_view,,0,ads,web
2026-06-12 12:53:25,SPB-0021,Санкт-Петербург,product_view,,0,organic,android
2026-06-12 12:54:34,KZN-0034,Казань,product_view,,0,referral,web
2026-06-12 12:55:24,SPB-0025,Санкт-Петербург,product_view,,0,ads,ios
2026-06-12 13:01:33,MSK-0252,Москва,visit,,0,organic,android
2026-06-12 13:05:55,KZN-0034,Казань,product_view,,0,referral,web
2026-06-12 13:09:43,SPB-0101,Санкт-Петербург,product_view,,0,organic,web
2026-06-12 13:09:45,MSK-0216,Москва,product_view,,0,ads,android
2026-06-12 13:10:39,EKB-0102,Екатеринбург,visit,,0,organic,web
2026-06-12 13:12:25,KZN-0030,Казань,product_view,,0,ads,android
2026-06-12 13:16:57,EKB-0095,Екатеринбург,visit,,0,organic,web
2026-06-12 13:19:56,KZN-0071,Казань,visit,,0,organic,android
2026-06-12 13:23:41,MSK-0252,Москва,product_view,,0,organic,android
2026-06-12 13:24:09,MSK-0252,Москва,product_view,,0,organic,android
2026-06-12 13:24:36,EKB-0095,Екатеринбург,product_view,,0,organic,web
2026-06-12 13:24:37,MSK-0037,Москва,purchase,ORD-000423,230.00,ads,android
2026-06-12 13:25:06,SPB-0223,Санкт-Петербург,visit,,0,organic,ios
2026-06-12 13:26:48,SPB-0001,Санкт-Петербург,visit,,0,referral,android
2026-06-12 13:28:45,KZN-0071,Казань,product_view,,0,organic,android
2026-06-12 13:29:07,KZN-0063,Казань,visit,,0,organic,ios
2026-06-12 13:30:47,MSK-0020,Москва,visit,,0,ads,android
2026-06-12 13:38:05,MSK-0241,Москва,visit,,0,organic,web
2026-06-12 13:42:32,EKB-0025,Екатеринбург,purchase,ORD-000445,550.00,ads,android
2026-06-12 13:43:22,MSK-0013,Москва,purchase,ORD-000421,230.00,ads,web
2026-06-12 13:43:51,MSK-0041,Москва,purchase,ORD-000425,320.00,referral,android
2026-06-12 13:48:31,MSK-0241,Москва,product_view,,0,organic,web
2026-06-12 13:48:46,MSK-0225,Москва,visit,,0,ads,ios
2026-06-12 13:51:05,MSK-0117,Москва,visit,,0,organic,ios
2026-06-12 13:53:49,KZN-0028,Казань,visit,,0,organic,web
2026-06-12 13:53:59,KZN-0067,Казань,visit,,0,organic,ios
2026-06-12 13:56:13,SPB-0223,Санкт-Петербург,product_view,,0,organic,ios
2026-06-12 13:57:05,SPB-0218,Санкт-Петербург,visit,,0,organic,web
2026-06-12 13:57:48,MSK-0020,Москва,product_view,,0,ads,android
2026-06-12 13:58:09,EKB-0014,Екатеринбург,visit,,0,organic,android
2026-06-12 14:00:06,MSK-0241,Москва,product_view,,0,organic,web
2026-06-12 14:00:56,MSK-0240,Москва,visit,,0,organic,ios
2026-06-12 14:01:11,SPB-0001,Санкт-Петербург,product_view,,0,referral,android
2026-06-12 14:02:33,MSK-0097,Москва,visit,,0,ads,web
2026-06-12 14:06:01,MSK-0172,Москва,visit,,0,organic,ios
2026-06-12 14:15:28,EKB-0030,Екатеринбург,purchase,ORD-000444,370.00,organic,ios
2026-06-12 14:15:52,SPB-0218,Санкт-Петербург,product_view,,0,organic,web
2026-06-12 14:15:54,MSK-0247,Москва,visit,,0,organic,android
2026-06-12 14:16:48,KZN-0075,Казань,visit,,0,organic,android
2026-06-12 14:18:39,MSK-0247,Москва,product_view,,0,organic,android
2026-06-12 14:18:45,MSK-0003,Москва,visit,,0,referral,android
2026-06-12 14:20:22,MSK-0054,Москва,visit,,0,organic,android
2026-06-12 14:24:12,MSK-0172,Москва,product_view,,0,organic,ios
2026-06-12 14:27:59,SPB-0003,Санкт-Петербург,purchase,ORD-000428,180.00,organic,ios
2026-06-12 14:30:03,MSK-0240,Москва,product_view,,0,organic,ios
2026-06-12 14:31:37,NSK-0008,Новосибирск,purchase,ORD-000449,250.00,organic,android
2026-06-12 14:34:07,MSK-0041,Москва,visit,,0,referral,android
2026-06-12 14:34:20,MSK-0172,Москва,product_view,,0,organic,ios
2026-06-12 14:37:57,SPB-0098,Санкт-Петербург,visit,,0,organic,android
2026-06-12 14:38:32,KZN-0060,Казань,visit,,0,referral,android
2026-06-12 14:41:34,SPB-0003,Санкт-Петербург,visit,,0,organic,ios
2026-06-12 14:41:44,SPB-0174,Санкт-Петербург,visit,,0,organic,web
2026-06-12 14:45:17,KZN-0017,Казань,visit,,0,referral,android
2026-06-12 14:46:05,MSK-0054,Москва,product_view,,0,organic,android
2026-06-12 14:46:33,EKB-0083,Екатеринбург,visit,,0,ads,android
2026-06-12 14:47:42,NSK-0076,Новосибирск,visit,,0,ads,ios
2026-06-12 14:49:25,SPB-0174,Санкт-Петербург,product_view,,0,organic,web
2026-06-12 14:49:42,MSK-0057,Москва,purchase,ORD-000420,320.00,referral,android
2026-06-12 14:51:48,MSK-0003,Москва,product_view,,0,referral,android
2026-06-12 14:53:23,SPB-0003,Санкт-Петербург,product_view,,0,organic,ios
2026-06-12 14:54:21,MSK-0041,Москва,product_view,,0,referral,android
2026-06-12 14:56:06,EKB-0083,Екатеринбург,product_view,,0,ads,android
2026-06-12 14:57:17,SPB-0049,Санкт-Петербург,visit,,0,organic,ios
2026-06-12 14:59:27,NSK-0055,Новосибирск,visit,,0,referral,ios
2026-06-12 15:05:30,SPB-0049,Санкт-Петербург,product_view,,0,organic,ios
2026-06-12 15:06:28,SPB-0170,Санкт-Петербург,visit,,0,organic,ios
2026-06-12 15:07:52,KZN-0017,Казань,product_view,,0,referral,android
2026-06-12 15:10:56,SPB-0026,Санкт-Петербург,visit,,0,organic,android
2026-06-12 15:10:56,EKB-0025,Екатеринбург,visit,,0,ads,android
2026-06-12 15:11:32,KZN-0023,Казань,visit,,0,organic,web
2026-06-12 15:11:57,KZN-0017,Казань,product_view,,0,referral,android
2026-06-12 15:12:17,SPB-0003,Санкт-Петербург,product_view,,0,organic,ios
2026-06-12 15:13:55,EKB-0025,Екатеринбург,product_view,,0,ads,android
2026-06-12 15:15:54,KZN-0078,Казань,visit,,0,organic,web
2026-06-12 15:21:17,SPB-0198,Санкт-Петербург,visit,,0,referral,ios
2026-06-12 15:22:23,KZN-0052,Казань,visit,,0,organic,android
2026-06-12 15:24:45,SPB-0198,Санкт-Петербург,product_view,,0,referral,ios
2026-06-12 15:29:48,MSK-0073,Москва,visit,,0,organic,android
2026-06-12 15:30:58,KZN-0023,Казань,product_view,,0,organic,web
2026-06-12 15:36:28,SPB-0132,Санкт-Петербург,visit,,0,organic,android
2026-06-12 15:38:35,KZN-0087,Казань,visit,,0,organic,web
2026-06-12 15:40:56,KZN-0065,Казань,visit,,0,organic,ios
2026-06-12 15:44:50,MSK-0073,Москва,product_view,,0,organic,android
2026-06-12 15:44:58,EKB-0069,Екатеринбург,visit,,0,referral,android
2026-06-12 15:46:02,MSK-0055,Москва,visit,,0,ads,android
2026-06-12 15:46:43,EKB-0020,Екатеринбург,visit,,0,ads,ios
2026-06-12 15:46:48,MSK-0143,Москва,visit,,0,organic,ios
2026-06-12 15:47:59,KZN-0057,Казань,visit,,0,ads,android
2026-06-12 15:48:22,KZN-0023,Казань,product_view,,0,organic,web
2026-06-12 15:52:54,NSK-0023,Новосибирск,visit,,0,organic,ios
2026-06-12 15:52:57,EKB-0025,Екатеринбург,product_view,,0,ads,android
2026-06-12 15:53:31,MSK-0055,Москва,product_view,,0,ads,android
2026-06-12 15:53:33,NSK-0004,Новосибирск,purchase,ORD-000448,250.00,ads,ios
2026-06-12 15:56:45,EKB-0020,Екатеринбург,product_view,,0,ads,ios
2026-06-12 15:57:29,SPB-0046,Санкт-Петербург,visit,,0,organic,android
2026-06-12 15:57:50,KZN-0052,Казань,product_view,,0,organic,android
2026-06-12 15:59:37,NSK-0002,Новосибирск,visit,,0,organic,android
2026-06-12 15:59:57,EKB-0020,Екатеринбург,product_view,,0,ads,ios
2026-06-12 16:00:28,KZN-0049,Казань,visit,,0,organic,android
2026-06-12 16:04:24,NSK-0002,Новосибирск,product_view,,0,organic,android
2026-06-12 16:04:29,KZN-0025,Казань,purchase,ORD-000436,260.00,organic,android
2026-06-12 16:07:53,MSK-0229,Москва,visit,,0,organic,ios
2026-06-12 16:10:53,EKB-0018,Екатеринбург,visit,,0,organic,ios
2026-06-12 16:13:05,NSK-0023,Новосибирск,product_view,,0,organic,ios
2026-06-12 16:13:53,KZN-0087,Казань,product_view,,0,organic,web
2026-06-12 16:14:45,SPB-0046,Санкт-Петербург,product_view,,0,organic,android
2026-06-12 16:17:21,MSK-0036,Москва,visit,,0,organic,ios
2026-06-12 16:28:56,MSK-0229,Москва,product_view,,0,organic,ios
2026-06-12 16:31:38,SPB-0197,Санкт-Петербург,visit,,0,organic,android
2026-06-12 16:32:59,MSK-0049,Москва,visit,,0,organic,android
2026-06-12 16:34:51,KZN-0049,Казань,product_view,,0,organic,android
2026-06-12 16:35:00,MSK-0049,Москва,product_view,,0,organic,android
2026-06-12 16:35:22,EKB-0018,Екатеринбург,product_view,,0,organic,ios
2026-06-12 16:36:48,MSK-0019,Москва,visit,,0,ads,android
2026-06-12 16:38:33,SPB-0039,Санкт-Петербург,visit,,0,organic,web
2026-06-12 16:38:55,SPB-0049,Санкт-Петербург,purchase,ORD-000430,350.00,organic,ios
2026-06-12 16:40:08,SPB-0197,Санкт-Петербург,product_view,,0,organic,android
2026-06-12 16:44:15,MSK-0036,Москва,product_view,,0,organic,ios
2026-06-12 16:44:32,SPB-0040,Санкт-Петербург,visit,,0,referral,ios
2026-06-12 16:45:44,SPB-0046,Санкт-Петербург,purchase,ORD-000435,180.00,organic,android
2026-06-12 16:47:21,KZN-0012,Казань,visit,,0,referral,ios
2026-06-12 16:53:45,SPB-0110,Санкт-Петербург,visit,,0,organic,ios
2026-06-12 16:57:31,SPB-0040,Санкт-Петербург,product_view,,0,referral,ios
2026-06-12 16:58:13,SPB-0191,Санкт-Петербург,visit,,0,ads,android
2026-06-12 16:58:18,SPB-0222,Санкт-Петербург,visit,,0,referral,ios
2026-06-12 16:59:08,SPB-0039,Санкт-Петербург,product_view,,0,organic,web
2026-06-12 17:05:51,NSK-0046,Новосибирск,visit,,0,organic,android
2026-06-12 17:06:56,SPB-0143,Санкт-Петербург,visit,,0,organic,android
2026-06-12 17:10:12,SPB-0039,Санкт-Петербург,product_view,,0,organic,web
2026-06-12 17:10:35,MSK-0055,Москва,purchase,ORD-000418,320.00,ads,android
2026-06-12 17:11:11,MSK-0142,Москва,visit,,0,organic,android
2026-06-12 17:11:26,NSK-0046,Новосибирск,product_view,,0,organic,android
2026-06-12 17:11:32,EKB-0013,Екатеринбург,visit,,0,organic,android
2026-06-12 17:11:37,NSK-0057,Новосибирск,visit,,0,organic,web
2026-06-12 17:11:51,MSK-0271,Москва,visit,,0,organic,android
2026-06-12 17:13:28,NSK-0089,Новосибирск,visit,,0,organic,android
2026-06-12 17:13:48,EKB-0038,Екатеринбург,visit,,0,organic,web
2026-06-12 17:13:49,NSK-0094,Новосибирск,visit,,0,organic,ios
2026-06-12 17:14:15,MSK-0042,Москва,visit,,0,organic,web
2026-06-12 17:15:49,NSK-0011,Новосибирск,visit,,0,organic,ios
2026-06-12 17:16:26,SPB-0197,Санкт-Петербург,product_view,,0,organic,android
2026-06-12 17:18:16,SPB-0110,Санкт-Петербург,product_view,,0,organic,ios
2026-06-12 17:19:00,SPB-0222,Санкт-Петербург,product_view,,0,referral,ios
2026-06-12 17:21:33,KZN-0070,Казань,visit,,0,ads,android
2026-06-12 17:22:48,MSK-0271,Москва,product_view,,0,organic,android
2026-06-12 17:23:45,MSK-0142,Москва,product_view,,0,organic,android
2026-06-12 17:24:54,EKB-0010,Екатеринбург,purchase,ORD-000446,290.00,ads,web
2026-06-12 17:26:24,MSK-0042,Москва,product_view,,0,organic,web
2026-06-12 17:26:29,SPB-0032,Санкт-Петербург,visit,,0,organic,android
2026-06-12 17:27:54,SPB-0143,Санкт-Петербург,product_view,,0,organic,android
2026-06-12 17:29:04,MSK-0180,Москва,visit,,0,organic,ios
2026-06-12 17:29:12,NSK-0013,Новосибирск,purchase,ORD-000450,250.00,ads,web
2026-06-12 17:31:46,SPB-0085,Санкт-Петербург,visit,,0,ads,android
2026-06-12 17:33:03,SPB-0143,Санкт-Петербург,product_view,,0,organic,android
2026-06-12 17:33:09,MSK-0169,Москва,visit,,0,organic,android
2026-06-12 17:33:26,SPB-0191,Санкт-Петербург,product_view,,0,ads,android
2026-06-12 17:34:33,MSK-0179,Москва,visit,,0,referral,android
2026-06-12 17:35:08,NSK-0013,Новосибирск,visit,,0,ads,web
2026-06-12 17:39:08,NSK-0013,Новосибирск,product_view,,0,ads,web
2026-06-12 17:40:14,MSK-0126,Москва,visit,,0,organic,ios
2026-06-12 17:45:04,SPB-0032,Санкт-Петербург,product_view,,0,organic,android
2026-06-12 17:47:16,NSK-0057,Новосибирск,product_view,,0,organic,web
2026-06-12 17:50:01,SPB-0039,Санкт-Петербург,purchase,ORD-000427,180.00,organic,web
2026-06-12 17:52:46,NSK-0013,Новосибирск,product_view,,0,ads,web
2026-06-12 17:57:51,EKB-0048,Екатеринбург,visit,,0,ads,android
2026-06-12 18:01:12,SPB-0175,Санкт-Петербург,visit,,0,organic,web
2026-06-12 18:11:24,MSK-0006,Москва,visit,,0,organic,web
2026-06-12 18:13:19,SPB-0040,Санкт-Петербург,purchase,ORD-000433,650.00,referral,ios
2026-06-12 18:14:24,SPB-0175,Санкт-Петербург,product_view,,0,organic,web
2026-06-12 18:16:18,EKB-0026,Екатеринбург,visit,,0,referral,android
2026-06-12 18:17:19,MSK-0151,Москва,visit,,0,ads,web
2026-06-12 18:21:59,KZN-0015,Казань,visit,,0,ads,android
2026-06-12 18:22:22,MSK-0081,Москва,visit,,0,organic,android
2026-06-12 18:22:33,SPB-0135,Санкт-Петербург,visit,,0,referral,android
2026-06-12 18:22:40,EKB-0026,Екатеринбург,product_view,,0,referral,android
2026-06-12 18:26:47,SPB-0144,Санкт-Петербург,visit,,0,organic,web
2026-06-12 18:27:15,MSK-0112,Москва,visit,,0,organic,android
2026-06-12 18:29:17,SPB-0120,Санкт-Петербург,visit,,0,organic,web
2026-06-12 18:29:32,NSK-0008,Новосибирск,visit,,0,organic,android
2026-06-12 18:30:52,KZN-0030,Казань,purchase,ORD-000441,180.00,ads,android
2026-06-12 18:33:55,EKB-0048,Екатеринбург,product_view,,0,ads,android
2026-06-12 18:35:19,EKB-0065,Екатеринбург,visit,,0,organic,android
2026-06-12 18:35:22,MSK-0297,Москва,visit,,0,ads,android
2026-06-12 18:36:59,KZN-0015,Казань,product_view,,0,ads,android
2026-06-12 18:41:45,MSK-0006,Москва,product_view,,0,organic,web
2026-06-12 18:42:12,SPB-0175,Санкт-Петербург,product_view,,0,organic,web
2026-06-12 18:43:06,SPB-0029,Санкт-Петербург,visit,,0,referral,ios
2026-06-12 18:45:00,MSK-0020,Москва,purchase,ORD-000419,760.00,ads,android
2026-06-12 18:47:18,KZN-0025,Казань,visit,,0,organic,android
2026-06-12 18:47:55,MSK-0297,Москва,product_view,,0,ads,android
2026-06-12 18:48:06,SPB-0115,Санкт-Петербург,visit,,0,ads,web
2026-06-12 18:48:44,EKB-0065,Екатеринбург,product_view,,0,organic,android
2026-06-12 18:50:47,NSK-0008,Новосибирск,product_view,,0,organic,android
2026-06-12 18:51:08,KZN-0048,Казань,visit,,0,organic,ios
2026-06-12 18:52:18,NSK-0008,Новосибирск,product_view,,0,organic,android
2026-06-12 18:55:31,SPB-0144,Санкт-Петербург,product_view,,0,organic,web
2026-06-12 18:56:49,KZN-0048,Казань,product_view,,0,organic,ios
2026-06-12 18:58:11,MSK-0044,Москва,purchase,ORD-000417,360.00,organic,ios
2026-06-12 19:03:44,SPB-0029,Санкт-Петербург,product_view,,0,referral,ios
2026-06-12 19:04:28,MSK-0297,Москва,product_view,,0,ads,android
2026-06-12 19:08:14,EKB-0020,Екатеринбург,purchase,ORD-000442,180.00,ads,ios
2026-06-12 19:08:28,KZN-0025,Казань,product_view,,0,organic,android
2026-06-12 19:10:55,SPB-0115,Санкт-Петербург,product_view,,0,ads,web
2026-06-12 19:43:46,MSK-0043,Москва,purchase,ORD-000416,270.00,referral,android
2026-06-12 20:15:12,KZN-0019,Казань,purchase,ORD-000440,960.00,organic,web
2026-06-12 20:48:20,KZN-0034,Казань,purchase,ORD-000439,180.00,referral,web
2026-06-13 02:13:29,TEST-KZN-0013,Казань,purchase,TEST-00013,130.00,test,android
2026-06-13 02:43:22,TEST-KZN-0043,Казань,purchase,TEST-00043,130.00,test,ios
2026-06-13 03:13:11,TEST-KZN-0073,Казань,purchase,TEST-00073,130.00,test,android
2026-06-13 03:43:45,TEST-KZN-0103,Казань,purchase,TEST-00103,130.00,test,web
2026-06-13 08:00:10,MSK-0020,Москва,visit,,0,ads,android
2026-06-13 08:03:46,KZN-0048,Казань,visit,,0,organic,ios
2026-06-13 08:05:54,MSK-0069,Москва,visit,,0,organic,web
2026-06-13 08:07:18,MSK-0020,Москва,product_view,,0,ads,android
2026-06-13 08:07:42,NSK-0024,Новосибирск,visit,,0,organic,android
2026-06-13 08:08:24,NSK-0061,Новосибирск,visit,,0,ads,ios
2026-06-13 08:09:38,EKB-0118,Екатеринбург,visit,,0,ads,android
2026-06-13 08:12:03,SPB-0007,Санкт-Петербург,visit,,0,organic,web
2026-06-13 08:12:18,KZN-0048,Казань,product_view,,0,organic,ios
2026-06-13 08:15:11,MSK-0269,Москва,visit,,0,referral,android
2026-06-13 08:17:39,SPB-0007,Санкт-Петербург,product_view,,0,organic,web
2026-06-13 08:19:28,EKB-0118,Екатеринбург,product_view,,0,ads,android
2026-06-13 08:20:06,MSK-0008,Москва,visit,,0,organic,android
2026-06-13 08:21:07,SPB-0036,Санкт-Петербург,visit,,0,organic,ios
2026-06-13 08:21:26,MSK-0069,Москва,product_view,,0,organic,web
2026-06-13 08:32:56,KZN-0007,Казань,visit,,0,ads,android
2026-06-13 08:36:11,MSK-0011,Москва,visit,,0,organic,android
2026-06-13 08:36:38,MSK-0293,Москва,visit,,0,ads,ios
2026-06-13 08:39:31,KZN-0099,Казань,visit,,0,organic,ios
2026-06-13 08:40:36,MSK-0040,Москва,visit,,0,ads,android
2026-06-13 08:40:51,EKB-0105,Екатеринбург,visit,,0,ads,ios
2026-06-13 08:41:24,NSK-0023,Новосибирск,visit,,0,organic,ios
2026-06-13 08:43:03,MSK-0269,Москва,product_view,,0,referral,android
2026-06-13 08:43:17,SPB-0151,Санкт-Петербург,visit,,0,organic,ios
2026-06-13 08:43:17,EKB-0009,Екатеринбург,visit,,0,organic,android
2026-06-13 08:47:20,MSK-0028,Москва,visit,,0,referral,android
2026-06-13 08:50:31,NSK-0092,Новосибирск,visit,,0,ads,ios
2026-06-13 08:51:37,KZN-0033,Казань,visit,,0,organic,ios
2026-06-13 08:53:08,SPB-0036,Санкт-Петербург,product_view,,0,organic,ios
2026-06-13 08:54:26,KZN-0011,Казань,visit,,0,ads,android
2026-06-13 08:54:45,SPB-0151,Санкт-Петербург,product_view,,0,organic,ios
2026-06-13 08:57:56,MSK-0040,Москва,product_view,,0,ads,android
2026-06-13 08:59:11,KZN-0033,Казань,product_view,,0,organic,ios
2026-06-13 09:03:01,EKB-0006,Екатеринбург,visit,,0,organic,android
2026-06-13 09:05:41,MSK-0028,Москва,product_view,,0,referral,android
2026-06-13 09:06:21,NSK-0092,Новосибирск,product_view,,0,ads,ios
2026-06-13 09:09:07,MSK-0256,Москва,visit,,0,organic,web
2026-06-13 09:09:23,EKB-0009,Екатеринбург,product_view,,0,organic,android
2026-06-13 09:09:36,EKB-0025,Екатеринбург,visit,,0,ads,android
2026-06-13 09:11:28,SPB-0131,Санкт-Петербург,visit,,0,organic,ios
2026-06-13 09:17:06,NSK-0092,Новосибирск,product_view,,0,ads,ios
2026-06-13 09:21:30,KZN-0011,Казань,product_view,,0,ads,android
2026-06-13 09:21:31,NSK-0093,Новосибирск,visit,,0,ads,ios
2026-06-13 09:24:52,MSK-0094,Москва,visit,,0,ads,android
2026-06-13 09:25:36,EKB-0025,Екатеринбург,product_view,,0,ads,android
2026-06-13 09:28:37,MSK-0256,Москва,product_view,,0,organic,web
2026-06-13 09:29:37,MSK-0192,Москва,visit,,0,referral,ios
2026-06-13 09:29:51,NSK-0093,Новосибирск,product_view,,0,ads,ios
2026-06-13 09:30:02,SPB-0131,Санкт-Петербург,product_view,,0,organic,ios
2026-06-13 09:32:09,EKB-0006,Екатеринбург,product_view,,0,organic,android
2026-06-13 09:32:18,MSK-0064,Москва,visit,,0,ads,ios
2026-06-13 09:33:14,NSK-0008,Новосибирск,visit,,0,organic,android
2026-06-13 09:34:22,EKB-0038,Екатеринбург,visit,,0,organic,web
2026-06-13 09:35:04,NSK-0008,Новосибирск,product_view,,0,organic,android
2026-06-13 09:41:52,KZN-0038,Казань,visit,,0,ads,web
2026-06-13 09:45:43,KZN-0032,Казань,visit,,0,organic,ios
2026-06-13 09:47:06,MSK-0094,Москва,product_view,,0,ads,android
2026-06-13 09:49:36,SPB-0011,Санкт-Петербург,visit,,0,ads,android
2026-06-13 09:53:06,MSK-0064,Москва,product_view,,0,ads,ios
2026-06-13 09:59:39,KZN-0038,Казань,product_view,,0,ads,web
2026-06-13 09:59:45,NSK-0057,Новосибирск,visit,,0,organic,web
2026-06-13 10:01:42,SPB-0011,Санкт-Петербург,product_view,,0,ads,android
2026-06-13 10:04:01,KZN-0013,Казань,visit,,0,ads,android
2026-06-13 10:04:03,EKB-0062,Екатеринбург,visit,,0,organic,android
2026-06-13 10:04:24,KZN-0092,Казань,visit,,0,organic,android
2026-06-13 10:05:40,SPB-0171,Санкт-Петербург,visit,,0,organic,android
2026-06-13 10:05:48,MSK-0077,Москва,visit,,0,referral,ios
2026-06-13 10:06:29,SPB-0011,Санкт-Петербург,product_view,,0,ads,android
2026-06-13 10:10:15,EKB-0038,Екатеринбург,product_view,,0,organic,web
2026-06-13 10:15:55,KZN-0033,Казань,purchase,ORD-000480,340.00,organic,ios
2026-06-13 10:16:12,KZN-0024,Казань,purchase,ORD-000481,260.00,ads,ios
2026-06-13 10:16:27,MSK-0036,Москва,visit,,0,organic,ios
2026-06-13 10:19:29,KZN-0005,Казань,visit,,0,ads,ios
2026-06-13 10:22:29,MSK-0029,Москва,visit,,0,ads,ios
2026-06-13 10:22:32,MSK-0149,Москва,visit,,0,organic,android
2026-06-13 10:23:22,EKB-0110,Екатеринбург,visit,,0,organic,web
2026-06-13 10:26:45,KZN-0013,Казань,product_view,,0,ads,android
2026-06-13 10:27:03,KZN-0020,Казань,visit,,0,ads,ios
2026-06-13 10:28:26,MSK-0149,Москва,product_view,,0,organic,android
2026-06-13 10:29:13,KZN-0002,Казань,visit,,0,ads,android
2026-06-13 10:29:57,SPB-0200,Санкт-Петербург,visit,,0,organic,web
2026-06-13 10:34:00,KZN-0005,Казань,product_view,,0,ads,ios
2026-06-13 10:34:20,MSK-0020,Москва,purchase,ORD-000462,1010.00,ads,android
2026-06-13 10:38:54,MSK-0036,Москва,product_view,,0,organic,ios
2026-06-13 10:41:19,KZN-0005,Казань,product_view,,0,ads,ios
2026-06-13 10:42:47,EKB-0110,Екатеринбург,product_view,,0,organic,web
2026-06-13 10:44:41,MSK-0051,Москва,visit,,0,organic,android
2026-06-13 10:44:48,KZN-0020,Казань,product_view,,0,ads,ios
2026-06-13 10:45:08,NSK-0005,Новосибирск,visit,,0,referral,android
2026-06-13 10:48:16,MSK-0029,Москва,product_view,,0,ads,ios
2026-06-13 10:48:28,MSK-0216,Москва,visit,,0,ads,android
2026-06-13 10:49:27,KZN-0002,Казань,product_view,,0,ads,android
2026-06-13 10:50:57,NSK-0005,Новосибирск,product_view,,0,referral,android
2026-06-13 10:52:35,MSK-0092,Москва,visit,,0,referral,web
2026-06-13 10:52:58,SPB-0200,Санкт-Петербург,product_view,,0,organic,web
2026-06-13 10:53:17,MSK-0017,Москва,visit,,0,organic,web
2026-06-13 10:53:28,EKB-0008,Екатеринбург,visit,,0,organic,android
2026-06-13 10:56:09,MSK-0051,Москва,product_view,,0,organic,android
2026-06-13 10:57:29,EKB-0047,Екатеринбург,visit,,0,ads,android
2026-06-13 11:00:01,MSK-0092,Москва,product_view,,0,referral,web
2026-06-13 11:00:04,KZN-0020,Казань,product_view,,0,ads,ios
2026-06-13 11:03:00,SPB-0081,Санкт-Петербург,visit,,0,referral,ios
2026-06-13 11:03:18,NSK-0005,Новосибирск,purchase,ORD-000488,290.00,referral,android
2026-06-13 11:06:33,NSK-0085,Новосибирск,visit,,0,organic,ios
2026-06-13 11:06:49,MSK-0017,Москва,product_view,,0,organic,web
2026-06-13 11:07:45,MSK-0081,Москва,visit,,0,organic,android
2026-06-13 11:07:59,NSK-0005,Новосибирск,product_view,,0,referral,android
2026-06-13 11:10:13,KZN-0071,Казань,visit,,0,organic,android
2026-06-13 11:12:23,MSK-0017,Москва,product_view,,0,organic,web
2026-06-13 11:20:00,EKB-0028,Екатеринбург,purchase,ORD-000487,180.00,referral,android
2026-06-13 11:22:02,MSK-0116,Москва,visit,,0,organic,android
2026-06-13 11:23:21,MSK-0081,Москва,product_view,,0,organic,android
2026-06-13 11:24:37,NSK-0043,Новосибирск,visit,,0,referral,web
2026-06-13 11:27:12,EKB-0008,Екатеринбург,product_view,,0,organic,android
2026-06-13 11:28:51,NSK-0064,Новосибирск,visit,,0,organic,android
2026-06-13 11:28:55,EKB-0083,Екатеринбург,visit,,0,ads,android
2026-06-13 11:30:05,SPB-0122,Санкт-Петербург,visit,,0,referral,android
2026-06-13 11:30:36,KZN-0071,Казань,product_view,,0,organic,android
2026-06-13 11:31:22,SPB-0085,Санкт-Петербург,visit,,0,ads,android
2026-06-13 11:32:16,SPB-0053,Санкт-Петербург,visit,,0,organic,android
2026-06-13 11:32:42,SPB-0122,Санкт-Петербург,product_view,,0,referral,android
2026-06-13 11:33:52,EKB-0083,Екатеринбург,product_view,,0,ads,android
2026-06-13 11:34:00,NSK-0064,Новосибирск,product_view,,0,organic,android
2026-06-13 11:35:07,MSK-0007,Москва,visit,,0,organic,ios
2026-06-13 11:35:47,KZN-0003,Казань,visit,,0,ads,web
2026-06-13 11:38:00,MSK-0037,Москва,visit,,0,ads,android
2026-06-13 11:39:47,SPB-0031,Санкт-Петербург,purchase,ORD-000468,270.00,ads,android
2026-06-13 11:42:10,SPB-0001,Санкт-Петербург,visit,,0,referral,android
2026-06-13 11:42:15,NSK-0085,Новосибирск,product_view,,0,organic,ios
2026-06-13 11:42:33,EKB-0023,Екатеринбург,visit,,0,organic,ios
2026-06-13 11:45:20,KZN-0054,Казань,visit,,0,referral,ios
2026-06-13 11:46:47,MSK-0279,Москва,visit,,0,ads,web
2026-06-13 11:46:56,MSK-0134,Москва,visit,,0,ads,android
2026-06-13 11:46:58,SPB-0024,Санкт-Петербург,visit,,0,ads,ios
2026-06-13 11:47:01,SPB-0085,Санкт-Петербург,product_view,,0,ads,android
2026-06-13 11:47:02,KZN-0024,Казань,visit,,0,ads,ios
2026-06-13 11:47:03,MSK-0052,Москва,visit,,0,organic,android
2026-06-13 11:48:38,SPB-0204,Санкт-Петербург,visit,,0,ads,ios
2026-06-13 11:49:15,KZN-0006,Казань,purchase,ORD-000478,1100.00,organic,ios
2026-06-13 11:49:42,EKB-0098,Екатеринбург,visit,,0,referral,web
2026-06-13 11:51:11,KZN-0024,Казань,product_view,,0,ads,ios
2026-06-13 11:51:33,KZN-0054,Казань,product_view,,0,referral,ios
2026-06-13 11:54:02,EKB-0023,Екатеринбург,product_view,,0,organic,ios
2026-06-13 11:55:30,NSK-0043,Новосибирск,product_view,,0,referral,web
2026-06-13 11:58:29,SPB-0085,Санкт-Петербург,product_view,,0,ads,android
2026-06-13 11:59:13,MSK-0052,Москва,product_view,,0,organic,android
2026-06-13 12:07:06,MSK-0279,Москва,product_view,,0,ads,web
2026-06-13 12:08:33,KZN-0133,Казань,visit,,0,referral,android
2026-06-13 12:08:50,SPB-0035,Санкт-Петербург,visit,,0,ads,ios
2026-06-13 12:10:33,KZN-0003,Казань,product_view,,0,ads,web
2026-06-13 12:14:42,SPB-0204,Санкт-Петербург,product_view,,0,ads,ios
2026-06-13 12:15:24,EKB-0023,Екатеринбург,product_view,,0,organic,ios
2026-06-13 12:15:37,EKB-0075,Екатеринбург,visit,,0,organic,ios
2026-06-13 12:18:57,MSK-0052,Москва,product_view,,0,organic,android
2026-06-13 12:21:30,SPB-0147,Санкт-Петербург,visit,,0,organic,ios
2026-06-13 12:24:41,SPB-0050,Санкт-Петербург,visit,,0,organic,web
2026-06-13 12:29:04,SPB-0008,Санкт-Петербург,purchase,ORD-000467,390.00,ads,android
2026-06-13 12:35:29,MSK-0039,Москва,purchase,ORD-000460,270.00,referral,android
2026-06-13 12:39:57,KZN-0059,Казань,visit,,0,organic,ios
2026-06-13 12:43:00,MSK-0061,Москва,visit,,0,organic,android
2026-06-13 12:44:41,SPB-0035,Санкт-Петербург,product_view,,0,ads,ios
2026-06-13 12:44:58,MSK-0032,Москва,visit,,0,organic,ios
2026-06-13 12:48:22,KZN-0040,Казань,visit,,0,organic,android
2026-06-13 12:48:42,SPB-0209,Санкт-Петербург,visit,,0,organic,web
2026-06-13 12:49:15,MSK-0028,Москва,purchase,ORD-000457,670.00,referral,android
2026-06-13 12:52:37,MSK-0061,Москва,product_view,,0,organic,android
2026-06-13 12:53:36,EKB-0119,Екатеринбург,visit,,0,organic,ios
2026-06-13 12:53:38,SPB-0179,Санкт-Петербург,visit,,0,organic,ios
2026-06-13 12:53:56,SPB-0050,Санкт-Петербург,product_view,,0,organic,web
2026-06-13 12:54:03,SPB-0052,Санкт-Петербург,visit,,0,organic,android
2026-06-13 12:58:53,MSK-0207,Москва,visit,,0,organic,android
2026-06-13 13:01:32,MSK-0298,Москва,visit,,0,ads,android
2026-06-13 13:01:55,EKB-0119,Екатеринбург,product_view,,0,organic,ios
2026-06-13 13:03:05,MSK-0146,Москва,visit,,0,ads,android
2026-06-13 13:05:19,KZN-0043,Казань,visit,,0,ads,ios
2026-06-13 13:05:44,MSK-0246,Москва,visit,,0,ads,ios
2026-06-13 13:10:50,KZN-0059,Казань,product_view,,0,organic,ios
2026-06-13 13:11:45,SPB-0035,Санкт-Петербург,purchase,ORD-000476,390.00,ads,ios
2026-06-13 13:11:56,SPB-0020,Санкт-Петербург,purchase,ORD-000469,270.00,ads,ios
2026-06-13 13:14:10,MSK-0097,Москва,visit,,0,ads,web
2026-06-13 13:15:27,KZN-0043,Казань,product_view,,0,ads,ios
2026-06-13 13:15:40,MSK-0292,Москва,visit,,0,ads,ios
2026-06-13 13:18:28,MSK-0246,Москва,product_view,,0,ads,ios
2026-06-13 13:20:21,MSK-0146,Москва,product_view,,0,ads,android
2026-06-13 13:22:47,SPB-0115,Санкт-Петербург,visit,,0,ads,web
2026-06-13 13:23:27,MSK-0088,Москва,visit,,0,organic,android
2026-06-13 13:23:45,EKB-0119,Екатеринбург,product_view,,0,organic,ios
2026-06-13 13:24:27,MSK-0061,Москва,product_view,,0,organic,android
2026-06-13 13:24:57,MSK-0198,Москва,visit,,0,organic,android
2026-06-13 13:25:10,MSK-0179,Москва,visit,,0,referral,android
2026-06-13 13:25:23,MSK-0142,Москва,visit,,0,organic,android
2026-06-13 13:25:24,SPB-0046,Санкт-Петербург,purchase,ORD-000473,730.00,organic,android
2026-06-13 13:31:42,MSK-0083,Москва,visit,,0,ads,android
2026-06-13 13:35:24,SPB-0006,Санкт-Петербург,visit,,0,referral,ios
2026-06-13 13:37:01,SPB-0006,Санкт-Петербург,product_view,,0,referral,ios
2026-06-13 13:39:24,MSK-0292,Москва,product_view,,0,ads,ios
2026-06-13 13:40:43,SPB-0115,Санкт-Петербург,product_view,,0,ads,web
2026-06-13 13:41:44,MSK-0198,Москва,product_view,,0,organic,android
2026-06-13 13:42:28,EKB-0005,Екатеринбург,visit,,0,organic,android
2026-06-13 13:44:17,MSK-0083,Москва,product_view,,0,ads,android
2026-06-13 13:45:38,MSK-0142,Москва,product_view,,0,organic,android
2026-06-13 13:47:10,MSK-0174,Москва,visit,,0,ads,ios
2026-06-13 13:49:15,MSK-0198,Москва,product_view,,0,organic,android
2026-06-13 13:59:11,MSK-0142,Москва,product_view,,0,organic,android
2026-06-13 14:00:34,EKB-0005,Екатеринбург,product_view,,0,organic,android
2026-06-13 14:02:36,MSK-0046,Москва,visit,,0,ads,android
2026-06-13 14:04:41,MSK-0157,Москва,visit,,0,ads,web
2026-06-13 14:05:00,MSK-0071,Москва,purchase,ORD-000456,190.00,organic,web
2026-06-13 14:07:57,SPB-0020,Санкт-Петербург,visit,,0,ads,ios
2026-06-13 14:08:18,MSK-0085,Москва,visit,,0,organic,ios
2026-06-13 14:12:31,NSK-0022,Новосибирск,visit,,0,organic,android
2026-06-13 14:14:18,SPB-0094,Санкт-Петербург,visit,,0,referral,android
2026-06-13 14:14:46,SPB-0065,Санкт-Петербург,visit,,0,referral,web
2026-06-13 14:15:10,MSK-0106,Москва,visit,,0,ads,android
2026-06-13 14:15:43,NSK-0022,Новосибирск,product_view,,0,organic,android
2026-06-13 14:18:57,MSK-0182,Москва,visit,,0,referral,ios
2026-06-13 14:19:44,MSK-0085,Москва,product_view,,0,organic,ios
2026-06-13 14:20:42,SPB-0219,Санкт-Петербург,visit,,0,ads,android
2026-06-13 14:22:39,SPB-0108,Санкт-Петербург,visit,,0,organic,android
2026-06-13 14:25:31,MSK-0157,Москва,product_view,,0,ads,web
2026-06-13 14:27:21,MSK-0106,Москва,product_view,,0,ads,android
2026-06-13 14:27:26,SPB-0020,Санкт-Петербург,product_view,,0,ads,ios
2026-06-13 14:28:39,MSK-0046,Москва,product_view,,0,ads,android
2026-06-13 14:31:39,SPB-0108,Санкт-Петербург,product_view,,0,organic,android
2026-06-13 14:32:00,NSK-0004,Новосибирск,visit,,0,ads,ios
2026-06-13 14:32:36,KZN-0077,Казань,visit,,0,ads,web
2026-06-13 14:33:51,SPB-0086,Санкт-Петербург,visit,,0,referral,android
2026-06-13 14:35:10,SPB-0163,Санкт-Петербург,visit,,0,ads,android
2026-06-13 14:36:18,SPB-0108,Санкт-Петербург,product_view,,0,organic,android
2026-06-13 14:39:11,NSK-0004,Новосибирск,product_view,,0,ads,ios
2026-06-13 14:41:46,NSK-0067,Новосибирск,visit,,0,organic,android
2026-06-13 14:42:16,KZN-0005,Казань,purchase,ORD-000479,640.00,ads,ios
2026-06-13 14:43:06,SPB-0178,Санкт-Петербург,visit,,0,referral,web
2026-06-13 14:46:31,SPB-0030,Санкт-Петербург,visit,,0,ads,android
2026-06-13 14:46:35,MSK-0044,Москва,visit,,0,organic,ios
2026-06-13 14:48:28,MSK-0182,Москва,product_view,,0,referral,ios
2026-06-13 14:52:35,NSK-0067,Новосибирск,product_view,,0,organic,android
2026-06-13 14:54:34,KZN-0025,Казань,visit,,0,organic,android
2026-06-13 14:55:18,MSK-0201,Москва,visit,,0,organic,android
2026-06-13 14:55:35,SPB-0011,Санкт-Петербург,purchase,ORD-000475,310.00,ads,android
2026-06-13 14:56:58,NSK-0017,Новосибирск,visit,,0,organic,android
2026-06-13 14:59:21,MSK-0044,Москва,product_view,,0,organic,ios
2026-06-13 14:59:44,KZN-0020,Казань,purchase,ORD-000477,260.00,ads,ios
2026-06-13 15:03:35,MSK-0182,Москва,product_view,,0,referral,ios
2026-06-13 15:03:36,SPB-0027,Санкт-Петербург,visit,,0,organic,android
2026-06-13 15:04:13,MSK-0009,Москва,visit,,0,organic,ios
2026-06-13 15:05:24,SPB-0030,Санкт-Петербург,product_view,,0,ads,android
2026-06-13 15:05:27,SPB-0078,Санкт-Петербург,visit,,0,ads,web
2026-06-13 15:08:12,SPB-0086,Санкт-Петербург,product_view,,0,referral,android
2026-06-13 15:08:43,SPB-0078,Санкт-Петербург,product_view,,0,ads,web
2026-06-13 15:11:32,NSK-0004,Новосибирск,product_view,,0,ads,ios
2026-06-13 15:12:33,SPB-0098,Санкт-Петербург,visit,,0,organic,android
2026-06-13 15:12:43,EKB-0033,Екатеринбург,visit,,0,ads,ios
2026-06-13 15:13:12,MSK-0201,Москва,product_view,,0,organic,android
2026-06-13 15:14:59,MSK-0137,Москва,visit,,0,referral,android
2026-06-13 15:18:00,SPB-0187,Санкт-Петербург,visit,,0,organic,web
2026-06-13 15:18:23,SPB-0178,Санкт-Петербург,product_view,,0,referral,web
2026-06-13 15:20:47,KZN-0134,Казань,visit,,0,organic,ios
2026-06-13 15:20:53,EKB-0001,Екатеринбург,visit,,0,referral,ios
2026-06-13 15:21:12,SPB-0030,Санкт-Петербург,product_view,,0,ads,android
2026-06-13 15:22:09,SPB-0082,Санкт-Петербург,visit,,0,referral,web
2026-06-13 15:22:25,SPB-0145,Санкт-Петербург,visit,,0,organic,android
2026-06-13 15:23:22,EKB-0039,Екатеринбург,visit,,0,referral,web
2026-06-13 15:23:28,SPB-0078,Санкт-Петербург,product_view,,0,ads,web
2026-06-13 15:24:11,NSK-0017,Новосибирск,product_view,,0,organic,android
2026-06-13 15:24:29,NSK-0007,Новосибирск,purchase,ORD-000489,1060.00,organic,ios
2026-06-13 15:26:39,NSK-0042,Новосибирск,visit,,0,ads,ios
2026-06-13 15:29:51,KZN-0025,Казань,product_view,,0,organic,android
2026-06-13 15:36:24,SPB-0026,Санкт-Петербург,visit,,0,organic,android
2026-06-13 15:37:51,KZN-0037,Казань,visit,,0,organic,android
2026-06-13 15:38:41,KZN-0006,Казань,visit,,0,organic,ios
2026-06-13 15:39:28,MSK-0039,Москва,visit,,0,referral,android
2026-06-13 15:44:23,KZN-0006,Казань,product_view,,0,organic,ios
2026-06-13 15:45:49,MSK-0282,Москва,visit,,0,ads,android
2026-06-13 15:48:07,SPB-0098,Санкт-Петербург,product_view,,0,organic,android
2026-06-13 15:48:08,EKB-0039,Екатеринбург,product_view,,0,referral,web
2026-06-13 15:48:27,EKB-0001,Екатеринбург,product_view,,0,referral,ios
2026-06-13 15:51:00,SPB-0145,Санкт-Петербург,product_view,,0,organic,android
2026-06-13 15:52:23,SPB-0187,Санкт-Петербург,product_view,,0,organic,web
2026-06-13 15:52:30,MSK-0039,Москва,product_view,,0,referral,android
2026-06-13 15:53:13,SPB-0142,Санкт-Петербург,visit,,0,referral,android
2026-06-13 15:53:14,SPB-0082,Санкт-Петербург,product_view,,0,referral,web
2026-06-13 15:54:46,SPB-0134,Санкт-Петербург,visit,,0,organic,android
2026-06-13 15:55:34,MSK-0039,Москва,product_view,,0,referral,android
2026-06-13 15:57:26,SPB-0046,Санкт-Петербург,visit,,0,organic,android
2026-06-13 15:58:34,SPB-0207,Санкт-Петербург,visit,,0,organic,android
2026-06-13 15:59:12,MSK-0270,Москва,visit,,0,referral,android
2026-06-13 16:01:04,NSK-0008,Новосибирск,purchase,ORD-000490,250.00,organic,android
2026-06-13 16:02:18,KZN-0037,Казань,product_view,,0,organic,android
2026-06-13 16:04:19,NSK-0029,Новосибирск,visit,,0,ads,web
2026-06-13 16:08:08,NSK-0007,Новосибирск,visit,,0,organic,ios
2026-06-13 16:08:43,SPB-0025,Санкт-Петербург,visit,,0,ads,ios
2026-06-13 16:09:42,SPB-0026,Санкт-Петербург,product_view,,0,organic,android
2026-06-13 16:10:30,SPB-0026,Санкт-Петербург,product_view,,0,organic,android
2026-06-13 16:14:25,MSK-0052,Москва,purchase,ORD-000463,760.00,organic,android
2026-06-13 16:20:08,SPB-0046,Санкт-Петербург,product_view,,0,organic,android
2026-06-13 16:23:10,SPB-0077,Санкт-Петербург,visit,,0,organic,web
2026-06-13 16:24:05,NSK-0007,Новосибирск,product_view,,0,organic,ios
2026-06-13 16:29:50,NSK-0029,Новосибирск,product_view,,0,ads,web
2026-06-13 16:32:25,MSK-0027,Москва,visit,,0,organic,web
2026-06-13 16:33:19,KZN-0091,Казань,visit,,0,referral,android
2026-06-13 16:33:45,MSK-0243,Москва,visit,,0,organic,ios
2026-06-13 16:35:56,NSK-0020,Новосибирск,visit,,0,organic,android
2026-06-13 16:36:01,MSK-0243,Москва,product_view,,0,organic,ios
2026-06-13 16:38:29,SPB-0046,Санкт-Петербург,product_view,,0,organic,android
2026-06-13 16:39:59,MSK-0057,Москва,visit,,0,referral,android
2026-06-13 16:40:10,MSK-0027,Москва,product_view,,0,organic,web
2026-06-13 16:40:52,MSK-0012,Москва,purchase,ORD-000466,230.00,ads,ios
2026-06-13 16:42:24,SPB-0023,Санкт-Петербург,visit,,0,organic,ios
2026-06-13 16:44:40,MSK-0104,Москва,visit,,0,ads,ios
2026-06-13 16:45:21,MSK-0196,Москва,visit,,0,organic,android
2026-06-13 16:47:05,KZN-0128,Казань,visit,,0,organic,ios
2026-06-13 16:50:18,KZN-0052,Казань,visit,,0,organic,android
2026-06-13 16:50:30,NSK-0007,Новосибирск,product_view,,0,organic,ios
2026-06-13 16:50:52,EKB-0028,Екатеринбург,visit,,0,referral,android
2026-06-13 16:51:49,KZN-0097,Казань,visit,,0,ads,ios
2026-06-13 16:54:12,EKB-0024,Екатеринбург,visit,,0,ads,android
2026-06-13 16:54:51,NSK-0022,Новосибирск,purchase,ORD-000491,540.00,organic,android
2026-06-13 16:55:29,EKB-0084,Екатеринбург,visit,,0,organic,web
2026-06-13 16:56:41,MSK-0004,Москва,purchase,ORD-000455,190.00,referral,ios
2026-06-13 16:57:33,EKB-0024,Екатеринбург,product_view,,0,ads,android
2026-06-13 17:01:23,EKB-0008,Екатеринбург,purchase,ORD-000483,330.00,organic,android
2026-06-13 17:01:35,MSK-0027,Москва,product_view,,0,organic,web
2026-06-13 17:06:42,EKB-0072,Екатеринбург,visit,,0,organic,ios
2026-06-13 17:07:26,SPB-0026,Санкт-Петербург,purchase,ORD-000472,390.00,organic,android
2026-06-13 17:08:07,EKB-0072,Екатеринбург,product_view,,0,organic,ios
2026-06-13 17:08:47,NSK-0028,Новосибирск,visit,,0,organic,android
2026-06-13 17:08:53,MSK-0104,Москва,product_view,,0,ads,ios
2026-06-13 17:09:21,MSK-0135,Москва,visit,,0,referral,android
2026-06-13 17:11:24,KZN-0009,Казань,visit,,0,organic,android
2026-06-13 17:12:09,MSK-0071,Москва,visit,,0,organic,web
2026-06-13 17:14:59,EKB-0026,Екатеринбург,visit,,0,referral,android
2026-06-13 17:16:59,KZN-0097,Казань,product_view,,0,ads,ios
2026-06-13 17:18:16,SPB-0023,Санкт-Петербург,product_view,,0,organic,ios
2026-06-13 17:18:51,NSK-0002,Новосибирск,visit,,0,organic,android
2026-06-13 17:19:13,EKB-0028,Екатеринбург,product_view,,0,referral,android
2026-06-13 17:19:50,MSK-0239,Москва,visit,,0,ads,ios
2026-06-13 17:20:11,NSK-0028,Новосибирск,product_view,,0,organic,android
2026-06-13 17:20:52,SPB-0170,Санкт-Петербург,visit,,0,organic,ios
2026-06-13 17:21:46,SPB-0038,Санкт-Петербург,purchase,ORD-000471,220.00,organic,android
2026-06-13 17:22:46,EKB-0070,Екатеринбург,visit,,0,organic,android
2026-06-13 17:25:15,EKB-0065,Екатеринбург,visit,,0,organic,android
2026-06-13 17:26:00,EKB-0084,Екатеринбург,product_view,,0,organic,web
2026-06-13 17:28:27,MSK-0071,Москва,product_view,,0,organic,web
2026-06-13 17:29:17,SPB-0161,Санкт-Петербург,visit,,0,organic,android
2026-06-13 17:30:09,EKB-0028,Екатеринбург,product_view,,0,referral,android
2026-06-13 17:30:20,MSK-0029,Москва,purchase,ORD-000459,230.00,ads,ios
2026-06-13 17:31:34,MSK-0047,Москва,visit,,0,organic,ios
2026-06-13 17:33:43,NSK-0089,Новосибирск,visit,,0,organic,android
2026-06-13 17:33:53,MSK-0235,Москва,visit,,0,organic,android
2026-06-13 17:36:11,KZN-0009,Казань,product_view,,0,organic,android
2026-06-13 17:39:24,NSK-0010,Новосибирск,visit,,0,ads,ios
2026-06-13 17:39:37,MSK-0047,Москва,product_view,,0,organic,ios
2026-06-13 17:45:18,MSK-0115,Москва,visit,,0,referral,android
2026-06-13 17:48:16,KZN-0004,Казань,visit,,0,organic,android
2026-06-13 17:49:33,SPB-0161,Санкт-Петербург,product_view,,0,organic,android
2026-06-13 17:49:40,SPB-0123,Санкт-Петербург,visit,,0,ads,ios
2026-06-13 17:52:31,KZN-0140,Казань,visit,,0,organic,web
2026-06-13 17:52:59,SPB-0008,Санкт-Петербург,visit,,0,ads,android
2026-06-13 17:53:38,MSK-0071,Москва,product_view,,0,organic,web
2026-06-13 17:57:00,NSK-0090,Новосибирск,visit,,0,organic,ios
2026-06-13 18:00:15,MSK-0047,Москва,product_view,,0,organic,ios
2026-06-13 18:01:02,KZN-0004,Казань,product_view,,0,organic,android
2026-06-13 18:02:54,SPB-0008,Санкт-Петербург,product_view,,0,ads,android
2026-06-13 18:03:33,MSK-0235,Москва,product_view,,0,organic,android
2026-06-13 18:04:16,NSK-0089,Новосибирск,product_view,,0,organic,android
2026-06-13 18:07:17,MSK-0115,Москва,product_view,,0,referral,android
2026-06-13 18:08:25,SPB-0038,Санкт-Петербург,visit,,0,organic,android
2026-06-13 18:11:47,KZN-0106,Казань,visit,,0,organic,ios
2026-06-13 18:12:07,EKB-0011,Екатеринбург,visit,,0,ads,android
2026-06-13 18:12:23,NSK-0089,Новосибирск,product_view,,0,organic,android
2026-06-13 18:13:17,KZN-0106,Казань,product_view,,0,organic,ios
2026-06-13 18:14:57,SPB-0076,Санкт-Петербург,visit,,0,referral,web
2026-06-13 18:15:14,EKB-0114,Екатеринбург,visit,,0,ads,android
2026-06-13 18:15:39,EKB-0023,Екатеринбург,purchase,ORD-000484,180.00,organic,ios
2026-06-13 18:16:12,MSK-0232,Москва,visit,,0,organic,ios
2026-06-13 18:17:11,SPB-0031,Санкт-Петербург,visit,,0,ads,android
2026-06-13 18:17:11,NSK-0090,Новосибирск,product_view,,0,organic,ios
2026-06-13 18:17:12,EKB-0011,Екатеринбург,product_view,,0,ads,android
2026-06-13 18:18:52,SPB-0038,Санкт-Петербург,product_view,,0,organic,android
2026-06-13 18:20:00,SPB-0031,Санкт-Петербург,product_view,,0,ads,android
2026-06-13 18:23:45,SPB-0076,Санкт-Петербург,product_view,,0,referral,web
2026-06-13 18:25:31,MSK-0068,Москва,visit,,0,organic,android
2026-06-13 18:26:50,SPB-0038,Санкт-Петербург,purchase,ORD-000470,220.00,organic,android
2026-06-13 18:32:00,MSK-0012,Москва,visit,,0,ads,ios
2026-06-13 18:33:11,MSK-0074,Москва,visit,,0,organic,android
2026-06-13 18:36:00,SPB-0031,Санкт-Петербург,product_view,,0,ads,android
2026-06-13 18:37:22,SPB-0164,Санкт-Петербург,visit,,0,organic,android
2026-06-13 18:40:14,MSK-0012,Москва,product_view,,0,ads,ios
2026-06-13 18:43:14,MSK-0064,Москва,purchase,ORD-000451,230.00,ads,ios
2026-06-13 18:45:57,MSK-0012,Москва,product_view,,0,ads,ios
2026-06-13 18:50:25,MSK-0004,Москва,visit,,0,referral,ios
2026-06-13 18:52:36,MSK-0003,Москва,visit,,0,referral,android
2026-06-13 18:56:52,MSK-0074,Москва,product_view,,0,organic,android
2026-06-13 18:57:00,MSK-0016,Москва,visit,,0,ads,ios
2026-06-13 18:59:13,MSK-0003,Москва,product_view,,0,referral,android
2026-06-13 19:14:50,MSK-0036,Москва,purchase,ORD-000461,270.00,organic,ios
2026-06-13 19:15:52,MSK-0016,Москва,product_view,,0,ads,ios
2026-06-13 19:22:35,MSK-0061,Москва,purchase,ORD-000453,670.00,organic,android
2026-06-13 19:24:28,MSK-0004,Москва,product_view,,0,referral,ios
2026-06-13 19:31:44,MSK-0016,Москва,product_view,,0,ads,ios
2026-06-13 19:38:07,EKB-0001,Екатеринбург,purchase,ORD-000485,940.00,referral,ios
2026-06-13 19:49:12,KZN-0003,Казань,purchase,ORD-000482,300.00,ads,web
2026-06-13 20:11:20,MSK-0061,Москва,purchase,ORD-000454,440.00,organic,android
2026-06-13 20:14:26,MSK-0027,Москва,purchase,ORD-000458,270.00,organic,web
2026-06-13 20:41:46,SPB-0050,Санкт-Петербург,purchase,ORD-000474,220.00,organic,web
2026-06-13 20:43:15,MSK-0051,Москва,purchase,ORD-000465,1010.00,organic,android
2026-06-13 20:59:47,EKB-0009,Екатеринбург,purchase,ORD-000486,180.00,organic,android
2026-06-13 21:24:32,MSK-0064,Москва,purchase,ORD-000452,670.00,ads,ios
2026-06-13 21:51:38,MSK-0051,Москва,purchase,ORD-000464,1010.00,organic,android
2026-06-14 02:14:56,TEST-KZN-0014,Казань,purchase,TEST-00014,140.00,test,ios
2026-06-14 02:44:33,TEST-KZN-0044,Казань,purchase,TEST-00044,140.00,test,android
2026-06-14 03:14:32,TEST-KZN-0074,Казань,purchase,TEST-00074,140.00,test,ios
2026-06-14 03:44:22,TEST-KZN-0104,Казань,purchase,TEST-00104,140.00,test,android
2026-06-14 08:01:49,SPB-0037,Санкт-Петербург,visit,,0,referral,web
2026-06-14 08:04:50,EKB-0054,Екатеринбург,visit,,0,organic,android
2026-06-14 08:06:10,KZN-0064,Казань,visit,,0,ads,ios
2026-06-14 08:06:47,SPB-0162,Санкт-Петербург,visit,,0,organic,ios
2026-06-14 08:07:33,MSK-0043,Москва,visit,,0,referral,android
2026-06-14 08:13:11,MSK-0027,Москва,visit,,0,organic,web
2026-06-14 08:14:52,KZN-0117,Казань,visit,,0,ads,ios
2026-06-14 08:22:09,EKB-0054,Екатеринбург,product_view,,0,organic,android
2026-06-14 08:23:30,KZN-0032,Казань,visit,,0,organic,ios
2026-06-14 08:25:23,KZN-0032,Казань,product_view,,0,organic,ios
2026-06-14 08:31:24,EKB-0020,Екатеринбург,visit,,0,ads,ios
2026-06-14 08:33:48,EKB-0020,Екатеринбург,product_view,,0,ads,ios
2026-06-14 08:35:17,EKB-0023,Екатеринбург,visit,,0,organic,ios
2026-06-14 08:37:37,NSK-0008,Новосибирск,visit,,0,organic,android
2026-06-14 08:38:27,MSK-0219,Москва,visit,,0,organic,ios
2026-06-14 08:38:37,MSK-0043,Москва,product_view,,0,referral,android
2026-06-14 08:39:17,MSK-0027,Москва,product_view,,0,organic,web
2026-06-14 08:39:27,MSK-0075,Москва,visit,,0,referral,android
2026-06-14 08:40:10,MSK-0027,Москва,product_view,,0,organic,web
2026-06-14 08:41:13,KZN-0064,Казань,product_view,,0,ads,ios
2026-06-14 08:42:56,NSK-0082,Новосибирск,visit,,0,referral,android
2026-06-14 08:43:17,MSK-0017,Москва,visit,,0,organic,web
2026-06-14 08:46:02,KZN-0135,Казань,visit,,0,organic,ios
2026-06-14 08:48:51,NSK-0008,Новосибирск,product_view,,0,organic,android
2026-06-14 08:50:15,MSK-0017,Москва,product_view,,0,organic,web
2026-06-14 08:50:46,NSK-0054,Новосибирск,visit,,0,organic,ios
2026-06-14 08:51:36,NSK-0042,Новосибирск,visit,,0,ads,ios
2026-06-14 08:55:16,EKB-0020,Екатеринбург,product_view,,0,ads,ios
2026-06-14 08:55:42,KZN-0135,Казань,product_view,,0,organic,ios
2026-06-14 08:55:55,MSK-0050,Москва,visit,,0,organic,ios
2026-06-14 08:56:46,EKB-0023,Екатеринбург,product_view,,0,organic,ios
2026-06-14 08:56:59,MSK-0054,Москва,visit,,0,organic,android
2026-06-14 09:01:32,KZN-0019,Казань,visit,,0,organic,web
2026-06-14 09:02:50,KZN-0005,Казань,visit,,0,ads,ios
2026-06-14 09:03:27,NSK-0008,Новосибирск,product_view,,0,organic,android
2026-06-14 09:05:17,EKB-0065,Екатеринбург,visit,,0,organic,android
2026-06-14 09:07:09,MSK-0011,Москва,visit,,0,organic,android
2026-06-14 09:07:45,EKB-0023,Екатеринбург,product_view,,0,organic,ios
2026-06-14 09:10:11,MSK-0011,Москва,product_view,,0,organic,android
2026-06-14 09:11:09,NSK-0058,Новосибирск,visit,,0,ads,android
2026-06-14 09:12:39,MSK-0017,Москва,product_view,,0,organic,web
2026-06-14 09:13:03,EKB-0097,Екатеринбург,visit,,0,ads,android
2026-06-14 09:14:45,EKB-0002,Екатеринбург,visit,,0,organic,android
2026-06-14 09:16:58,MSK-0050,Москва,product_view,,0,organic,ios
2026-06-14 09:17:30,KZN-0019,Казань,product_view,,0,organic,web
2026-06-14 09:19:22,KZN-0019,Казань,product_view,,0,organic,web
2026-06-14 09:21:30,SPB-0155,Санкт-Петербург,visit,,0,ads,android
2026-06-14 09:21:40,NSK-0048,Новосибирск,visit,,0,organic,web
2026-06-14 09:25:02,NSK-0054,Новосибирск,product_view,,0,organic,ios
2026-06-14 09:25:30,KZN-0005,Казань,product_view,,0,ads,ios
2026-06-14 09:25:49,MSK-0054,Москва,product_view,,0,organic,android
2026-06-14 09:26:26,MSK-0054,Москва,product_view,,0,organic,android
2026-06-14 09:27:23,EKB-0002,Екатеринбург,product_view,,0,organic,android
2026-06-14 09:27:36,MSK-0070,Москва,visit,,0,organic,android
2026-06-14 09:27:42,NSK-0058,Новосибирск,product_view,,0,ads,android
2026-06-14 09:29:23,KZN-0087,Казань,visit,,0,organic,web
2026-06-14 09:32:35,EKB-0097,Екатеринбург,product_view,,0,ads,android
2026-06-14 09:36:30,EKB-0065,Екатеринбург,product_view,,0,organic,android
2026-06-14 09:38:40,SPB-0163,Санкт-Петербург,visit,,0,ads,android
2026-06-14 09:39:42,EKB-0002,Екатеринбург,product_view,,0,organic,android
2026-06-14 09:40:49,MSK-0226,Москва,visit,,0,organic,ios
2026-06-14 09:41:45,MSK-0063,Москва,visit,,0,organic,web
2026-06-14 09:43:19,MSK-0070,Москва,product_view,,0,organic,android
2026-06-14 09:44:18,MSK-0157,Москва,visit,,0,ads,web
2026-06-14 09:45:00,MSK-0226,Москва,product_view,,0,organic,ios
2026-06-14 09:48:42,SPB-0007,Санкт-Петербург,visit,,0,organic,web
2026-06-14 09:51:31,MSK-0024,Москва,visit,,0,referral,ios
2026-06-14 09:54:39,MSK-0024,Москва,product_view,,0,referral,ios
2026-06-14 09:55:49,KZN-0086,Казань,visit,,0,organic,ios
2026-06-14 09:58:57,MSK-0063,Москва,product_view,,0,organic,web
2026-06-14 09:58:59,MSK-0070,Москва,product_view,,0,organic,android
2026-06-14 09:59:03,SPB-0163,Санкт-Петербург,product_view,,0,ads,android
2026-06-14 10:01:13,NSK-0014,Новосибирск,visit,,0,organic,ios
2026-06-14 10:04:15,NSK-0014,Новосибирск,product_view,,0,organic,ios
2026-06-14 10:06:09,MSK-0063,Москва,product_view,,0,organic,web
2026-06-14 10:06:33,KZN-0086,Казань,product_view,,0,organic,ios
2026-06-14 10:08:26,SPB-0117,Санкт-Петербург,visit,,0,organic,ios
2026-06-14 10:08:57,MSK-0012,Москва,visit,,0,ads,ios
2026-06-14 10:10:32,SPB-0016,Санкт-Петербург,visit,,0,referral,ios
2026-06-14 10:14:53,SPB-0210,Санкт-Петербург,visit,,0,organic,android
2026-06-14 10:18:13,MSK-0005,Москва,purchase,ORD-000499,190.00,referral,ios
2026-06-14 10:22:05,SPB-0007,Санкт-Петербург,product_view,,0,organic,web
2026-06-14 10:26:28,SPB-0012,Санкт-Петербург,visit,,0,organic,android
2026-06-14 10:28:20,MSK-0233,Москва,visit,,0,ads,android
2026-06-14 10:32:53,NSK-0083,Новосибирск,visit,,0,organic,web
2026-06-14 10:40:40,MSK-0233,Москва,product_view,,0,ads,android
2026-06-14 10:45:05,NSK-0014,Новосибирск,product_view,,0,organic,ios
2026-06-14 10:45:12,SPB-0016,Санкт-Петербург,product_view,,0,referral,ios
2026-06-14 10:46:58,EKB-0020,Екатеринбург,purchase,ORD-000525,630.00,ads,ios
2026-06-14 10:47:00,MSK-0074,Москва,visit,,0,organic,android
2026-06-14 10:47:35,SPB-0025,Санкт-Петербург,purchase,ORD-000511,180.00,ads,ios
2026-06-14 10:57:04,SPB-0181,Санкт-Петербург,visit,,0,referral,web
2026-06-14 10:58:43,KZN-0027,Казань,visit,,0,referral,ios
2026-06-14 11:02:41,MSK-0191,Москва,visit,,0,referral,ios
2026-06-14 11:02:57,MSK-0074,Москва,product_view,,0,organic,android
2026-06-14 11:15:01,MSK-0131,Москва,visit,,0,ads,ios
2026-06-14 11:16:26,MSK-0074,Москва,product_view,,0,organic,android
2026-06-14 11:17:47,KZN-0027,Казань,purchase,ORD-000518,260.00,referral,ios
2026-06-14 11:18:10,MSK-0030,Москва,purchase,ORD-000501,270.00,ads,ios
2026-06-14 11:22:34,KZN-0073,Казань,visit,,0,organic,android
2026-06-14 11:22:36,KZN-0027,Казань,product_view,,0,referral,ios
2026-06-14 11:26:38,MSK-0054,Москва,purchase,ORD-000503,320.00,organic,android
2026-06-14 11:26:54,MSK-0141,Москва,visit,,0,ads,android
2026-06-14 11:32:30,MSK-0191,Москва,product_view,,0,referral,ios
2026-06-14 11:33:06,MSK-0141,Москва,product_view,,0,ads,android
2026-06-14 11:33:11,SPB-0067,Санкт-Петербург,visit,,0,organic,android
2026-06-14 11:35:08,MSK-0131,Москва,product_view,,0,ads,ios
2026-06-14 11:37:14,EKB-0022,Екатеринбург,visit,,0,organic,ios
2026-06-14 11:40:16,KZN-0027,Казань,product_view,,0,referral,ios
2026-06-14 11:44:41,EKB-0022,Екатеринбург,product_view,,0,organic,ios
2026-06-14 11:45:55,KZN-0013,Казань,visit,,0,ads,android
2026-06-14 11:46:05,MSK-0065,Москва,visit,,0,organic,web
2026-06-14 11:46:09,KZN-0019,Казань,purchase,ORD-000516,220.00,organic,web
2026-06-14 11:49:38,MSK-0106,Москва,visit,,0,ads,android
2026-06-14 11:50:01,KZN-0007,Казань,visit,,0,ads,android
2026-06-14 11:56:22,MSK-0131,Москва,product_view,,0,ads,ios
2026-06-14 11:56:49,EKB-0022,Екатеринбург,product_view,,0,organic,ios
2026-06-14 11:58:27,SPB-0146,Санкт-Петербург,visit,,0,organic,android
2026-06-14 11:58:31,KZN-0073,Казань,product_view,,0,organic,android
2026-06-14 12:00:12,NSK-0034,Новосибирск,visit,,0,ads,android
2026-06-14 12:04:46,KZN-0046,Казань,visit,,0,ads,android
2026-06-14 12:10:16,KZN-0089,Казань,visit,,0,organic,android
2026-06-14 12:12:12,MSK-0254,Москва,visit,,0,organic,ios
2026-06-14 12:15:57,NSK-0025,Новосибирск,visit,,0,ads,android
2026-06-14 12:16:29,KZN-0089,Казань,product_view,,0,organic,android
2026-06-14 12:20:13,NSK-0027,Новосибирск,visit,,0,organic,web
2026-06-14 12:22:20,KZN-0051,Казань,visit,,0,organic,ios
2026-06-14 12:25:49,SPB-0104,Санкт-Петербург,visit,,0,referral,ios
2026-06-14 12:28:16,MSK-0039,Москва,visit,,0,referral,android
2026-06-14 12:30:12,NSK-0035,Новосибирск,visit,,0,ads,ios
2026-06-14 12:30:40,SPB-0146,Санкт-Петербург,product_view,,0,organic,android
2026-06-14 12:36:04,MSK-0039,Москва,product_view,,0,referral,android
2026-06-14 12:42:06,EKB-0064,Екатеринбург,visit,,0,organic,android
2026-06-14 12:43:08,KZN-0021,Казань,visit,,0,ads,ios
2026-06-14 12:43:48,NSK-0025,Новосибирск,product_view,,0,ads,android
2026-06-14 12:43:54,SPB-0104,Санкт-Петербург,product_view,,0,referral,ios
2026-06-14 12:44:49,MSK-0030,Москва,visit,,0,ads,ios
2026-06-14 12:45:02,KZN-0111,Казань,visit,,0,organic,ios
2026-06-14 12:47:20,MSK-0289,Москва,visit,,0,organic,android
2026-06-14 12:49:11,KZN-0021,Казань,product_view,,0,ads,ios
2026-06-14 12:50:28,SPB-0038,Санкт-Петербург,visit,,0,organic,android
2026-06-14 12:50:48,MSK-0005,Москва,visit,,0,referral,ios
2026-06-14 12:56:49,MSK-0069,Москва,visit,,0,organic,web
2026-06-14 12:57:22,MSK-0265,Москва,visit,,0,organic,android
2026-06-14 12:57:55,NSK-0100,Новосибирск,visit,,0,ads,android
2026-06-14 12:58:33,MSK-0289,Москва,product_view,,0,organic,android
2026-06-14 13:02:31,MSK-0005,Москва,product_view,,0,referral,ios
2026-06-14 13:05:57,KZN-0124,Казань,visit,,0,organic,ios
2026-06-14 13:06:24,SPB-0049,Санкт-Петербург,visit,,0,organic,ios
2026-06-14 13:06:26,MSK-0009,Москва,visit,,0,organic,ios
2026-06-14 13:09:05,MSK-0030,Москва,product_view,,0,ads,ios
2026-06-14 13:10:59,SPB-0038,Санкт-Петербург,product_view,,0,organic,android
2026-06-14 13:11:23,MSK-0009,Москва,product_view,,0,organic,ios
2026-06-14 13:11:27,MSK-0265,Москва,product_view,,0,organic,android
2026-06-14 13:12:21,MSK-0063,Москва,purchase,ORD-000504,230.00,organic,web
2026-06-14 13:12:52,SPB-0022,Санкт-Петербург,visit,,0,organic,ios
2026-06-14 13:16:08,EKB-0064,Екатеринбург,product_view,,0,organic,android
2026-06-14 13:19:39,MSK-0104,Москва,visit,,0,ads,ios
2026-06-14 13:20:16,SPB-0157,Санкт-Петербург,visit,,0,organic,android
2026-06-14 13:22:12,MSK-0005,Москва,product_view,,0,referral,ios
2026-06-14 13:24:04,MSK-0009,Москва,product_view,,0,organic,ios
2026-06-14 13:27:32,MSK-0094,Москва,visit,,0,ads,android
2026-06-14 13:28:50,KZN-0124,Казань,product_view,,0,organic,ios
2026-06-14 13:29:11,MSK-0104,Москва,product_view,,0,ads,ios
2026-06-14 13:30:30,SPB-0049,Санкт-Петербург,product_view,,0,organic,ios
2026-06-14 13:35:58,SPB-0049,Санкт-Петербург,product_view,,0,organic,ios
2026-06-14 13:37:46,MSK-0118,Москва,visit,,0,organic,android
2026-06-14 13:37:57,SPB-0022,Санкт-Петербург,product_view,,0,organic,ios
2026-06-14 13:38:27,SPB-0144,Санкт-Петербург,visit,,0,organic,web
2026-06-14 13:38:47,EKB-0029,Екатеринбург,visit,,0,ads,android
2026-06-14 13:38:53,SPB-0078,Санкт-Петербург,visit,,0,ads,web
2026-06-14 13:39:14,EKB-0050,Екатеринбург,visit,,0,organic,ios
2026-06-14 13:39:41,SPB-0130,Санкт-Петербург,visit,,0,referral,ios
2026-06-14 13:43:12,MSK-0035,Москва,visit,,0,organic,android
2026-06-14 13:43:30,EKB-0016,Екатеринбург,purchase,ORD-000524,250.00,organic,android
2026-06-14 13:45:05,EKB-0029,Екатеринбург,product_view,,0,ads,android
2026-06-14 13:46:36,MSK-0118,Москва,product_view,,0,organic,android
2026-06-14 13:50:52,SPB-0157,Санкт-Петербург,product_view,,0,organic,android
2026-06-14 13:52:07,SPB-0030,Санкт-Петербург,visit,,0,ads,android
2026-06-14 13:53:44,MSK-0247,Москва,visit,,0,organic,android
2026-06-14 13:54:24,MSK-0074,Москва,purchase,ORD-000502,190.00,organic,android
2026-06-14 13:54:34,EKB-0069,Екатеринбург,visit,,0,referral,android
2026-06-14 13:55:21,SPB-0032,Санкт-Петербург,visit,,0,organic,android
2026-06-14 14:05:35,SPB-0078,Санкт-Петербург,product_view,,0,ads,web
2026-06-14 14:06:21,MSK-0061,Москва,visit,,0,organic,android
2026-06-14 14:07:27,KZN-0067,Казань,visit,,0,organic,ios
2026-06-14 14:10:38,SPB-0113,Санкт-Петербург,visit,,0,organic,ios
2026-06-14 14:13:23,NSK-0004,Новосибирск,visit,,0,ads,ios
2026-06-14 14:13:39,SPB-0147,Санкт-Петербург,visit,,0,organic,ios
2026-06-14 14:14:40,SPB-0010,Санкт-Петербург,visit,,0,organic,ios
2026-06-14 14:18:47,SPB-0078,Санкт-Петербург,product_view,,0,ads,web
2026-06-14 14:20:01,MSK-0282,Москва,visit,,0,ads,android
2026-06-14 14:22:31,MSK-0056,Москва,visit,,0,organic,android
2026-06-14 14:23:46,NSK-0004,Новосибирск,purchase,ORD-000527,210.00,ads,ios
2026-06-14 14:26:22,SPB-0010,Санкт-Петербург,product_view,,0,organic,ios
2026-06-14 14:26:41,NSK-0004,Новосибирск,product_view,,0,ads,ios
2026-06-14 14:28:11,SPB-0062,Санкт-Петербург,visit,,0,organic,web
2026-06-14 14:28:35,EKB-0002,Екатеринбург,purchase,ORD-000523,290.00,organic,android
2026-06-14 14:29:26,SPB-0032,Санкт-Петербург,product_view,,0,organic,android
2026-06-14 14:33:15,SPB-0034,Санкт-Петербург,visit,,0,organic,android
2026-06-14 14:36:03,MSK-0011,Москва,purchase,ORD-000494,1160.00,organic,android
2026-06-14 14:37:26,SPB-0148,Санкт-Петербург,visit,,0,organic,web
2026-06-14 14:39:05,MSK-0282,Москва,product_view,,0,ads,android
2026-06-14 14:40:45,MSK-0250,Москва,visit,,0,referral,ios
2026-06-14 14:44:51,SPB-0147,Санкт-Петербург,product_view,,0,organic,ios
2026-06-14 14:48:03,SPB-0034,Санкт-Петербург,product_view,,0,organic,android
2026-06-14 14:51:57,MSK-0250,Москва,product_view,,0,referral,ios
2026-06-14 14:54:04,SPB-0148,Санкт-Петербург,product_view,,0,organic,web
2026-06-14 14:57:23,SPB-0011,Санкт-Петербург,visit,,0,ads,android
2026-06-14 14:57:36,MSK-0056,Москва,product_view,,0,organic,android
2026-06-14 15:01:52,MSK-0055,Москва,visit,,0,ads,android
2026-06-14 15:04:04,EKB-0055,Екатеринбург,visit,,0,referral,ios
2026-06-14 15:09:47,SPB-0052,Санкт-Петербург,visit,,0,organic,android
2026-06-14 15:09:47,KZN-0002,Казань,visit,,0,ads,android
2026-06-14 15:14:39,SPB-0134,Санкт-Петербург,visit,,0,organic,android
2026-06-14 15:16:45,EKB-0055,Екатеринбург,product_view,,0,referral,ios
2026-06-14 15:20:03,SPB-0134,Санкт-Петербург,product_view,,0,organic,android
2026-06-14 15:21:19,SPB-0011,Санкт-Петербург,product_view,,0,ads,android
2026-06-14 15:22:28,EKB-0102,Екатеринбург,visit,,0,organic,web
2026-06-14 15:29:29,KZN-0002,Казань,product_view,,0,ads,android
2026-06-14 15:34:48,KZN-0090,Казань,visit,,0,organic,android
2026-06-14 15:42:28,MSK-0017,Москва,purchase,ORD-000498,590.00,organic,web
2026-06-14 15:44:30,KZN-0002,Казань,product_view,,0,ads,android
2026-06-14 15:46:14,MSK-0009,Москва,purchase,ORD-000492,760.00,organic,ios
2026-06-14 15:46:41,SPB-0025,Санкт-Петербург,visit,,0,ads,ios
2026-06-14 15:53:28,KZN-0033,Казань,purchase,ORD-000514,640.00,organic,ios
2026-06-14 15:55:54,KZN-0012,Казань,visit,,0,referral,ios
2026-06-14 15:57:47,KZN-0126,Казань,visit,,0,organic,ios
2026-06-14 15:58:16,MSK-0295,Москва,visit,,0,organic,android
2026-06-14 15:59:16,NSK-0014,Новосибирск,purchase,ORD-000526,330.00,organic,ios
2026-06-14 16:00:46,MSK-0115,Москва,visit,,0,referral,android
2026-06-14 16:08:03,MSK-0051,Москва,visit,,0,organic,android
2026-06-14 16:08:05,SPB-0025,Санкт-Петербург,product_view,,0,ads,ios
2026-06-14 16:08:11,MSK-0257,Москва,visit,,0,organic,ios
2026-06-14 16:08:13,SPB-0009,Санкт-Петербург,visit,,0,organic,ios
2026-06-14 16:08:58,EKB-0023,Екатеринбург,purchase,ORD-000521,630.00,organic,ios
2026-06-14 16:11:37,KZN-0002,Казань,purchase,ORD-000520,220.00,ads,android
2026-06-14 16:11:57,KZN-0126,Казань,product_view,,0,organic,ios
2026-06-14 16:13:23,SPB-0029,Санкт-Петербург,visit,,0,referral,ios
2026-06-14 16:14:25,MSK-0064,Москва,visit,,0,ads,ios
2026-06-14 16:14:39,NSK-0069,Новосибирск,visit,,0,organic,web
2026-06-14 16:15:46,NSK-0095,Новосибирск,visit,,0,ads,ios
2026-06-14 16:16:31,SPB-0025,Санкт-Петербург,product_view,,0,ads,ios
2026-06-14 16:17:34,MSK-0229,Москва,visit,,0,organic,ios
2026-06-14 16:18:45,NSK-0095,Новосибирск,product_view,,0,ads,ios
2026-06-14 16:20:16,KZN-0012,Казань,product_view,,0,referral,ios
2026-06-14 16:22:39,SPB-0082,Санкт-Петербург,visit,,0,referral,web
2026-06-14 16:25:17,EKB-0010,Екатеринбург,visit,,0,ads,web
2026-06-14 16:27:26,NSK-0088,Новосибирск,visit,,0,organic,web
2026-06-14 16:28:05,KZN-0033,Казань,visit,,0,organic,ios
2026-06-14 16:29:51,SPB-0029,Санкт-Петербург,product_view,,0,referral,ios
2026-06-14 16:32:17,MSK-0295,Москва,product_view,,0,organic,android
2026-06-14 16:35:33,NSK-0069,Новосибирск,product_view,,0,organic,web
2026-06-14 16:38:51,SPB-0007,Санкт-Петербург,purchase,ORD-000510,220.00,organic,web
2026-06-14 16:40:39,SPB-0221,Санкт-Петербург,visit,,0,ads,android
2026-06-14 16:46:49,KZN-0139,Казань,visit,,0,organic,android
2026-06-14 16:47:47,MSK-0064,Москва,product_view,,0,ads,ios
2026-06-14 16:51:43,NSK-0095,Новосибирск,product_view,,0,ads,ios
2026-06-14 16:52:59,MSK-0142,Москва,visit,,0,organic,android
2026-06-14 16:53:16,SPB-0029,Санкт-Петербург,product_view,,0,referral,ios
2026-06-14 16:54:31,MSK-0030,Москва,purchase,ORD-000500,360.00,ads,ios
2026-06-14 16:57:07,KZN-0033,Казань,product_view,,0,organic,ios
2026-06-14 16:58:44,MSK-0156,Москва,visit,,0,ads,android
2026-06-14 16:58:47,SPB-0064,Санкт-Петербург,visit,,0,organic,ios
2026-06-14 17:07:04,MSK-0187,Москва,visit,,0,organic,web
2026-06-14 17:08:17,KZN-0100,Казань,visit,,0,organic,android
2026-06-14 17:08:39,KZN-0139,Казань,product_view,,0,organic,android
2026-06-14 17:11:49,MSK-0208,Москва,visit,,0,referral,ios
2026-06-14 17:17:13,MSK-0045,Москва,visit,,0,ads,ios
2026-06-14 17:19:39,SPB-0016,Санкт-Петербург,purchase,ORD-000508,270.00,referral,ios
2026-06-14 17:20:50,SPB-0064,Санкт-Петербург,product_view,,0,organic,ios
2026-06-14 17:24:28,EKB-0056,Екатеринбург,visit,,0,organic,android
2026-06-14 17:25:31,NSK-0057,Новосибирск,visit,,0,organic,web
2026-06-14 17:25:38,NSK-0025,Новосибирск,purchase,ORD-000530,290.00,ads,android
2026-06-14 17:26:22,MSK-0045,Москва,product_view,,0,ads,ios
2026-06-14 17:28:21,EKB-0041,Екатеринбург,visit,,0,ads,ios
2026-06-14 17:32:10,MSK-0246,Москва,visit,,0,ads,ios
2026-06-14 17:35:45,SPB-0206,Санкт-Петербург,visit,,0,organic,ios
2026-06-14 17:40:35,SPB-0038,Санкт-Петербург,purchase,ORD-000505,350.00,organic,android
2026-06-14 17:40:57,EKB-0041,Екатеринбург,product_view,,0,ads,ios
2026-06-14 17:41:44,MSK-0208,Москва,product_view,,0,referral,ios
2026-06-14 17:46:04,EKB-0016,Екатеринбург,visit,,0,organic,android
2026-06-14 17:54:39,EKB-0056,Екатеринбург,product_view,,0,organic,android
2026-06-14 17:55:01,EKB-0052,Екатеринбург,visit,,0,ads,web
2026-06-14 17:55:24,MSK-0246,Москва,product_view,,0,ads,ios
2026-06-14 17:57:28,EKB-0115,Екатеринбург,visit,,0,organic,android
2026-06-14 18:01:12,MSK-0203,Москва,visit,,0,referral,android
2026-06-14 18:05:13,MSK-0203,Москва,product_view,,0,referral,android
2026-06-14 18:11:16,EKB-0028,Екатеринбург,visit,,0,referral,android
2026-06-14 18:11:58,EKB-0047,Екатеринбург,visit,,0,ads,android
2026-06-14 18:16:06,EKB-0047,Екатеринбург,product_view,,0,ads,android
2026-06-14 18:17:17,MSK-0150,Москва,visit,,0,ads,android
2026-06-14 18:17:28,SPB-0015,Санкт-Петербург,visit,,0,organic,android
2026-06-14 18:19:23,EKB-0016,Екатеринбург,product_view,,0,organic,android
2026-06-14 18:23:40,KZN-0032,Казань,purchase,ORD-000517,260.00,organic,ios
2026-06-14 18:24:35,MSK-0203,Москва,product_view,,0,referral,android
2026-06-14 18:26:19,SPB-0029,Санкт-Петербург,purchase,ORD-000509,310.00,referral,ios
2026-06-14 18:27:08,NSK-0055,Новосибирск,visit,,0,referral,ios
2026-06-14 18:30:44,SPB-0219,Санкт-Петербург,visit,,0,ads,android
2026-06-14 18:34:06,MSK-0100,Москва,visit,,0,organic,ios
2026-06-14 18:35:24,SPB-0015,Санкт-Петербург,product_view,,0,organic,android
2026-06-14 18:35:30,MSK-0136,Москва,visit,,0,ads,android
2026-06-14 18:35:47,NSK-0055,Новосибирск,product_view,,0,referral,ios
2026-06-14 18:36:16,SPB-0049,Санкт-Петербург,purchase,ORD-000507,650.00,organic,ios
2026-06-14 18:36:39,SPB-0219,Санкт-Петербург,product_view,,0,ads,android
2026-06-14 18:45:45,MSK-0100,Москва,product_view,,0,organic,ios
2026-06-14 18:46:21,SPB-0115,Санкт-Петербург,visit,,0,ads,web
2026-06-14 18:46:56,MSK-0288,Москва,visit,,0,ads,android
2026-06-14 18:51:01,SPB-0002,Санкт-Петербург,visit,,0,referral,android
2026-06-14 18:52:09,NSK-0055,Новосибирск,product_view,,0,referral,ios
2026-06-14 18:56:36,EKB-0013,Екатеринбург,visit,,0,organic,android
2026-06-14 19:04:18,MSK-0288,Москва,product_view,,0,ads,android
2026-06-14 19:04:28,SPB-0115,Санкт-Петербург,product_view,,0,ads,web
2026-06-14 19:05:54,EKB-0013,Екатеринбург,product_view,,0,organic,android
2026-06-14 19:13:55,NSK-0008,Новосибирск,purchase,ORD-000528,690.00,organic,android
2026-06-14 19:15:40,SPB-0002,Санкт-Петербург,product_view,,0,referral,android
2026-06-14 19:17:57,SPB-0010,Санкт-Петербург,purchase,ORD-000513,220.00,organic,ios
2026-06-14 19:24:43,EKB-0013,Екатеринбург,product_view,,0,organic,android
2026-06-14 19:43:54,MSK-0017,Москва,purchase,ORD-000497,360.00,organic,web
2026-06-14 19:51:21,MSK-0070,Москва,purchase,ORD-000493,190.00,organic,android
2026-06-14 20:13:17,MSK-0027,Москва,purchase,ORD-000496,670.00,organic,web
2026-06-14 20:23:35,SPB-0015,Санкт-Петербург,purchase,ORD-000506,180.00,organic,android
2026-06-14 20:26:26,KZN-0021,Казань,purchase,ORD-000519,180.00,ads,ios
2026-06-14 21:07:32,MSK-0050,Москва,purchase,ORD-000495,880.00,organic,ios
2026-06-14 21:21:51,SPB-0025,Санкт-Петербург,purchase,ORD-000512,350.00,ads,ios
2026-06-14 21:40:32,EKB-0022,Екатеринбург,purchase,ORD-000522,290.00,organic,ios
2026-06-14 22:10:44,NSK-0008,Новосибирск,purchase,ORD-000529,170.00,organic,android
2026-06-14 22:14:00,KZN-0033,Казань,purchase,ORD-000515,720.00,organic,ios
2026-06-15 02:15:16,TEST-KZN-0015,Казань,purchase,TEST-00015,100.00,test,ios
2026-06-15 02:45:27,TEST-KZN-0045,Казань,purchase,TEST-00045,100.00,test,android
2026-06-15 03:15:47,TEST-KZN-0075,Казань,purchase,TEST-00075,100.00,test,android
2026-06-15 03:45:24,TEST-KZN-0105,Казань,purchase,TEST-00105,100.00,test,android
2026-06-15 08:03:43,NSK-0090,Новосибирск,visit,,0,organic,ios
2026-06-15 08:12:58,NSK-0090,Новосибирск,product_view,,0,organic,ios
2026-06-15 08:19:23,EKB-0041,Екатеринбург,visit,,0,ads,ios
2026-06-15 08:19:34,SPB-0111,Санкт-Петербург,visit,,0,organic,ios
2026-06-15 08:24:18,SPB-0016,Санкт-Петербург,visit,,0,referral,ios
2026-06-15 08:29:20,SPB-0055,Санкт-Петербург,visit,,0,ads,android
2026-06-15 08:30:56,SPB-0111,Санкт-Петербург,product_view,,0,organic,ios
2026-06-15 08:32:08,SPB-0016,Санкт-Петербург,product_view,,0,referral,ios
2026-06-15 08:35:57,SPB-0055,Санкт-Петербург,product_view,,0,ads,android
2026-06-15 08:37:08,NSK-0090,Новосибирск,product_view,,0,organic,ios
2026-06-15 08:44:44,NSK-0058,Новосибирск,visit,,0,ads,android
2026-06-15 08:55:21,NSK-0036,Новосибирск,visit,,0,organic,ios
2026-06-15 08:57:37,EKB-0064,Екатеринбург,visit,,0,organic,android
2026-06-15 08:58:51,NSK-0058,Новосибирск,product_view,,0,ads,android
2026-06-15 09:15:18,KZN-0002,Казань,visit,,0,ads,android
2026-06-15 09:16:05,EKB-0004,Екатеринбург,visit,,0,ads,web
2026-06-15 09:16:59,NSK-0036,Новосибирск,product_view,,0,organic,ios
2026-06-15 09:25:38,EKB-0082,Екатеринбург,visit,,0,referral,android
2026-06-15 09:29:50,EKB-0064,Екатеринбург,product_view,,0,organic,android
2026-06-15 09:30:10,MSK-0075,Москва,visit,,0,referral,android
2026-06-15 09:31:41,NSK-0016,Новосибирск,visit,,0,referral,android
2026-06-15 09:33:52,KZN-0002,Казань,product_view,,0,ads,android
2026-06-15 09:35:36,SPB-0003,Санкт-Петербург,visit,,0,organic,ios
2026-06-15 09:40:10,EKB-0007,Екатеринбург,visit,,0,organic,android
2026-06-15 09:45:17,NSK-0016,Новосибирск,product_view,,0,referral,android
2026-06-15 09:46:11,EKB-0004,Екатеринбург,product_view,,0,ads,web
2026-06-15 09:46:43,SPB-0203,Санкт-Петербург,visit,,0,ads,android
2026-06-15 09:51:02,NSK-0013,Новосибирск,visit,,0,ads,web
2026-06-15 09:54:42,EKB-0007,Екатеринбург,product_view,,0,organic,android
2026-06-15 09:55:27,MSK-0075,Москва,product_view,,0,referral,android
2026-06-15 09:56:03,SPB-0001,Санкт-Петербург,visit,,0,referral,android
2026-06-15 10:00:21,EKB-0067,Екатеринбург,visit,,0,organic,ios
2026-06-15 10:01:36,MSK-0041,Москва,visit,,0,referral,android
2026-06-15 10:01:37,NSK-0067,Новосибирск,visit,,0,organic,android
2026-06-15 10:03:28,MSK-0158,Москва,visit,,0,referral,android
2026-06-15 10:03:42,MSK-0056,Москва,purchase,ORD-000535,440.00,organic,android
2026-06-15 10:05:39,MSK-0112,Москва,visit,,0,organic,android
2026-06-15 10:13:23,KZN-0093,Казань,visit,,0,organic,android
2026-06-15 10:13:46,EKB-0005,Екатеринбург,visit,,0,organic,android
2026-06-15 10:16:28,MSK-0229,Москва,visit,,0,organic,ios
2026-06-15 10:18:29,MSK-0153,Москва,visit,,0,organic,web
2026-06-15 10:19:43,KZN-0025,Казань,purchase,ORD-000555,560.00,organic,android
2026-06-15 10:25:06,SPB-0001,Санкт-Петербург,product_view,,0,referral,android
2026-06-15 10:31:26,NSK-0067,Новосибирск,product_view,,0,organic,android
2026-06-15 10:32:43,MSK-0297,Москва,visit,,0,ads,android
2026-06-15 10:36:50,MSK-0297,Москва,product_view,,0,ads,android
2026-06-15 10:37:02,MSK-0041,Москва,product_view,,0,referral,android
2026-06-15 10:38:29,MSK-0056,Москва,visit,,0,organic,android
2026-06-15 10:39:24,KZN-0093,Казань,product_view,,0,organic,android
2026-06-15 10:39:58,SPB-0020,Санкт-Петербург,purchase,ORD-000545,980.00,ads,ios
2026-06-15 10:40:12,EKB-0026,Екатеринбург,visit,,0,referral,android
2026-06-15 10:43:06,MSK-0229,Москва,product_view,,0,organic,ios
2026-06-15 10:44:14,KZN-0008,Казань,visit,,0,organic,android
2026-06-15 10:46:37,EKB-0056,Екатеринбург,visit,,0,organic,android
2026-06-15 10:46:46,MSK-0056,Москва,product_view,,0,organic,android
2026-06-15 10:49:10,EKB-0005,Екатеринбург,product_view,,0,organic,android
2026-06-15 10:50:50,KZN-0093,Казань,product_view,,0,organic,android
2026-06-15 10:51:11,SPB-0040,Санкт-Петербург,visit,,0,referral,ios
2026-06-15 10:53:58,NSK-0045,Новосибирск,visit,,0,ads,ios
2026-06-15 10:58:21,SPB-0020,Санкт-Петербург,visit,,0,ads,ios
2026-06-15 11:01:20,SPB-0157,Санкт-Петербург,visit,,0,organic,android
2026-06-15 11:01:22,MSK-0017,Москва,visit,,0,organic,web
2026-06-15 11:03:03,EKB-0069,Екатеринбург,visit,,0,referral,android
2026-06-15 11:05:18,SPB-0040,Санкт-Петербург,product_view,,0,referral,ios
2026-06-15 11:06:06,NSK-0078,Новосибирск,visit,,0,organic,web
2026-06-15 11:06:07,EKB-0069,Екатеринбург,product_view,,0,referral,android
2026-06-15 11:06:46,EKB-0056,Екатеринбург,product_view,,0,organic,android
2026-06-15 11:08:23,SPB-0090,Санкт-Петербург,visit,,0,organic,android
2026-06-15 11:10:38,SPB-0077,Санкт-Петербург,visit,,0,organic,web
2026-06-15 11:11:17,EKB-0106,Екатеринбург,visit,,0,organic,android
2026-06-15 11:15:42,KZN-0059,Казань,visit,,0,organic,ios
2026-06-15 11:17:18,MSK-0165,Москва,visit,,0,organic,ios
2026-06-15 11:19:37,MSK-0138,Москва,visit,,0,ads,android
2026-06-15 11:23:54,SPB-0020,Санкт-Петербург,product_view,,0,ads,ios
2026-06-15 11:24:14,KZN-0092,Казань,visit,,0,organic,android
2026-06-15 11:25:18,MSK-0024,Москва,visit,,0,referral,ios
2026-06-15 11:28:35,SPB-0020,Санкт-Петербург,product_view,,0,ads,ios
2026-06-15 11:31:24,SPB-0144,Санкт-Петербург,visit,,0,organic,web
2026-06-15 11:31:36,KZN-0028,Казань,visit,,0,organic,web
2026-06-15 11:31:39,EKB-0106,Екатеринбург,product_view,,0,organic,android
2026-06-15 11:32:00,KZN-0071,Казань,visit,,0,organic,android
2026-06-15 11:32:30,NSK-0078,Новосибирск,product_view,,0,organic,web
2026-06-15 11:33:05,EKB-0012,Екатеринбург,purchase,ORD-000563,550.00,referral,android
2026-06-15 11:33:49,MSK-0017,Москва,product_view,,0,organic,web
2026-06-15 11:33:59,NSK-0016,Новосибирск,purchase,ORD-000568,690.00,referral,android
2026-06-15 11:37:31,MSK-0138,Москва,product_view,,0,ads,android
2026-06-15 11:41:42,SPB-0040,Санкт-Петербург,purchase,ORD-000551,270.00,referral,ios
2026-06-15 11:42:06,MSK-0023,Москва,visit,,0,organic,android
2026-06-15 11:42:38,KZN-0059,Казань,product_view,,0,organic,ios
2026-06-15 11:42:46,SPB-0090,Санкт-Петербург,product_view,,0,organic,android
2026-06-15 11:44:10,SPB-0126,Санкт-Петербург,visit,,0,organic,ios
2026-06-15 11:44:21,EKB-0004,Екатеринбург,purchase,ORD-000564,250.00,ads,web
2026-06-15 11:46:43,MSK-0030,Москва,purchase,ORD-000542,270.00,ads,ios
2026-06-15 11:47:45,SPB-0102,Санкт-Петербург,visit,,0,organic,ios
2026-06-15 11:48:38,MSK-0024,Москва,product_view,,0,referral,ios
2026-06-15 11:49:11,KZN-0092,Казань,product_view,,0,organic,android
2026-06-15 11:50:58,MSK-0023,Москва,product_view,,0,organic,android
2026-06-15 11:51:05,SPB-0090,Санкт-Петербург,product_view,,0,organic,android
2026-06-15 11:52:49,MSK-0018,Москва,visit,,0,ads,android
2026-06-15 11:57:20,SPB-0183,Санкт-Петербург,visit,,0,organic,android
2026-06-15 11:58:52,MSK-0108,Москва,visit,,0,organic,ios
2026-06-15 12:01:55,SPB-0144,Санкт-Петербург,product_view,,0,organic,web
2026-06-15 12:02:43,MSK-0027,Москва,visit,,0,organic,web
2026-06-15 12:02:50,SPB-0102,Санкт-Петербург,product_view,,0,organic,ios
2026-06-15 12:02:58,KZN-0022,Казань,purchase,ORD-000557,960.00,organic,web
2026-06-15 12:04:12,MSK-0023,Москва,product_view,,0,organic,android
2026-06-15 12:04:43,SPB-0105,Санкт-Петербург,visit,,0,organic,android
2026-06-15 12:11:08,SPB-0102,Санкт-Петербург,product_view,,0,organic,ios
2026-06-15 12:12:05,SPB-0047,Санкт-Петербург,visit,,0,organic,android
2026-06-15 12:12:31,MSK-0018,Москва,product_view,,0,ads,android
2026-06-15 12:13:26,SPB-0105,Санкт-Петербург,product_view,,0,organic,android
2026-06-15 12:16:17,SPB-0002,Санкт-Петербург,visit,,0,referral,android
2026-06-15 12:19:48,KZN-0025,Казань,visit,,0,organic,android
2026-06-15 12:21:55,NSK-0025,Новосибирск,purchase,ORD-000565,210.00,ads,android
2026-06-15 12:22:34,MSK-0194,Москва,visit,,0,organic,android
2026-06-15 12:25:38,MSK-0027,Москва,product_view,,0,organic,web
2026-06-15 12:25:52,MSK-0081,Москва,visit,,0,organic,android
2026-06-15 12:30:02,MSK-0108,Москва,product_view,,0,organic,ios
2026-06-15 12:32:15,EKB-0007,Екатеринбург,purchase,ORD-000562,330.00,organic,android
2026-06-15 12:35:33,KZN-0025,Казань,product_view,,0,organic,android
2026-06-15 12:36:11,MSK-0194,Москва,product_view,,0,organic,android
2026-06-15 12:40:58,MSK-0295,Москва,visit,,0,organic,android
2026-06-15 12:45:38,SPB-0002,Санкт-Петербург,product_view,,0,referral,android
2026-06-15 12:52:22,SPB-0002,Санкт-Петербург,product_view,,0,referral,android
2026-06-15 12:55:23,MSK-0295,Москва,product_view,,0,organic,android
2026-06-15 12:59:15,MSK-0284,Москва,visit,,0,ads,ios
2026-06-15 12:59:28,EKB-0036,Екатеринбург,visit,,0,organic,ios
2026-06-15 13:00:34,SPB-0119,Санкт-Петербург,visit,,0,organic,android
2026-06-15 13:01:30,MSK-0199,Москва,visit,,0,organic,android
2026-06-15 13:02:17,SPB-0030,Санкт-Петербург,visit,,0,ads,android
2026-06-15 13:03:12,MSK-0025,Москва,visit,,0,organic,android
2026-06-15 13:03:34,SPB-0060,Санкт-Петербург,visit,,0,ads,android
2026-06-15 13:08:32,EKB-0036,Екатеринбург,product_view,,0,organic,ios
2026-06-15 13:12:17,SPB-0096,Санкт-Петербург,visit,,0,organic,ios
2026-06-15 13:12:34,EKB-0029,Екатеринбург,visit,,0,ads,android
2026-06-15 13:14:14,SPB-0140,Санкт-Петербург,visit,,0,ads,web
2026-06-15 13:15:28,MSK-0030,Москва,visit,,0,ads,ios
2026-06-15 13:17:29,MSK-0060,Москва,visit,,0,organic,ios
2026-06-15 13:19:07,SPB-0140,Санкт-Петербург,product_view,,0,ads,web
2026-06-15 13:20:55,MSK-0284,Москва,product_view,,0,ads,ios
2026-06-15 13:20:58,SPB-0060,Санкт-Петербург,product_view,,0,ads,android
2026-06-15 13:21:29,MSK-0025,Москва,product_view,,0,organic,android
2026-06-15 13:21:48,EKB-0012,Екатеринбург,visit,,0,referral,android
2026-06-15 13:22:09,SPB-0075,Санкт-Петербург,visit,,0,organic,android
2026-06-15 13:24:01,EKB-0036,Екатеринбург,product_view,,0,organic,ios
2026-06-15 13:24:43,MSK-0025,Москва,product_view,,0,organic,android
2026-06-15 13:24:47,KZN-0104,Казань,visit,,0,organic,android
2026-06-15 13:24:56,SPB-0030,Санкт-Петербург,product_view,,0,ads,android
2026-06-15 13:26:05,EKB-0029,Екатеринбург,product_view,,0,ads,android
2026-06-15 13:30:13,MSK-0060,Москва,product_view,,0,organic,ios
2026-06-15 13:31:03,KZN-0018,Казань,purchase,ORD-000554,340.00,ads,android
2026-06-15 13:33:27,MSK-0199,Москва,product_view,,0,organic,android
2026-06-15 13:36:00,EKB-0029,Екатеринбург,product_view,,0,ads,android
2026-06-15 13:39:08,KZN-0034,Казань,visit,,0,referral,web
2026-06-15 13:39:50,SPB-0030,Санкт-Петербург,product_view,,0,ads,android
2026-06-15 13:41:48,MSK-0015,Москва,visit,,0,organic,android
2026-06-15 13:42:28,SPB-0075,Санкт-Петербург,product_view,,0,organic,android
2026-06-15 13:46:05,MSK-0030,Москва,product_view,,0,ads,ios
2026-06-15 13:48:31,EKB-0118,Екатеринбург,visit,,0,ads,android
2026-06-15 13:49:34,NSK-0055,Новосибирск,visit,,0,referral,ios
2026-06-15 13:53:48,EKB-0118,Екатеринбург,product_view,,0,ads,android
2026-06-15 13:54:31,SPB-0075,Санкт-Петербург,product_view,,0,organic,android
2026-06-15 13:57:31,KZN-0056,Казань,visit,,0,organic,ios
2026-06-15 13:57:42,EKB-0012,Екатеринбург,product_view,,0,referral,android
2026-06-15 13:57:47,MSK-0072,Москва,visit,,0,organic,android
2026-06-15 13:58:28,MSK-0113,Москва,visit,,0,organic,android
2026-06-15 14:01:46,KZN-0014,Казань,purchase,ORD-000559,300.00,organic,android
2026-06-15 14:01:49,MSK-0072,Москва,product_view,,0,organic,android
2026-06-15 14:02:37,EKB-0046,Екатеринбург,visit,,0,ads,android
2026-06-15 14:03:04,MSK-0186,Москва,visit,,0,ads,android
2026-06-15 14:06:16,SPB-0027,Санкт-Петербург,visit,,0,organic,android
2026-06-15 14:08:07,SPB-0132,Санкт-Петербург,visit,,0,organic,android
2026-06-15 14:08:51,MSK-0109,Москва,visit,,0,ads,android
2026-06-15 14:09:49,SPB-0218,Санкт-Петербург,visit,,0,organic,web
2026-06-15 14:10:11,MSK-0113,Москва,product_view,,0,organic,android
2026-06-15 14:12:13,SPB-0218,Санкт-Петербург,product_view,,0,organic,web
2026-06-15 14:12:45,EKB-0028,Екатеринбург,visit,,0,referral,android
2026-06-15 14:13:14,SPB-0028,Санкт-Петербург,purchase,ORD-000547,430.00,ads,web
2026-06-15 14:14:06,KZN-0089,Казань,visit,,0,organic,android
2026-06-15 14:20:32,KZN-0072,Казань,visit,,0,organic,web
2026-06-15 14:24:22,NSK-0039,Новосибирск,visit,,0,organic,android
2026-06-15 14:25:10,SPB-0034,Санкт-Петербург,purchase,ORD-000552,270.00,organic,android
2026-06-15 14:29:29,MSK-0186,Москва,product_view,,0,ads,android
2026-06-15 14:30:58,KZN-0014,Казань,visit,,0,organic,android
2026-06-15 14:31:51,EKB-0028,Екатеринбург,product_view,,0,referral,android
2026-06-15 14:32:15,EKB-0028,Екатеринбург,product_view,,0,referral,android
2026-06-15 14:32:33,KZN-0039,Казань,visit,,0,ads,android
2026-06-15 14:33:25,MSK-0113,Москва,product_view,,0,organic,android
2026-06-15 14:33:29,MSK-0109,Москва,product_view,,0,ads,android
2026-06-15 14:40:28,KZN-0014,Казань,product_view,,0,organic,android
2026-06-15 14:44:40,SPB-0002,Санкт-Петербург,purchase,ORD-000548,350.00,referral,android
2026-06-15 14:45:33,EKB-0005,Екатеринбург,purchase,ORD-000560,330.00,organic,android
2026-06-15 14:48:36,SPB-0016,Санкт-Петербург,purchase,ORD-000546,1120.00,referral,ios
2026-06-15 14:48:40,MSK-0023,Москва,purchase,ORD-000539,230.00,organic,android
2026-06-15 14:53:38,MSK-0182,Москва,visit,,0,referral,ios
2026-06-15 14:56:37,EKB-0028,Екатеринбург,purchase,ORD-000561,290.00,referral,android
2026-06-15 14:58:26,SPB-0004,Санкт-Петербург,visit,,0,ads,android
2026-06-15 14:58:36,MSK-0179,Москва,visit,,0,referral,android
2026-06-15 15:00:56,MSK-0075,Москва,purchase,ORD-000531,1160.00,referral,android
2026-06-15 15:02:53,KZN-0043,Казань,visit,,0,ads,ios
2026-06-15 15:04:21,SPB-0199,Санкт-Петербург,visit,,0,referral,android
2026-06-15 15:05:16,SPB-0001,Санкт-Петербург,purchase,ORD-000553,310.00,referral,android
2026-06-15 15:05:27,MSK-0117,Москва,visit,,0,organic,ios
2026-06-15 15:07:13,MSK-0027,Москва,purchase,ORD-000540,760.00,organic,web
2026-06-15 15:10:36,KZN-0043,Казань,product_view,,0,ads,ios
2026-06-15 15:10:56,MSK-0169,Москва,visit,,0,organic,android
2026-06-15 15:11:52,KZN-0123,Казань,visit,,0,organic,ios
2026-06-15 15:13:10,MSK-0169,Москва,product_view,,0,organic,android
2026-06-15 15:18:41,MSK-0225,Москва,visit,,0,ads,ios
2026-06-15 15:21:30,MSK-0225,Москва,product_view,,0,ads,ios
2026-06-15 15:24:20,MSK-0246,Москва,visit,,0,ads,ios
2026-06-15 15:36:28,KZN-0043,Казань,product_view,,0,ads,ios
2026-06-15 15:41:18,KZN-0029,Казань,purchase,ORD-000558,220.00,ads,ios
2026-06-15 15:51:52,SPB-0055,Санкт-Петербург,purchase,ORD-000544,220.00,ads,android
2026-06-15 15:52:25,SPB-0110,Санкт-Петербург,visit,,0,organic,ios
2026-06-15 15:53:04,EKB-0006,Екатеринбург,visit,,0,organic,android
2026-06-15 15:57:49,NSK-0015,Новосибирск,visit,,0,organic,web
2026-06-15 15:58:43,KZN-0135,Казань,visit,,0,organic,ios
2026-06-15 16:00:22,NSK-0035,Новосибирск,visit,,0,ads,ios
2026-06-15 16:03:30,SPB-0110,Санкт-Петербург,product_view,,0,organic,ios
2026-06-15 16:05:16,MSK-0220,Москва,visit,,0,organic,android
2026-06-15 16:05:20,SPB-0160,Санкт-Петербург,visit,,0,referral,ios
2026-06-15 16:10:48,SPB-0110,Санкт-Петербург,product_view,,0,organic,ios
2026-06-15 16:13:18,KZN-0029,Казань,visit,,0,ads,ios
2026-06-15 16:15:49,SPB-0045,Санкт-Петербург,visit,,0,organic,ios
2026-06-15 16:17:17,KZN-0029,Казань,product_view,,0,ads,ios
2026-06-15 16:17:52,MSK-0017,Москва,purchase,ORD-000537,880.00,organic,web
2026-06-15 16:18:02,NSK-0015,Новосибирск,product_view,,0,organic,web
2026-06-15 16:24:52,MSK-0157,Москва,visit,,0,ads,web
2026-06-15 16:26:07,NSK-0035,Новосибирск,product_view,,0,ads,ios
2026-06-15 16:26:10,MSK-0220,Москва,product_view,,0,organic,android
2026-06-15 16:30:25,NSK-0025,Новосибирск,visit,,0,ads,android
2026-06-15 16:31:45,MSK-0220,Москва,product_view,,0,organic,android
2026-06-15 16:32:14,KZN-0032,Казань,visit,,0,organic,ios
2026-06-15 16:33:53,NSK-0070,Новосибирск,visit,,0,organic,ios
2026-06-15 16:36:11,KZN-0137,Казань,visit,,0,ads,android
2026-06-15 16:38:06,MSK-0157,Москва,product_view,,0,ads,web
2026-06-15 16:41:27,NSK-0025,Новосибирск,product_view,,0,ads,android
2026-06-15 16:48:01,NSK-0008,Новосибирск,visit,,0,organic,android
2026-06-15 16:51:13,SPB-0028,Санкт-Петербург,visit,,0,ads,web
2026-06-15 16:54:24,KZN-0029,Казань,product_view,,0,ads,ios
2026-06-15 16:57:58,MSK-0203,Москва,visit,,0,referral,android
2026-06-15 17:02:20,SPB-0028,Санкт-Петербург,product_view,,0,ads,web
2026-06-15 17:08:56,EKB-0075,Екатеринбург,visit,,0,organic,ios
2026-06-15 17:13:23,MSK-0232,Москва,visit,,0,organic,ios
2026-06-15 17:15:16,EKB-0060,Екатеринбург,visit,,0,organic,ios
2026-06-15 17:21:06,NSK-0004,Новосибирск,visit,,0,ads,ios
2026-06-15 17:21:17,NSK-0008,Новосибирск,product_view,,0,organic,android
2026-06-15 17:22:37,EKB-0060,Екатеринбург,product_view,,0,organic,ios
2026-06-15 17:29:35,MSK-0041,Москва,purchase,ORD-000534,320.00,referral,android
2026-06-15 17:30:07,MSK-0203,Москва,product_view,,0,referral,android
2026-06-15 17:30:20,SPB-0032,Санкт-Петербург,visit,,0,organic,android
2026-06-15 17:30:32,KZN-0133,Казань,visit,,0,referral,android
2026-06-15 17:33:50,NSK-0008,Новосибирск,product_view,,0,organic,android
2026-06-15 17:35:30,KZN-0022,Казань,visit,,0,organic,web
2026-06-15 17:39:08,KZN-0018,Казань,visit,,0,ads,android
2026-06-15 17:39:27,NSK-0004,Новосибирск,product_view,,0,ads,ios
2026-06-15 17:42:54,EKB-0060,Екатеринбург,product_view,,0,organic,ios
2026-06-15 17:44:21,MSK-0279,Москва,visit,,0,ads,web
2026-06-15 17:45:15,MSK-0125,Москва,visit,,0,organic,android
2026-06-15 17:45:52,SPB-0032,Санкт-Петербург,product_view,,0,organic,android
2026-06-15 17:52:15,KZN-0022,Казань,product_view,,0,organic,web
2026-06-15 17:55:08,SPB-0146,Санкт-Петербург,visit,,0,organic,android
2026-06-15 17:56:24,SPB-0156,Санкт-Петербург,visit,,0,organic,ios
2026-06-15 17:58:47,KZN-0018,Казань,product_view,,0,ads,android
2026-06-15 18:04:37,KZN-0133,Казань,product_view,,0,referral,android
2026-06-15 18:05:29,MSK-0292,Москва,visit,,0,ads,ios
2026-06-15 18:06:25,MSK-0057,Москва,visit,,0,referral,android
2026-06-15 18:11:49,KZN-0022,Казань,product_view,,0,organic,web
2026-06-15 18:11:53,MSK-0125,Москва,product_view,,0,organic,android
2026-06-15 18:12:00,SPB-0034,Санкт-Петербург,visit,,0,organic,android
2026-06-15 18:14:27,MSK-0074,Москва,visit,,0,organic,android
2026-06-15 18:16:30,MSK-0292,Москва,product_view,,0,ads,ios
2026-06-15 18:16:50,MSK-0175,Москва,visit,,0,organic,web
2026-06-15 18:18:59,SPB-0108,Санкт-Петербург,visit,,0,organic,android
2026-06-15 18:19:17,SPB-0034,Санкт-Петербург,product_view,,0,organic,android
2026-06-15 18:22:27,SPB-0156,Санкт-Петербург,product_view,,0,organic,ios
2026-06-15 18:27:44,MSK-0077,Москва,visit,,0,referral,ios
2026-06-15 18:29:22,SPB-0108,Санкт-Петербург,product_view,,0,organic,android
2026-06-15 18:29:51,MSK-0057,Москва,product_view,,0,referral,android
2026-06-15 18:30:18,SPB-0048,Санкт-Петербург,visit,,0,organic,android
2026-06-15 18:32:16,MSK-0235,Москва,visit,,0,organic,android
2026-06-15 18:32:37,MSK-0077,Москва,product_view,,0,referral,ios
2026-06-15 18:37:41,MSK-0003,Москва,visit,,0,referral,android
2026-06-15 18:38:30,MSK-0064,Москва,visit,,0,ads,ios
2026-06-15 18:39:12,NSK-0064,Новосибирск,visit,,0,organic,android
2026-06-15 18:40:27,MSK-0003,Москва,product_view,,0,referral,android
2026-06-15 18:43:35,MSK-0204,Москва,visit,,0,referral,ios
2026-06-15 18:44:24,MSK-0064,Москва,purchase,ORD-000541,1010.00,ads,ios
2026-06-15 18:46:27,EKB-0095,Екатеринбург,visit,,0,organic,web
2026-06-15 18:47:42,MSK-0094,Москва,visit,,0,ads,android
2026-06-15 18:56:02,MSK-0092,Москва,visit,,0,referral,web
2026-06-15 18:57:05,MSK-0094,Москва,product_view,,0,ads,android
2026-06-15 18:58:43,MSK-0003,Москва,product_view,,0,referral,android
2026-06-15 18:58:55,EKB-0095,Екатеринбург,product_view,,0,organic,web
2026-06-15 19:00:31,NSK-0015,Новосибирск,purchase,ORD-000567,290.00,organic,web
2026-06-15 19:02:11,MSK-0235,Москва,product_view,,0,organic,android
2026-06-15 19:06:05,SPB-0048,Санкт-Петербург,product_view,,0,organic,android
2026-06-15 19:09:20,MSK-0092,Москва,product_view,,0,referral,web
2026-06-15 19:10:14,NSK-0064,Новосибирск,product_view,,0,organic,android
2026-06-15 19:13:18,MSK-0064,Москва,product_view,,0,ads,ios
2026-06-15 19:27:04,MSK-0003,Москва,purchase,ORD-000532,400.00,referral,android
2026-06-15 19:39:26,SPB-0002,Санкт-Петербург,purchase,ORD-000549,310.00,referral,android
2026-06-15 19:52:31,MSK-0060,Москва,purchase,ORD-000538,270.00,organic,ios
2026-06-15 20:24:56,KZN-0002,Казань,purchase,ORD-000556,260.00,ads,android
2026-06-15 20:35:25,MSK-0072,Москва,purchase,ORD-000543,670.00,organic,android
2026-06-15 20:43:43,MSK-0025,Москва,purchase,ORD-000536,1160.00,organic,android
2026-06-15 20:56:31,NSK-0008,Новосибирск,purchase,ORD-000566,400.00,organic,android
2026-06-15 21:17:44,SPB-0032,Санкт-Петербург,purchase,ORD-000550,350.00,organic,android
2026-06-15 21:47:26,MSK-0003,Москва,purchase,ORD-000533,360.00,referral,android
2026-06-16 02:16:05,TEST-KZN-0016,Казань,purchase,TEST-00016,110.00,test,android
2026-06-16 02:46:35,TEST-KZN-0046,Казань,purchase,TEST-00046,110.00,test,ios
2026-06-16 03:16:59,TEST-KZN-0076,Казань,purchase,TEST-00076,110.00,test,web
2026-06-16 03:46:07,TEST-KZN-0106,Казань,purchase,TEST-00106,110.00,test,android
2026-06-16 08:06:49,EKB-0027,Екатеринбург,visit,,0,organic,ios
2026-06-16 08:14:44,MSK-0157,Москва,visit,,0,ads,web
2026-06-16 08:16:41,SPB-0003,Санкт-Петербург,visit,,0,organic,ios
2026-06-16 08:18:46,MSK-0157,Москва,product_view,,0,ads,web
2026-06-16 08:21:29,KZN-0012,Казань,visit,,0,referral,ios
2026-06-16 08:24:24,EKB-0079,Екатеринбург,visit,,0,organic,web
2026-06-16 08:25:18,MSK-0242,Москва,visit,,0,referral,android
2026-06-16 08:26:01,MSK-0024,Москва,visit,,0,referral,ios
2026-06-16 08:27:00,KZN-0087,Казань,visit,,0,organic,web
2026-06-16 08:27:02,EKB-0027,Екатеринбург,product_view,,0,organic,ios
2026-06-16 08:28:44,EKB-0087,Екатеринбург,visit,,0,organic,android
2026-06-16 08:29:28,SPB-0003,Санкт-Петербург,product_view,,0,organic,ios
2026-06-16 08:31:43,NSK-0042,Новосибирск,visit,,0,ads,ios
2026-06-16 08:33:08,MSK-0242,Москва,product_view,,0,referral,android
2026-06-16 08:35:08,KZN-0012,Казань,product_view,,0,referral,ios
2026-06-16 08:40:16,NSK-0042,Новосибирск,product_view,,0,ads,ios
2026-06-16 08:40:52,MSK-0139,Москва,visit,,0,organic,ios
2026-06-16 08:45:19,EKB-0079,Екатеринбург,product_view,,0,organic,web
2026-06-16 08:47:32,MSK-0054,Москва,visit,,0,organic,android
2026-06-16 08:51:10,MSK-0127,Москва,visit,,0,ads,web
2026-06-16 08:53:24,SPB-0056,Санкт-Петербург,visit,,0,ads,ios
2026-06-16 08:53:26,KZN-0030,Казань,visit,,0,ads,android
2026-06-16 08:54:16,KZN-0101,Казань,visit,,0,referral,ios
2026-06-16 08:54:55,EKB-0025,Екатеринбург,visit,,0,ads,android
2026-06-16 08:55:41,KZN-0087,Казань,product_view,,0,organic,web
2026-06-16 08:56:03,SPB-0056,Санкт-Петербург,product_view,,0,ads,ios
2026-06-16 08:59:26,KZN-0101,Казань,product_view,,0,referral,ios
2026-06-16 09:03:08,SPB-0201,Санкт-Петербург,visit,,0,organic,web
2026-06-16 09:06:40,KZN-0030,Казань,product_view,,0,ads,android
2026-06-16 09:10:11,SPB-0127,Санкт-Петербург,visit,,0,organic,android
2026-06-16 09:13:08,EKB-0098,Екатеринбург,visit,,0,referral,web
2026-06-16 09:13:38,SPB-0166,Санкт-Петербург,visit,,0,organic,android
2026-06-16 09:16:14,MSK-0139,Москва,product_view,,0,organic,ios
2026-06-16 09:17:11,MSK-0127,Москва,product_view,,0,ads,web
2026-06-16 09:18:12,NSK-0076,Новосибирск,visit,,0,ads,ios
2026-06-16 09:19:31,MSK-0205,Москва,visit,,0,organic,ios
2026-06-16 09:24:42,SPB-0131,Санкт-Петербург,visit,,0,organic,ios
2026-06-16 09:31:52,MSK-0205,Москва,product_view,,0,organic,ios
2026-06-16 09:33:20,SPB-0201,Санкт-Петербург,product_view,,0,organic,web
2026-06-16 09:34:32,SPB-0201,Санкт-Петербург,product_view,,0,organic,web
2026-06-16 09:39:55,EKB-0015,Екатеринбург,visit,,0,organic,ios
2026-06-16 09:45:40,NSK-0098,Новосибирск,visit,,0,ads,ios
2026-06-16 09:52:23,MSK-0237,Москва,visit,,0,ads,web
2026-06-16 09:54:01,EKB-0015,Екатеринбург,product_view,,0,organic,ios
2026-06-16 09:54:26,EKB-0042,Екатеринбург,visit,,0,ads,ios
2026-06-16 09:55:36,EKB-0028,Екатеринбург,visit,,0,referral,android
2026-06-16 09:56:35,SPB-0157,Санкт-Петербург,visit,,0,organic,android
2026-06-16 09:57:08,MSK-0055,Москва,visit,,0,ads,android
2026-06-16 09:57:11,EKB-0015,Екатеринбург,product_view,,0,organic,ios
2026-06-16 09:59:28,SPB-0136,Санкт-Петербург,visit,,0,ads,ios
2026-06-16 10:00:55,EKB-0010,Екатеринбург,purchase,ORD-000606,370.00,ads,web
2026-06-16 10:06:31,KZN-0070,Казань,visit,,0,ads,android
2026-06-16 10:07:41,SPB-0135,Санкт-Петербург,visit,,0,referral,android
2026-06-16 10:08:32,MSK-0237,Москва,product_view,,0,ads,web
2026-06-16 10:12:25,MSK-0057,Москва,purchase,ORD-000579,880.00,referral,android
2026-06-16 10:12:57,MSK-0237,Москва,product_view,,0,ads,web
2026-06-16 10:16:06,SPB-0157,Санкт-Петербург,product_view,,0,organic,android
2026-06-16 10:19:17,MSK-0272,Москва,visit,,0,ads,android
2026-06-16 10:29:15,MSK-0272,Москва,product_view,,0,ads,android
2026-06-16 10:30:04,EKB-0042,Екатеринбург,product_view,,0,ads,ios
2026-06-16 10:30:05,KZN-0127,Казань,visit,,0,referral,web
2026-06-16 10:31:28,NSK-0012,Новосибирск,visit,,0,organic,android
2026-06-16 10:32:52,NSK-0064,Новосибирск,visit,,0,organic,android
2026-06-16 10:38:04,SPB-0135,Санкт-Петербург,product_view,,0,referral,android
2026-06-16 10:38:48,EKB-0037,Екатеринбург,visit,,0,organic,ios
2026-06-16 10:39:07,KZN-0070,Казань,product_view,,0,ads,android
2026-06-16 10:40:13,EKB-0023,Екатеринбург,visit,,0,organic,ios
2026-06-16 10:41:17,MSK-0072,Москва,purchase,ORD-000574,880.00,organic,android
2026-06-16 10:44:26,MSK-0005,Москва,visit,,0,referral,ios
2026-06-16 10:48:38,MSK-0005,Москва,product_view,,0,referral,ios
2026-06-16 10:50:14,MSK-0091,Москва,visit,,0,organic,android
2026-06-16 10:51:12,MSK-0041,Москва,visit,,0,referral,android
2026-06-16 10:53:48,NSK-0088,Новосибирск,visit,,0,organic,web
2026-06-16 10:54:32,KZN-0001,Казань,visit,,0,organic,web
2026-06-16 10:54:38,SPB-0152,Санкт-Петербург,visit,,0,ads,web
2026-06-16 10:57:11,NSK-0012,Новосибирск,product_view,,0,organic,android
2026-06-16 10:57:58,EKB-0023,Екатеринбург,product_view,,0,organic,ios
2026-06-16 10:58:08,SPB-0022,Санкт-Петербург,visit,,0,organic,ios
2026-06-16 11:01:27,EKB-0071,Екатеринбург,visit,,0,organic,web
2026-06-16 11:02:52,MSK-0046,Москва,purchase,ORD-000569,230.00,ads,android
2026-06-16 11:04:45,KZN-0016,Казань,visit,,0,organic,ios
2026-06-16 11:05:15,SPB-0053,Санкт-Петербург,visit,,0,organic,android
2026-06-16 11:12:39,KZN-0020,Казань,visit,,0,ads,ios
2026-06-16 11:13:35,NSK-0088,Новосибирск,product_view,,0,organic,web
2026-06-16 11:13:56,KZN-0001,Казань,product_view,,0,organic,web
2026-06-16 11:14:56,SPB-0022,Санкт-Петербург,product_view,,0,organic,ios
2026-06-16 11:16:29,SPB-0152,Санкт-Петербург,product_view,,0,ads,web
2026-06-16 11:17:34,SPB-0029,Санкт-Петербург,purchase,ORD-000593,220.00,referral,ios
2026-06-16 11:18:59,KZN-0043,Казань,visit,,0,ads,ios
2026-06-16 11:20:04,MSK-0062,Москва,purchase,ORD-000583,320.00,organic,android
2026-06-16 11:21:07,EKB-0007,Екатеринбург,visit,,0,organic,android
2026-06-16 11:21:56,NSK-0020,Новосибирск,visit,,0,organic,android
2026-06-16 11:22:06,NSK-0050,Новосибирск,visit,,0,ads,web
2026-06-16 11:23:06,MSK-0185,Москва,visit,,0,ads,ios
2026-06-16 11:23:10,EKB-0055,Екатеринбург,visit,,0,referral,ios
2026-06-16 11:24:07,SPB-0022,Санкт-Петербург,product_view,,0,organic,ios
2026-06-16 11:24:29,KZN-0003,Казань,visit,,0,ads,web
2026-06-16 11:25:34,MSK-0041,Москва,product_view,,0,referral,android
2026-06-16 11:32:53,NSK-0086,Новосибирск,visit,,0,organic,android
2026-06-16 11:34:06,KZN-0016,Казань,product_view,,0,organic,ios
2026-06-16 11:37:09,KZN-0020,Казань,product_view,,0,ads,ios
2026-06-16 11:39:40,NSK-0014,Новосибирск,visit,,0,organic,ios
2026-06-16 11:41:07,MSK-0065,Москва,visit,,0,organic,web
2026-06-16 11:41:41,NSK-0050,Новосибирск,product_view,,0,ads,web
2026-06-16 11:44:55,SPB-0020,Санкт-Петербург,visit,,0,ads,ios
2026-06-16 11:47:43,EKB-0023,Екатеринбург,purchase,ORD-000605,630.00,organic,ios
2026-06-16 11:50:57,EKB-0106,Екатеринбург,visit,,0,organic,android
2026-06-16 11:51:46,NSK-0020,Новосибирск,product_view,,0,organic,android
2026-06-16 11:56:14,KZN-0121,Казань,visit,,0,organic,ios
2026-06-16 11:58:39,EKB-0010,Екатеринбург,visit,,0,ads,web
2026-06-16 11:59:06,KZN-0121,Казань,product_view,,0,organic,ios
2026-06-16 12:00:56,KZN-0003,Казань,product_view,,0,ads,web
2026-06-16 12:01:40,KZN-0052,Казань,visit,,0,organic,android
2026-06-16 12:02:40,MSK-0209,Москва,visit,,0,organic,web
2026-06-16 12:03:47,MSK-0103,Москва,visit,,0,ads,android
2026-06-16 12:04:44,EKB-0010,Екатеринбург,product_view,,0,ads,web
2026-06-16 12:05:27,NSK-0014,Новосибирск,product_view,,0,organic,ios
2026-06-16 12:06:14,KZN-0052,Казань,product_view,,0,organic,android
2026-06-16 12:08:18,SPB-0020,Санкт-Петербург,product_view,,0,ads,ios
2026-06-16 12:08:25,MSK-0072,Москва,visit,,0,organic,android
2026-06-16 12:08:30,MSK-0065,Москва,product_view,,0,organic,web
2026-06-16 12:10:09,MSK-0102,Москва,visit,,0,referral,android
2026-06-16 12:11:26,KZN-0121,Казань,product_view,,0,organic,ios
2026-06-16 12:16:09,SPB-0029,Санкт-Петербург,visit,,0,referral,ios
2026-06-16 12:29:10,KZN-0010,Казань,purchase,ORD-000594,300.00,ads,android
2026-06-16 12:29:22,NSK-0003,Новосибирск,visit,,0,ads,ios
2026-06-16 12:29:28,SPB-0129,Санкт-Петербург,visit,,0,ads,android
2026-06-16 12:31:39,SPB-0192,Санкт-Петербург,visit,,0,organic,web
2026-06-16 12:32:58,MSK-0028,Москва,purchase,ORD-000581,590.00,referral,android
2026-06-16 12:39:57,SPB-0192,Санкт-Петербург,product_view,,0,organic,web
2026-06-16 12:43:44,KZN-0059,Казань,visit,,0,organic,ios
2026-06-16 12:43:52,MSK-0129,Москва,visit,,0,ads,ios
2026-06-16 12:44:52,SPB-0029,Санкт-Петербург,product_view,,0,referral,ios
2026-06-16 12:44:56,MSK-0072,Москва,product_view,,0,organic,android
2026-06-16 12:45:38,EKB-0107,Екатеринбург,visit,,0,ads,android
2026-06-16 12:47:54,NSK-0003,Новосибирск,product_view,,0,ads,ios
2026-06-16 12:49:34,MSK-0062,Москва,visit,,0,organic,android
2026-06-16 12:50:14,KZN-0050,Казань,visit,,0,organic,web
2026-06-16 12:51:19,KZN-0010,Казань,visit,,0,ads,android
2026-06-16 12:59:06,MSK-0062,Москва,product_view,,0,organic,android
2026-06-16 13:01:12,SPB-0014,Санкт-Петербург,visit,,0,organic,web
2026-06-16 13:01:26,MSK-0040,Москва,visit,,0,ads,android
2026-06-16 13:03:22,MSK-0129,Москва,product_view,,0,ads,ios
2026-06-16 13:03:58,KZN-0050,Казань,product_view,,0,organic,web
2026-06-16 13:04:01,KZN-0010,Казань,product_view,,0,ads,android
2026-06-16 13:04:22,SPB-0006,Санкт-Петербург,visit,,0,referral,ios
2026-06-16 13:05:05,SPB-0050,Санкт-Петербург,visit,,0,organic,web
2026-06-16 13:05:21,EKB-0107,Екатеринбург,product_view,,0,ads,android
2026-06-16 13:09:10,MSK-0040,Москва,product_view,,0,ads,android
2026-06-16 13:10:22,KZN-0059,Казань,product_view,,0,organic,ios
2026-06-16 13:10:47,MSK-0017,Москва,visit,,0,organic,web
2026-06-16 13:11:30,KZN-0035,Казань,purchase,ORD-000599,260.00,organic,android
2026-06-16 13:11:53,KZN-0111,Казань,visit,,0,organic,ios
2026-06-16 13:13:34,SPB-0014,Санкт-Петербург,product_view,,0,organic,web
2026-06-16 13:14:12,MSK-0060,Москва,purchase,ORD-000577,230.00,organic,ios
2026-06-16 13:17:24,EKB-0107,Екатеринбург,product_view,,0,ads,android
2026-06-16 13:18:31,KZN-0010,Казань,product_view,,0,ads,android
2026-06-16 13:21:34,SPB-0006,Санкт-Петербург,product_view,,0,referral,ios
2026-06-16 13:22:51,MSK-0062,Москва,product_view,,0,organic,android
2026-06-16 13:30:59,NSK-0014,Новосибирск,purchase,ORD-000609,540.00,organic,ios
2026-06-16 13:37:08,MSK-0109,Москва,visit,,0,ads,android
2026-06-16 13:37:38,NSK-0016,Новосибирск,visit,,0,referral,android
2026-06-16 13:39:50,KZN-0035,Казань,visit,,0,organic,android
2026-06-16 13:41:20,MSK-0017,Москва,product_view,,0,organic,web
2026-06-16 13:42:24,KZN-0035,Казань,product_view,,0,organic,android
2026-06-16 13:43:41,KZN-0034,Казань,visit,,0,referral,web
2026-06-16 13:46:30,EKB-0040,Екатеринбург,visit,,0,organic,android
2026-06-16 13:48:55,MSK-0140,Москва,visit,,0,organic,ios
2026-06-16 13:49:12,MSK-0275,Москва,visit,,0,ads,android
2026-06-16 13:50:37,SPB-0003,Санкт-Петербург,purchase,ORD-000590,270.00,organic,ios
2026-06-16 13:53:28,MSK-0009,Москва,purchase,ORD-000578,670.00,organic,ios
2026-06-16 13:53:40,MSK-0109,Москва,product_view,,0,ads,android
2026-06-16 13:55:07,NSK-0016,Новосибирск,product_view,,0,referral,android
2026-06-16 14:01:56,EKB-0048,Екатеринбург,visit,,0,ads,android
2026-06-16 14:02:14,MSK-0140,Москва,product_view,,0,organic,ios
2026-06-16 14:02:39,SPB-0085,Санкт-Петербург,visit,,0,ads,android
2026-06-16 14:03:36,MSK-0027,Москва,visit,,0,organic,web
2026-06-16 14:06:04,KZN-0013,Казань,visit,,0,ads,android
2026-06-16 14:09:11,KZN-0034,Казань,product_view,,0,referral,web
2026-06-16 14:11:56,NSK-0016,Новосибирск,product_view,,0,referral,android
2026-06-16 14:12:35,EKB-0030,Екатеринбург,visit,,0,organic,ios
2026-06-16 14:14:14,MSK-0266,Москва,visit,,0,organic,ios
2026-06-16 14:15:40,EKB-0048,Екатеринбург,product_view,,0,ads,android
2026-06-16 14:20:45,MSK-0235,Москва,visit,,0,organic,android
2026-06-16 14:21:24,MSK-0027,Москва,product_view,,0,organic,web
2026-06-16 14:21:40,SPB-0137,Санкт-Петербург,visit,,0,referral,android
2026-06-16 14:22:56,MSK-0140,Москва,product_view,,0,organic,ios
2026-06-16 14:27:29,KZN-0020,Казань,purchase,ORD-000601,300.00,ads,ios
2026-06-16 14:28:56,EKB-0048,Екатеринбург,product_view,,0,ads,android
2026-06-16 14:29:18,SPB-0079,Санкт-Петербург,visit,,0,ads,android
2026-06-16 14:30:51,SPB-0085,Санкт-Петербург,product_view,,0,ads,android
2026-06-16 14:35:18,MSK-0046,Москва,visit,,0,ads,android
2026-06-16 14:39:29,MSK-0235,Москва,product_view,,0,organic,android
2026-06-16 14:43:50,NSK-0085,Новосибирск,visit,,0,organic,ios
2026-06-16 14:47:58,SPB-0019,Санкт-Петербург,visit,,0,ads,android
2026-06-16 14:49:08,MSK-0008,Москва,visit,,0,organic,android
2026-06-16 14:49:28,SPB-0027,Санкт-Петербург,visit,,0,organic,android
2026-06-16 14:49:51,SPB-0019,Санкт-Петербург,product_view,,0,ads,android
2026-06-16 14:51:27,NSK-0085,Новосибирск,product_view,,0,organic,ios
2026-06-16 14:54:57,SPB-0146,Санкт-Петербург,visit,,0,organic,android
2026-06-16 14:56:23,SPB-0137,Санкт-Петербург,product_view,,0,referral,android
2026-06-16 14:56:50,EKB-0027,Екатеринбург,purchase,ORD-000603,630.00,organic,ios
2026-06-16 15:01:08,MSK-0097,Москва,visit,,0,ads,web
2026-06-16 15:02:42,MSK-0200,Москва,visit,,0,organic,ios
2026-06-16 15:03:13,MSK-0187,Москва,visit,,0,organic,web
2026-06-16 15:03:32,MSK-0240,Москва,visit,,0,organic,ios
2026-06-16 15:03:46,MSK-0008,Москва,product_view,,0,organic,android
2026-06-16 15:03:51,MSK-0046,Москва,product_view,,0,ads,android
2026-06-16 15:04:35,MSK-0009,Москва,visit,,0,organic,ios
2026-06-16 15:05:39,SPB-0027,Санкт-Петербург,product_view,,0,organic,android
2026-06-16 15:09:18,MSK-0097,Москва,product_view,,0,ads,web
2026-06-16 15:11:05,MSK-0187,Москва,product_view,,0,organic,web
2026-06-16 15:11:08,SPB-0018,Санкт-Петербург,purchase,ORD-000584,430.00,organic,web
2026-06-16 15:16:48,SPB-0025,Санкт-Петербург,visit,,0,ads,ios
2026-06-16 15:21:45,KZN-0134,Казань,visit,,0,organic,ios
2026-06-16 15:22:18,SPB-0027,Санкт-Петербург,product_view,,0,organic,android
2026-06-16 15:22:27,MSK-0187,Москва,product_view,,0,organic,web
2026-06-16 15:26:59,KZN-0047,Казань,visit,,0,organic,ios
2026-06-16 15:33:12,KZN-0106,Казань,visit,,0,organic,ios
2026-06-16 15:34:55,MSK-0009,Москва,product_view,,0,organic,ios
2026-06-16 15:40:52,MSK-0005,Москва,purchase,ORD-000575,270.00,referral,ios
2026-06-16 15:41:04,SPB-0200,Санкт-Петербург,visit,,0,organic,web
2026-06-16 15:41:39,SPB-0025,Санкт-Петербург,product_view,,0,ads,ios
2026-06-16 15:41:55,SPB-0020,Санкт-Петербург,purchase,ORD-000585,220.00,ads,ios
2026-06-16 15:42:19,EKB-0014,Екатеринбург,purchase,ORD-000602,410.00,organic,android
2026-06-16 15:44:43,MSK-0282,Москва,visit,,0,ads,android
2026-06-16 15:49:13,SPB-0138,Санкт-Петербург,visit,,0,referral,ios
2026-06-16 15:50:26,EKB-0013,Екатеринбург,visit,,0,organic,android
2026-06-16 16:03:31,SPB-0200,Санкт-Петербург,product_view,,0,organic,web
2026-06-16 16:06:50,SPB-0014,Санкт-Петербург,purchase,ORD-000586,270.00,organic,web
2026-06-16 16:08:02,EKB-0013,Екатеринбург,product_view,,0,organic,android
2026-06-16 16:10:18,EKB-0013,Екатеринбург,product_view,,0,organic,android
2026-06-16 16:13:32,SPB-0164,Санкт-Петербург,visit,,0,organic,android
2026-06-16 16:17:08,MSK-0282,Москва,product_view,,0,ads,android
2026-06-16 16:20:25,NSK-0002,Новосибирск,purchase,ORD-000608,400.00,organic,android
2026-06-16 16:20:51,MSK-0282,Москва,product_view,,0,ads,android
2026-06-16 16:21:21,KZN-0081,Казань,visit,,0,referral,android
2026-06-16 16:22:00,MSK-0087,Москва,visit,,0,organic,android
2026-06-16 16:23:50,SPB-0211,Санкт-Петербург,visit,,0,organic,ios
2026-06-16 16:26:34,KZN-0028,Казань,purchase,ORD-000596,340.00,organic,web
2026-06-16 16:28:26,MSK-0257,Москва,visit,,0,organic,ios
2026-06-16 16:30:21,SPB-0164,Санкт-Петербург,product_view,,0,organic,android
2026-06-16 16:30:27,MSK-0063,Москва,visit,,0,organic,web
2026-06-16 16:33:41,EKB-0056,Екатеринбург,visit,,0,organic,android
2026-06-16 16:34:28,SPB-0211,Санкт-Петербург,product_view,,0,organic,ios
2026-06-16 16:39:38,MSK-0112,Москва,visit,,0,organic,android
2026-06-16 16:41:11,SPB-0044,Санкт-Петербург,visit,,0,organic,ios
2026-06-16 16:41:51,NSK-0081,Новосибирск,visit,,0,referral,android
2026-06-16 16:41:53,SPB-0185,Санкт-Петербург,visit,,0,organic,android
2026-06-16 16:44:26,MSK-0028,Москва,visit,,0,referral,android
2026-06-16 16:44:51,KZN-0081,Казань,product_view,,0,referral,android
2026-06-16 16:46:42,SPB-0104,Санкт-Петербург,visit,,0,referral,ios
2026-06-16 16:47:33,SPB-0164,Санкт-Петербург,product_view,,0,organic,android
2026-06-16 16:53:45,SPB-0141,Санкт-Петербург,visit,,0,organic,android
2026-06-16 16:56:15,SPB-0211,Санкт-Петербург,product_view,,0,organic,ios
2026-06-16 16:58:53,MSK-0028,Москва,product_view,,0,referral,android
2026-06-16 17:01:46,MSK-0112,Москва,product_view,,0,organic,android
2026-06-16 17:02:41,NSK-0081,Новосибирск,product_view,,0,referral,android
2026-06-16 17:05:36,MSK-0063,Москва,product_view,,0,organic,web
2026-06-16 17:07:02,EKB-0056,Екатеринбург,product_view,,0,organic,android
2026-06-16 17:10:03,EKB-0056,Екатеринбург,product_view,,0,organic,android
2026-06-16 17:10:53,MSK-0028,Москва,product_view,,0,referral,android
2026-06-16 17:11:38,SPB-0102,Санкт-Петербург,visit,,0,organic,ios
2026-06-16 17:14:36,SPB-0170,Санкт-Петербург,visit,,0,organic,ios
2026-06-16 17:15:28,SPB-0022,Санкт-Петербург,purchase,ORD-000591,270.00,organic,ios
2026-06-16 17:17:44,SPB-0044,Санкт-Петербург,product_view,,0,organic,ios
2026-06-16 17:23:06,NSK-0020,Новосибирск,purchase,ORD-000611,290.00,organic,android
2026-06-16 17:23:30,NSK-0002,Новосибирск,visit,,0,organic,android
2026-06-16 17:27:38,MSK-0130,Москва,visit,,0,organic,ios
2026-06-16 17:28:13,MSK-0017,Москва,purchase,ORD-000580,230.00,organic,web
2026-06-16 17:29:05,NSK-0002,Новосибирск,product_view,,0,organic,android
2026-06-16 17:30:07,MSK-0224,Москва,visit,,0,organic,ios
2026-06-16 17:31:00,SPB-0170,Санкт-Петербург,product_view,,0,organic,ios
2026-06-16 17:35:26,NSK-0033,Новосибирск,visit,,0,ads,web
2026-06-16 17:39:17,EKB-0014,Екатеринбург,visit,,0,organic,android
2026-06-16 17:40:16,NSK-0016,Новосибирск,purchase,ORD-000607,250.00,referral,android
2026-06-16 17:41:44,MSK-0180,Москва,visit,,0,organic,ios
2026-06-16 17:42:22,NSK-0082,Новосибирск,visit,,0,referral,android
2026-06-16 17:44:11,EKB-0014,Екатеринбург,product_view,,0,organic,android
2026-06-16 17:44:47,NSK-0082,Новосибирск,product_view,,0,referral,android
2026-06-16 17:45:25,MSK-0130,Москва,product_view,,0,organic,ios
2026-06-16 17:48:38,MSK-0110,Москва,visit,,0,organic,ios
2026-06-16 17:50:18,MSK-0025,Москва,visit,,0,organic,android
2026-06-16 17:52:37,NSK-0011,Новосибирск,visit,,0,organic,ios
2026-06-16 17:56:15,NSK-0011,Новосибирск,product_view,,0,organic,ios
2026-06-16 18:00:23,MSK-0180,Москва,product_view,,0,organic,ios
2026-06-16 18:00:43,MSK-0180,Москва,product_view,,0,organic,ios
2026-06-16 18:05:41,MSK-0130,Москва,product_view,,0,organic,ios
2026-06-16 18:06:43,MSK-0288,Москва,visit,,0,ads,android
2026-06-16 18:06:44,SPB-0204,Санкт-Петербург,visit,,0,ads,ios
2026-06-16 18:07:41,MSK-0249,Москва,visit,,0,ads,ios
2026-06-16 18:10:20,MSK-0044,Москва,visit,,0,organic,ios
2026-06-16 18:10:28,MSK-0023,Москва,visit,,0,organic,android
2026-06-16 18:10:39,MSK-0057,Москва,visit,,0,referral,android
2026-06-16 18:11:16,KZN-0132,Казань,visit,,0,organic,android
2026-06-16 18:12:36,MSK-0052,Москва,visit,,0,organic,android
2026-06-16 18:13:39,MSK-0044,Москва,product_view,,0,organic,ios
2026-06-16 18:17:11,SPB-0095,Санкт-Петербург,visit,,0,organic,android
2026-06-16 18:20:06,MSK-0057,Москва,product_view,,0,referral,android
2026-06-16 18:21:45,EKB-0014,Екатеринбург,product_view,,0,organic,android
2026-06-16 18:27:03,MSK-0052,Москва,product_view,,0,organic,android
2026-06-16 18:32:51,MSK-0060,Москва,visit,,0,organic,ios
2026-06-16 18:33:51,MSK-0027,Москва,purchase,ORD-000573,320.00,organic,web
2026-06-16 18:34:01,MSK-0023,Москва,product_view,,0,organic,android
2026-06-16 18:35:17,SPB-0018,Санкт-Петербург,visit,,0,organic,web
2026-06-16 18:43:30,KZN-0028,Казань,visit,,0,organic,web
2026-06-16 18:44:50,MSK-0060,Москва,product_view,,0,organic,ios
2026-06-16 18:45:19,MSK-0060,Москва,purchase,ORD-000576,1160.00,organic,ios
2026-06-16 18:48:55,MSK-0233,Москва,visit,,0,ads,android
2026-06-16 18:49:30,SPB-0073,Санкт-Петербург,visit,,0,ads,web
2026-06-16 18:54:56,KZN-0028,Казань,product_view,,0,organic,web
2026-06-16 18:56:11,SPB-0162,Санкт-Петербург,visit,,0,organic,ios
2026-06-16 18:56:12,SPB-0018,Санкт-Петербург,product_view,,0,organic,web
2026-06-16 18:56:13,SPB-0018,Санкт-Петербург,product_view,,0,organic,web
2026-06-16 19:02:26,SPB-0019,Санкт-Петербург,purchase,ORD-000588,310.00,ads,android
2026-06-16 19:08:18,SPB-0073,Санкт-Петербург,product_view,,0,ads,web
2026-06-16 19:11:02,KZN-0003,Казань,purchase,ORD-000595,300.00,ads,web
2026-06-16 19:11:04,SPB-0162,Санкт-Петербург,product_view,,0,organic,ios
2026-06-16 19:12:12,MSK-0233,Москва,product_view,,0,ads,android
2026-06-16 19:14:16,MSK-0060,Москва,product_view,,0,organic,ios
2026-06-16 19:18:00,EKB-0013,Екатеринбург,purchase,ORD-000604,410.00,organic,android
2026-06-16 19:20:25,KZN-0016,Казань,purchase,ORD-000598,260.00,organic,ios
2026-06-16 19:38:25,KZN-0028,Казань,purchase,ORD-000597,300.00,organic,web
2026-06-16 19:40:47,SPB-0029,Санкт-Петербург,purchase,ORD-000592,350.00,referral,ios
2026-06-16 19:47:36,MSK-0044,Москва,purchase,ORD-000571,270.00,organic,ios
2026-06-16 19:55:16,SPB-0044,Санкт-Петербург,purchase,ORD-000589,430.00,organic,ios
2026-06-16 20:11:55,KZN-0035,Казань,purchase,ORD-000600,340.00,organic,android
2026-06-16 20:28:05,NSK-0020,Новосибирск,purchase,ORD-000610,330.00,organic,android
2026-06-16 21:13:34,MSK-0044,Москва,purchase,ORD-000572,360.00,organic,ios
2026-06-16 21:44:14,MSK-0028,Москва,purchase,ORD-000582,320.00,referral,android
2026-06-16 21:49:46,MSK-0023,Москва,purchase,ORD-000570,400.00,organic,android
2026-06-16 21:56:48,SPB-0025,Санкт-Петербург,purchase,ORD-000587,650.00,ads,ios
2026-06-17 02:17:21,TEST-KZN-0017,Казань,purchase,TEST-00017,120.00,test,ios
2026-06-17 02:47:28,TEST-KZN-0047,Казань,purchase,TEST-00047,120.00,test,web
2026-06-17 03:17:26,TEST-KZN-0077,Казань,purchase,TEST-00077,120.00,test,android
2026-06-17 03:47:37,TEST-KZN-0107,Казань,purchase,TEST-00107,120.00,test,android
2026-06-17 08:12:51,KZN-0139,Казань,visit,,0,organic,android
2026-06-17 08:16:48,EKB-0007,Екатеринбург,visit,,0,organic,android
2026-06-17 08:19:21,KZN-0139,Казань,product_view,,0,organic,android
2026-06-17 08:20:31,MSK-0087,Москва,visit,,0,organic,android
2026-06-17 08:24:08,SPB-0015,Санкт-Петербург,visit,,0,organic,android
2026-06-17 08:26:56,KZN-0083,Казань,visit,,0,ads,ios
2026-06-17 08:29:39,MSK-0023,Москва,visit,,0,organic,android
2026-06-17 08:29:50,EKB-0007,Екатеринбург,product_view,,0,organic,android
2026-06-17 08:31:55,MSK-0017,Москва,visit,,0,organic,web
2026-06-17 08:34:10,MSK-0256,Москва,visit,,0,organic,web
2026-06-17 08:34:16,SPB-0217,Санкт-Петербург,visit,,0,ads,ios
2026-06-17 08:34:27,SPB-0015,Санкт-Петербург,product_view,,0,organic,android
2026-06-17 08:36:27,EKB-0007,Екатеринбург,product_view,,0,organic,android
2026-06-17 08:41:56,KZN-0032,Казань,visit,,0,organic,ios
2026-06-17 08:49:34,MSK-0017,Москва,product_view,,0,organic,web
2026-06-17 08:54:21,KZN-0001,Казань,visit,,0,organic,web
2026-06-17 08:56:05,MSK-0017,Москва,product_view,,0,organic,web
2026-06-17 08:56:58,MSK-0087,Москва,product_view,,0,organic,android
2026-06-17 08:57:49,SPB-0015,Санкт-Петербург,product_view,,0,organic,android
2026-06-17 09:01:56,NSK-0066,Новосибирск,visit,,0,ads,ios
2026-06-17 09:04:03,KZN-0032,Казань,product_view,,0,organic,ios
2026-06-17 09:05:34,NSK-0066,Новосибирск,product_view,,0,ads,ios
2026-06-17 09:05:56,SPB-0122,Санкт-Петербург,visit,,0,referral,android
2026-06-17 09:09:27,EKB-0020,Екатеринбург,visit,,0,ads,ios
2026-06-17 09:11:51,EKB-0018,Екатеринбург,visit,,0,organic,ios
2026-06-17 09:11:56,KZN-0032,Казань,product_view,,0,organic,ios
2026-06-17 09:14:11,NSK-0068,Новосибирск,visit,,0,organic,web
2026-06-17 09:15:09,NSK-0038,Новосибирск,visit,,0,organic,ios
2026-06-17 09:15:41,SPB-0122,Санкт-Петербург,product_view,,0,referral,android
2026-06-17 09:19:27,NSK-0038,Новосибирск,product_view,,0,organic,ios
2026-06-17 09:20:11,KZN-0001,Казань,product_view,,0,organic,web
2026-06-17 09:21:14,SPB-0098,Санкт-Петербург,visit,,0,organic,android
2026-06-17 09:25:33,SPB-0036,Санкт-Петербург,visit,,0,organic,ios
2026-06-17 09:26:44,MSK-0195,Москва,visit,,0,organic,ios
2026-06-17 09:27:16,KZN-0008,Казань,visit,,0,organic,android
2026-06-17 09:30:10,SPB-0119,Санкт-Петербург,visit,,0,organic,android
2026-06-17 09:30:43,MSK-0016,Москва,visit,,0,ads,ios
2026-06-17 09:30:45,SPB-0052,Санкт-Петербург,visit,,0,organic,android
2026-06-17 09:31:20,MSK-0055,Москва,visit,,0,ads,android
2026-06-17 09:35:36,EKB-0020,Екатеринбург,product_view,,0,ads,ios
2026-06-17 09:36:39,KZN-0117,Казань,visit,,0,ads,ios
2026-06-17 09:36:42,EKB-0113,Екатеринбург,visit,,0,organic,android
2026-06-17 09:41:35,SPB-0135,Санкт-Петербург,visit,,0,referral,android
2026-06-17 09:42:44,MSK-0124,Москва,visit,,0,referral,android
2026-06-17 09:43:31,EKB-0018,Екатеринбург,product_view,,0,organic,ios
2026-06-17 09:44:13,NSK-0086,Новосибирск,visit,,0,organic,android
2026-06-17 09:48:28,SPB-0052,Санкт-Петербург,product_view,,0,organic,android
2026-06-17 09:52:16,KZN-0086,Казань,visit,,0,organic,ios
2026-06-17 09:52:19,KZN-0033,Казань,visit,,0,organic,ios
2026-06-17 09:54:14,MSK-0016,Москва,product_view,,0,ads,ios
2026-06-17 09:56:45,MSK-0051,Москва,visit,,0,organic,android
2026-06-17 10:00:09,SPB-0037,Санкт-Петербург,visit,,0,referral,web
2026-06-17 10:01:02,KZN-0014,Казань,purchase,ORD-000636,300.00,organic,android
2026-06-17 10:02:24,SPB-0135,Санкт-Петербург,product_view,,0,referral,android
2026-06-17 10:02:33,KZN-0037,Казань,visit,,0,organic,android
2026-06-17 10:02:42,SPB-0094,Санкт-Петербург,visit,,0,referral,android
2026-06-17 10:03:48,SPB-0119,Санкт-Петербург,product_view,,0,organic,android
2026-06-17 10:04:56,MSK-0124,Москва,product_view,,0,referral,android
2026-06-17 10:05:21,SPB-0094,Санкт-Петербург,product_view,,0,referral,android
2026-06-17 10:07:05,KZN-0117,Казань,product_view,,0,ads,ios
2026-06-17 10:07:06,NSK-0086,Новосибирск,product_view,,0,organic,android
2026-06-17 10:07:13,MSK-0145,Москва,visit,,0,organic,ios
2026-06-17 10:10:31,MSK-0267,Москва,visit,,0,organic,ios
2026-06-17 10:10:51,MSK-0051,Москва,product_view,,0,organic,android
2026-06-17 10:11:25,MSK-0269,Москва,visit,,0,referral,android
2026-06-17 10:14:18,SPB-0037,Санкт-Петербург,product_view,,0,referral,web
2026-06-17 10:14:29,KZN-0092,Казань,visit,,0,organic,android
2026-06-17 10:18:43,SPB-0002,Санкт-Петербург,visit,,0,referral,android
2026-06-17 10:21:51,SPB-0031,Санкт-Петербург,visit,,0,ads,android
2026-06-17 10:23:16,MSK-0012,Москва,purchase,ORD-000622,230.00,ads,ios
2026-06-17 10:24:03,SPB-0037,Санкт-Петербург,product_view,,0,referral,web
2026-06-17 10:28:29,KZN-0086,Казань,product_view,,0,organic,ios
2026-06-17 10:30:04,SPB-0031,Санкт-Петербург,product_view,,0,ads,android
2026-06-17 10:33:20,MSK-0020,Москва,visit,,0,ads,android
2026-06-17 10:33:23,MSK-0039,Москва,visit,,0,referral,android
2026-06-17 10:33:29,MSK-0145,Москва,product_view,,0,organic,ios
2026-06-17 10:36:16,MSK-0020,Москва,product_view,,0,ads,android
2026-06-17 10:39:30,MSK-0271,Москва,visit,,0,organic,android
2026-06-17 10:40:55,EKB-0092,Екатеринбург,visit,,0,ads,web
2026-06-17 10:41:30,MSK-0269,Москва,product_view,,0,referral,android
2026-06-17 10:46:26,SPB-0028,Санкт-Петербург,visit,,0,ads,web
2026-06-17 10:46:55,KZN-0092,Казань,product_view,,0,organic,android
2026-06-17 10:48:26,MSK-0239,Москва,visit,,0,ads,ios
2026-06-17 10:48:41,MSK-0142,Москва,visit,,0,organic,android
2026-06-17 10:49:19,SPB-0151,Санкт-Петербург,visit,,0,organic,ios
2026-06-17 10:50:21,KZN-0114,Казань,visit,,0,organic,ios
2026-06-17 10:50:54,SPB-0002,Санкт-Петербург,product_view,,0,referral,android
2026-06-17 10:51:57,SPB-0204,Санкт-Петербург,visit,,0,ads,ios
2026-06-17 10:53:12,EKB-0023,Екатеринбург,visit,,0,organic,ios
2026-06-17 10:58:16,MSK-0020,Москва,product_view,,0,ads,android
2026-06-17 10:58:28,MSK-0113,Москва,visit,,0,organic,android
2026-06-17 10:58:46,SPB-0039,Санкт-Петербург,purchase,ORD-000625,570.00,organic,web
2026-06-17 11:05:43,KZN-0080,Казань,visit,,0,organic,android
2026-06-17 11:06:20,KZN-0069,Казань,visit,,0,organic,android
2026-06-17 11:07:19,NSK-0045,Новосибирск,visit,,0,ads,ios
2026-06-17 11:09:38,MSK-0113,Москва,product_view,,0,organic,android
2026-06-17 11:11:03,NSK-0014,Новосибирск,visit,,0,organic,ios
2026-06-17 11:12:04,SPB-0151,Санкт-Петербург,product_view,,0,organic,ios
2026-06-17 11:12:57,EKB-0085,Екатеринбург,visit,,0,organic,ios
2026-06-17 11:13:18,MSK-0271,Москва,product_view,,0,organic,android
2026-06-17 11:14:05,EKB-0023,Екатеринбург,product_view,,0,organic,ios
2026-06-17 11:16:19,EKB-0043,Екатеринбург,visit,,0,organic,android
2026-06-17 11:16:28,MSK-0239,Москва,product_view,,0,ads,ios
2026-06-17 11:19:24,NSK-0045,Новосибирск,product_view,,0,ads,ios
2026-06-17 11:20:32,SPB-0202,Санкт-Петербург,visit,,0,organic,android
2026-06-17 11:21:42,SPB-0204,Санкт-Петербург,product_view,,0,ads,ios
2026-06-17 11:25:50,NSK-0027,Новосибирск,visit,,0,organic,web
2026-06-17 11:25:58,MSK-0239,Москва,product_view,,0,ads,ios
2026-06-17 11:27:22,MSK-0067,Москва,purchase,ORD-000617,590.00,ads,web
2026-06-17 11:27:49,MSK-0284,Москва,visit,,0,ads,ios
2026-06-17 11:28:05,KZN-0080,Казань,product_view,,0,organic,android
2026-06-17 11:28:15,NSK-0008,Новосибирск,visit,,0,organic,android
2026-06-17 11:39:42,KZN-0029,Казань,visit,,0,ads,ios
2026-06-17 11:39:48,NSK-0014,Новосибирск,product_view,,0,organic,ios
2026-06-17 11:41:52,MSK-0029,Москва,visit,,0,ads,ios
2026-06-17 11:45:40,NSK-0008,Новосибирск,product_view,,0,organic,android
2026-06-17 11:45:44,KZN-0051,Казань,visit,,0,organic,ios
2026-06-17 11:49:34,NSK-0027,Новосибирск,product_view,,0,organic,web
2026-06-17 11:50:09,EKB-0043,Екатеринбург,product_view,,0,organic,android
2026-06-17 11:51:25,EKB-0093,Екатеринбург,visit,,0,ads,android
2026-06-17 11:51:53,EKB-0021,Екатеринбург,purchase,ORD-000642,370.00,organic,android
2026-06-17 11:52:07,SPB-0007,Санкт-Петербург,visit,,0,organic,web
2026-06-17 11:54:03,KZN-0029,Казань,product_view,,0,ads,ios
2026-06-17 11:54:20,SPB-0007,Санкт-Петербург,product_view,,0,organic,web
2026-06-17 11:55:07,MSK-0129,Москва,visit,,0,ads,ios
2026-06-17 11:58:19,NSK-0082,Новосибирск,visit,,0,referral,android
2026-06-17 11:59:54,NSK-0027,Новосибирск,product_view,,0,organic,web
2026-06-17 12:06:38,MSK-0057,Москва,visit,,0,referral,android
2026-06-17 12:07:13,NSK-0094,Новосибирск,visit,,0,organic,ios
2026-06-17 12:08:28,KZN-0109,Казань,visit,,0,ads,ios
2026-06-17 12:08:58,KZN-0029,Казань,product_view,,0,ads,ios
2026-06-17 12:09:20,MSK-0057,Москва,product_view,,0,referral,android
2026-06-17 12:10:16,MSK-0029,Москва,product_view,,0,ads,ios
2026-06-17 12:14:28,MSK-0029,Москва,product_view,,0,ads,ios
2026-06-17 12:16:34,SPB-0007,Санкт-Петербург,product_view,,0,organic,web
2026-06-17 12:21:23,NSK-0082,Новосибирск,product_view,,0,referral,android
2026-06-17 12:25:32,KZN-0020,Казань,visit,,0,ads,ios
2026-06-17 12:26:07,EKB-0093,Екатеринбург,product_view,,0,ads,android
2026-06-17 12:37:36,SPB-0065,Санкт-Петербург,visit,,0,referral,web
2026-06-17 12:44:25,SPB-0035,Санкт-Петербург,visit,,0,ads,ios
2026-06-17 12:44:31,MSK-0165,Москва,visit,,0,organic,ios
2026-06-17 12:47:35,SPB-0003,Санкт-Петербург,visit,,0,organic,ios
2026-06-17 12:51:14,MSK-0041,Москва,visit,,0,referral,android
2026-06-17 12:55:01,MSK-0173,Москва,visit,,0,organic,android
2026-06-17 12:55:54,MSK-0131,Москва,visit,,0,ads,ios
2026-06-17 12:58:16,MSK-0005,Москва,visit,,0,referral,ios
2026-06-17 12:58:31,MSK-0131,Москва,product_view,,0,ads,ios
2026-06-17 12:58:48,MSK-0041,Москва,product_view,,0,referral,android
2026-06-17 12:59:11,MSK-0017,Москва,purchase,ORD-000612,320.00,organic,web
2026-06-17 13:03:24,MSK-0174,Москва,visit,,0,ads,ios
2026-06-17 13:04:35,SPB-0003,Санкт-Петербург,product_view,,0,organic,ios
2026-06-17 13:04:40,MSK-0041,Москва,product_view,,0,referral,android
2026-06-17 13:07:14,SPB-0003,Санкт-Петербург,product_view,,0,organic,ios
2026-06-17 13:08:55,MSK-0174,Москва,product_view,,0,ads,ios
2026-06-17 13:09:53,MSK-0173,Москва,product_view,,0,organic,android
2026-06-17 13:14:24,SPB-0021,Санкт-Петербург,visit,,0,organic,android
2026-06-17 13:16:15,NSK-0059,Новосибирск,visit,,0,ads,ios
2026-06-17 13:17:46,SPB-0179,Санкт-Петербург,visit,,0,organic,ios
2026-06-17 13:19:16,NSK-0007,Новосибирск,visit,,0,organic,ios
2026-06-17 13:20:02,MSK-0173,Москва,product_view,,0,organic,android
2026-06-17 13:22:07,KZN-0126,Казань,visit,,0,organic,ios
2026-06-17 13:23:18,SPB-0062,Санкт-Петербург,visit,,0,organic,web
2026-06-17 13:23:40,MSK-0066,Москва,visit,,0,organic,android
2026-06-17 13:24:29,SPB-0220,Санкт-Петербург,visit,,0,organic,ios
2026-06-17 13:24:52,EKB-0036,Екатеринбург,visit,,0,organic,ios
2026-06-17 13:28:46,SPB-0021,Санкт-Петербург,product_view,,0,organic,android
2026-06-17 13:33:04,NSK-0040,Новосибирск,visit,,0,referral,android
2026-06-17 13:34:48,MSK-0005,Москва,product_view,,0,referral,ios
2026-06-17 13:35:38,NSK-0059,Новосибирск,product_view,,0,ads,ios
2026-06-17 13:40:47,NSK-0059,Новосибирск,product_view,,0,ads,ios
2026-06-17 13:40:57,NSK-0007,Новосибирск,product_view,,0,organic,ios
2026-06-17 13:41:26,MSK-0290,Москва,visit,,0,referral,android
2026-06-17 13:42:00,MSK-0005,Москва,product_view,,0,referral,ios
2026-06-17 13:46:39,KZN-0135,Казань,visit,,0,organic,ios
2026-06-17 13:46:58,SPB-0021,Санкт-Петербург,product_view,,0,organic,android
2026-06-17 13:47:43,KZN-0126,Казань,product_view,,0,organic,ios
2026-06-17 13:48:18,SPB-0062,Санкт-Петербург,product_view,,0,organic,web
2026-06-17 13:51:33,MSK-0054,Москва,visit,,0,organic,android
2026-06-17 13:52:49,MSK-0252,Москва,visit,,0,organic,android
2026-06-17 13:57:19,SPB-0046,Санкт-Петербург,purchase,ORD-000627,310.00,organic,android
2026-06-17 13:59:58,EKB-0036,Екатеринбург,product_view,,0,organic,ios
2026-06-17 14:06:43,NSK-0083,Новосибирск,visit,,0,organic,web
2026-06-17 14:07:00,MSK-0290,Москва,product_view,,0,referral,android
2026-06-17 14:08:17,EKB-0004,Екатеринбург,visit,,0,ads,web
2026-06-17 14:13:19,MSK-0252,Москва,product_view,,0,organic,android
2026-06-17 14:13:42,NSK-0083,Новосибирск,product_view,,0,organic,web
2026-06-17 14:14:07,MSK-0257,Москва,visit,,0,organic,ios
2026-06-17 14:15:39,SPB-0115,Санкт-Петербург,visit,,0,ads,web
2026-06-17 14:16:24,MSK-0054,Москва,product_view,,0,organic,android
2026-06-17 14:17:41,SPB-0088,Санкт-Петербург,visit,,0,organic,web
2026-06-17 14:18:00,MSK-0054,Москва,product_view,,0,organic,android
2026-06-17 14:20:16,EKB-0004,Екатеринбург,product_view,,0,ads,web
2026-06-17 14:30:35,KZN-0042,Казань,visit,,0,organic,ios
2026-06-17 14:35:46,NSK-0083,Новосибирск,product_view,,0,organic,web
2026-06-17 14:36:52,SPB-0069,Санкт-Петербург,visit,,0,ads,ios
2026-06-17 14:38:47,MSK-0067,Москва,visit,,0,ads,web
2026-06-17 14:43:46,MSK-0257,Москва,product_view,,0,organic,ios
2026-06-17 14:46:47,MSK-0067,Москва,product_view,,0,ads,web
2026-06-17 14:48:50,SPB-0069,Санкт-Петербург,product_view,,0,ads,ios
2026-06-17 14:50:34,EKB-0061,Екатеринбург,visit,,0,ads,android
2026-06-17 14:50:55,KZN-0039,Казань,visit,,0,ads,android
2026-06-17 14:52:19,EKB-0090,Екатеринбург,visit,,0,organic,ios
2026-06-17 14:57:36,KZN-0029,Казань,purchase,ORD-000639,180.00,ads,ios
2026-06-17 14:59:28,MSK-0036,Москва,purchase,ORD-000616,1160.00,organic,ios
2026-06-17 14:59:59,SPB-0225,Санкт-Петербург,visit,,0,ads,web
2026-06-17 15:03:03,KZN-0042,Казань,product_view,,0,organic,ios
2026-06-17 15:03:47,SPB-0063,Санкт-Петербург,visit,,0,organic,android
2026-06-17 15:08:46,SPB-0016,Санкт-Петербург,visit,,0,referral,ios
2026-06-17 15:12:09,NSK-0008,Новосибирск,purchase,ORD-000646,210.00,organic,android
2026-06-17 15:14:29,EKB-0013,Екатеринбург,visit,,0,organic,android
2026-06-17 15:16:21,EKB-0013,Екатеринбург,product_view,,0,organic,android
2026-06-17 15:17:29,EKB-0080,Екатеринбург,visit,,0,organic,web
2026-06-17 15:18:45,EKB-0018,Екатеринбург,purchase,ORD-000645,250.00,organic,ios
2026-06-17 15:19:14,EKB-0090,Екатеринбург,product_view,,0,organic,ios
2026-06-17 15:20:18,SPB-0063,Санкт-Петербург,product_view,,0,organic,android
2026-06-17 15:21:30,MSK-0067,Москва,product_view,,0,ads,web
2026-06-17 15:22:32,KZN-0011,Казань,visit,,0,ads,android
2026-06-17 15:22:37,SPB-0016,Санкт-Петербург,product_view,,0,referral,ios
2026-06-17 15:25:32,EKB-0061,Екатеринбург,product_view,,0,ads,android
2026-06-17 15:25:36,EKB-0060,Екатеринбург,visit,,0,organic,ios
2026-06-17 15:32:53,MSK-0016,Москва,purchase,ORD-000624,270.00,ads,ios
2026-06-17 15:35:58,MSK-0012,Москва,visit,,0,ads,ios
2026-06-17 15:38:06,MSK-0012,Москва,product_view,,0,ads,ios
2026-06-17 15:39:45,MSK-0084,Москва,visit,,0,ads,ios
2026-06-17 15:42:41,EKB-0060,Екатеринбург,product_view,,0,organic,ios
2026-06-17 15:43:33,MSK-0040,Москва,visit,,0,ads,android
2026-06-17 15:44:58,MSK-0229,Москва,visit,,0,organic,ios
2026-06-17 15:45:36,SPB-0039,Санкт-Петербург,visit,,0,organic,web
2026-06-17 15:47:25,NSK-0043,Новосибирск,visit,,0,referral,web
2026-06-17 15:50:27,KZN-0011,Казань,product_view,,0,ads,android
2026-06-17 15:52:13,MSK-0084,Москва,product_view,,0,ads,ios
2026-06-17 15:52:29,MSK-0040,Москва,product_view,,0,ads,android
2026-06-17 15:56:13,SPB-0046,Санкт-Петербург,visit,,0,organic,android
2026-06-17 16:00:39,SPB-0046,Санкт-Петербург,product_view,,0,organic,android
2026-06-17 16:01:09,SPB-0222,Санкт-Петербург,visit,,0,referral,ios
2026-06-17 16:01:48,NSK-0043,Новосибирск,product_view,,0,referral,web
2026-06-17 16:06:28,SPB-0086,Санкт-Петербург,visit,,0,referral,android
2026-06-17 16:06:56,NSK-0026,Новосибирск,visit,,0,organic,android
2026-06-17 16:07:23,MSK-0020,Москва,purchase,ORD-000618,320.00,ads,android
2026-06-17 16:07:24,SPB-0106,Санкт-Петербург,visit,,0,referral,ios
2026-06-17 16:09:03,SPB-0084,Санкт-Петербург,visit,,0,organic,android
2026-06-17 16:09:13,NSK-0007,Новосибирск,purchase,ORD-000650,210.00,organic,ios
2026-06-17 16:12:05,SPB-0106,Санкт-Петербург,product_view,,0,referral,ios
2026-06-17 16:15:35,MSK-0181,Москва,visit,,0,ads,ios
2026-06-17 16:16:00,MSK-0204,Москва,visit,,0,referral,ios
2026-06-17 16:17:31,SPB-0039,Санкт-Петербург,product_view,,0,organic,web
2026-06-17 16:19:26,MSK-0012,Москва,product_view,,0,ads,ios
2026-06-17 16:21:31,NSK-0043,Новосибирск,product_view,,0,referral,web
2026-06-17 16:21:49,EKB-0076,Екатеринбург,visit,,0,ads,android
2026-06-17 16:22:14,NSK-0006,Новосибирск,purchase,ORD-000648,810.00,ads,ios
2026-06-17 16:23:16,MSK-0040,Москва,product_view,,0,ads,android
2026-06-17 16:23:28,SPB-0031,Санкт-Петербург,purchase,ORD-000634,220.00,ads,android
2026-06-17 16:25:20,SPB-0039,Санкт-Петербург,product_view,,0,organic,web
2026-06-17 16:26:24,MSK-0204,Москва,product_view,,0,referral,ios
2026-06-17 16:28:13,SPB-0086,Санкт-Петербург,product_view,,0,referral,android
2026-06-17 16:28:17,MSK-0181,Москва,product_view,,0,ads,ios
2026-06-17 16:29:15,SPB-0083,Санкт-Петербург,visit,,0,organic,ios
2026-06-17 16:31:18,MSK-0065,Москва,visit,,0,organic,web
2026-06-17 16:32:45,SPB-0143,Санкт-Петербург,visit,,0,organic,android
2026-06-17 16:35:41,SPB-0084,Санкт-Петербург,product_view,,0,organic,android
2026-06-17 16:37:13,NSK-0006,Новосибирск,visit,,0,ads,ios
2026-06-17 16:37:52,SPB-0003,Санкт-Петербург,purchase,ORD-000632,650.00,organic,ios
2026-06-17 16:38:01,KZN-0032,Казань,purchase,ORD-000637,220.00,organic,ios
2026-06-17 16:38:15,NSK-0026,Новосибирск,product_view,,0,organic,android
2026-06-17 16:38:34,EKB-0076,Екатеринбург,product_view,,0,ads,android
2026-06-17 16:46:57,SPB-0083,Санкт-Петербург,product_view,,0,organic,ios
2026-06-17 16:48:56,MSK-0223,Москва,visit,,0,organic,ios
2026-06-17 16:49:31,SPB-0086,Санкт-Петербург,product_view,,0,referral,android
2026-06-17 16:52:13,MSK-0078,Москва,visit,,0,organic,android
2026-06-17 16:59:31,SPB-0143,Санкт-Петербург,product_view,,0,organic,android
2026-06-17 17:00:02,MSK-0038,Москва,visit,,0,organic,android
2026-06-17 17:05:27,MSK-0085,Москва,visit,,0,organic,ios
2026-06-17 17:11:25,NSK-0095,Новосибирск,visit,,0,ads,ios
2026-06-17 17:11:34,MSK-0242,Москва,visit,,0,referral,android
2026-06-17 17:13:05,NSK-0006,Новосибирск,product_view,,0,ads,ios
2026-06-17 17:13:27,MSK-0041,Москва,purchase,ORD-000619,360.00,referral,android
2026-06-17 17:29:46,EKB-0111,Екатеринбург,visit,,0,organic,web
2026-06-17 17:29:50,MSK-0036,Москва,visit,,0,organic,ios
2026-06-17 17:30:18,SPB-0041,Санкт-Петербург,visit,,0,ads,web
2026-06-17 17:30:25,EKB-0106,Екатеринбург,visit,,0,organic,android
2026-06-17 17:32:11,MSK-0038,Москва,product_view,,0,organic,android
2026-06-17 17:37:39,SPB-0034,Санкт-Петербург,visit,,0,organic,android
2026-06-17 17:38:18,NSK-0095,Новосибирск,product_view,,0,ads,ios
2026-06-17 17:38:27,NSK-0017,Новосибирск,visit,,0,organic,android
2026-06-17 17:38:28,MSK-0036,Москва,purchase,ORD-000615,320.00,organic,ios
2026-06-17 17:41:06,SPB-0001,Санкт-Петербург,purchase,ORD-000629,270.00,referral,android
2026-06-17 17:42:35,MSK-0025,Москва,visit,,0,organic,android
2026-06-17 17:42:41,EKB-0111,Екатеринбург,product_view,,0,organic,web
2026-06-17 17:45:54,EKB-0021,Екатеринбург,visit,,0,organic,android
2026-06-17 17:46:11,EKB-0030,Екатеринбург,visit,,0,organic,ios
2026-06-17 17:46:14,SPB-0034,Санкт-Петербург,product_view,,0,organic,android
2026-06-17 17:49:07,SPB-0041,Санкт-Петербург,product_view,,0,ads,web
2026-06-17 17:52:54,EKB-0021,Екатеринбург,product_view,,0,organic,android
2026-06-17 17:54:56,SPB-0001,Санкт-Петербург,visit,,0,referral,android
2026-06-17 17:55:16,MSK-0025,Москва,product_view,,0,organic,android
2026-06-17 17:55:28,MSK-0025,Москва,product_view,,0,organic,android
2026-06-17 17:56:43,SPB-0198,Санкт-Петербург,visit,,0,referral,ios
2026-06-17 17:58:14,MSK-0036,Москва,product_view,,0,organic,ios
2026-06-17 17:59:56,MSK-0036,Москва,product_view,,0,organic,ios
2026-06-17 18:00:18,SPB-0034,Санкт-Петербург,product_view,,0,organic,android
2026-06-17 18:02:07,SPB-0032,Санкт-Петербург,visit,,0,organic,android
2026-06-17 18:03:49,NSK-0017,Новосибирск,product_view,,0,organic,android
2026-06-17 18:06:11,SPB-0032,Санкт-Петербург,product_view,,0,organic,android
2026-06-17 18:08:56,KZN-0035,Казань,visit,,0,organic,android
2026-06-17 18:09:49,MSK-0091,Москва,visit,,0,organic,android
2026-06-17 18:10:29,EKB-0107,Екатеринбург,visit,,0,ads,android
2026-06-17 18:10:49,SPB-0001,Санкт-Петербург,product_view,,0,referral,android
2026-06-17 18:13:31,MSK-0225,Москва,visit,,0,ads,ios
2026-06-17 18:13:45,SPB-0101,Санкт-Петербург,visit,,0,organic,web
2026-06-17 18:14:00,MSK-0202,Москва,visit,,0,organic,ios
2026-06-17 18:16:24,EKB-0107,Екатеринбург,product_view,,0,ads,android
2026-06-17 18:16:52,SPB-0037,Санкт-Петербург,purchase,ORD-000628,220.00,referral,web
2026-06-17 18:19:39,MSK-0091,Москва,product_view,,0,organic,android
2026-06-17 18:23:50,SPB-0001,Санкт-Петербург,product_view,,0,referral,android
2026-06-17 18:25:12,KZN-0014,Казань,visit,,0,organic,android
2026-06-17 18:25:49,SPB-0021,Санкт-Петербург,purchase,ORD-000633,220.00,organic,android
2026-06-17 18:27:12,NSK-0056,Новосибирск,visit,,0,ads,android
2026-06-17 18:31:04,KZN-0054,Казань,visit,,0,referral,ios
2026-06-17 18:31:28,MSK-0208,Москва,visit,,0,referral,ios
2026-06-17 18:32:33,SPB-0046,Санкт-Петербург,purchase,ORD-000626,220.00,organic,android
2026-06-17 18:32:48,KZN-0035,Казань,product_view,,0,organic,android
2026-06-17 18:34:48,MSK-0202,Москва,product_view,,0,organic,ios
2026-06-17 18:36:34,MSK-0058,Москва,purchase,ORD-000623,230.00,organic,web
2026-06-17 18:37:08,MSK-0003,Москва,visit,,0,referral,android
2026-06-17 18:37:20,KZN-0014,Казань,product_view,,0,organic,android
2026-06-17 18:38:52,MSK-0225,Москва,product_view,,0,ads,ios
2026-06-17 18:43:37,EKB-0014,Екатеринбург,visit,,0,organic,android
2026-06-17 18:44:04,MSK-0262,Москва,visit,,0,organic,web
2026-06-17 18:44:57,MSK-0280,Москва,visit,,0,referral,web
2026-06-17 18:45:26,EKB-0044,Екатеринбург,visit,,0,ads,android
2026-06-17 18:46:40,KZN-0019,Казань,visit,,0,organic,web
2026-06-17 18:48:20,MSK-0254,Москва,visit,,0,organic,ios
2026-06-17 18:49:25,NSK-0056,Новосибирск,product_view,,0,ads,android
2026-06-17 18:51:13,KZN-0021,Казань,visit,,0,ads,ios
2026-06-17 18:51:33,MSK-0262,Москва,product_view,,0,organic,web
2026-06-17 18:51:45,KZN-0035,Казань,product_view,,0,organic,android
2026-06-17 18:52:02,MSK-0058,Москва,visit,,0,organic,web
2026-06-17 18:54:05,MSK-0082,Москва,visit,,0,organic,android
2026-06-17 18:54:43,MSK-0091,Москва,product_view,,0,organic,android
2026-06-17 18:59:54,MSK-0072,Москва,visit,,0,organic,android
2026-06-17 19:01:03,KZN-0054,Казань,product_view,,0,referral,ios
2026-06-17 19:01:04,MSK-0072,Москва,product_view,,0,organic,android
2026-06-17 19:08:32,KZN-0021,Казань,product_view,,0,ads,ios
2026-06-17 19:09:38,MSK-0003,Москва,product_view,,0,referral,android
2026-06-17 19:13:29,MSK-0029,Москва,purchase,ORD-000614,760.00,ads,ios
2026-06-17 19:13:41,EKB-0044,Екатеринбург,product_view,,0,ads,android
2026-06-17 19:14:58,MSK-0058,Москва,product_view,,0,organic,web
2026-06-17 19:16:40,MSK-0280,Москва,product_view,,0,referral,web
2026-06-17 19:18:30,EKB-0004,Екатеринбург,purchase,ORD-000641,290.00,ads,web
2026-06-17 19:19:20,MSK-0280,Москва,product_view,,0,referral,web
2026-06-17 19:23:23,MSK-0058,Москва,product_view,,0,organic,web
2026-06-17 19:40:50,MSK-0072,Москва,product_view,,0,organic,android
2026-06-17 19:54:16,KZN-0001,Казань,purchase,ORD-000635,260.00,organic,web
2026-06-17 20:08:16,NSK-0014,Новосибирск,purchase,ORD-000649,360.00,organic,ios
2026-06-17 20:15:30,MSK-0005,Москва,purchase,ORD-000621,360.00,referral,ios
2026-06-17 20:44:08,EKB-0007,Екатеринбург,purchase,ORD-000643,330.00,organic,android
2026-06-17 21:06:39,KZN-0035,Казань,purchase,ORD-000638,380.00,organic,android
2026-06-17 21:06:52,EKB-0013,Екатеринбург,purchase,ORD-000644,290.00,organic,android
2026-06-17 21:34:52,KZN-0011,Казань,purchase,ORD-000640,340.00,ads,android
2026-06-17 21:40:29,MSK-0072,Москва,purchase,ORD-000613,880.00,organic,android
2026-06-17 21:41:41,SPB-0052,Санкт-Петербург,purchase,ORD-000630,270.00,organic,android
2026-06-17 21:42:09,SPB-0015,Санкт-Петербург,purchase,ORD-000631,350.00,organic,android
2026-06-17 21:48:32,MSK-0025,Москва,purchase,ORD-000620,360.00,organic,android
2026-06-17 21:57:51,NSK-0006,Новосибирск,purchase,ORD-000647,920.00,ads,ios
2026-06-18 02:18:57,TEST-KZN-0018,Казань,purchase,TEST-00018,130.00,test,android
2026-06-18 02:48:52,TEST-KZN-0048,Казань,purchase,TEST-00048,130.00,test,ios
2026-06-18 03:18:37,TEST-KZN-0078,Казань,purchase,TEST-00078,130.00,test,web
2026-06-18 03:48:03,TEST-KZN-0108,Казань,purchase,TEST-00108,130.00,test,web
2026-06-18 08:09:09,KZN-0134,Казань,visit,,0,organic,ios
2026-06-18 08:11:36,MSK-0283,Москва,visit,,0,ads,ios
2026-06-18 08:12:04,KZN-0035,Казань,visit,,0,organic,android
2026-06-18 08:12:32,MSK-0184,Москва,visit,,0,organic,web
2026-06-18 08:15:35,SPB-0010,Санкт-Петербург,visit,,0,organic,ios
2026-06-18 08:19:18,SPB-0010,Санкт-Петербург,product_view,,0,organic,ios
2026-06-18 08:26:46,KZN-0035,Казань,product_view,,0,organic,android
2026-06-18 08:27:10,SPB-0065,Санкт-Петербург,visit,,0,referral,web
2026-06-18 08:28:18,EKB-0103,Екатеринбург,visit,,0,ads,web
2026-06-18 08:32:44,MSK-0142,Москва,visit,,0,organic,android
2026-06-18 08:35:35,NSK-0075,Новосибирск,visit,,0,organic,web
2026-06-18 08:37:32,KZN-0035,Казань,product_view,,0,organic,android
2026-06-18 08:48:17,NSK-0015,Новосибирск,visit,,0,organic,web
2026-06-18 08:48:23,MSK-0070,Москва,visit,,0,organic,android
2026-06-18 08:50:44,NSK-0096,Новосибирск,visit,,0,ads,android
2026-06-18 08:55:40,MSK-0149,Москва,visit,,0,organic,android
2026-06-18 08:58:41,SPB-0172,Санкт-Петербург,visit,,0,referral,web
2026-06-18 09:00:52,MSK-0070,Москва,product_view,,0,organic,android
2026-06-18 09:02:21,NSK-0009,Новосибирск,visit,,0,ads,android
2026-06-18 09:05:58,NSK-0046,Новосибирск,visit,,0,organic,android
2026-06-18 09:06:38,MSK-0070,Москва,product_view,,0,organic,android
2026-06-18 09:08:32,NSK-0075,Новосибирск,product_view,,0,organic,web
2026-06-18 09:13:06,NSK-0015,Новосибирск,product_view,,0,organic,web
2026-06-18 09:16:02,NSK-0046,Новосибирск,product_view,,0,organic,android
2026-06-18 09:17:35,NSK-0096,Новосибирск,product_view,,0,ads,android
2026-06-18 09:18:07,MSK-0076,Москва,visit,,0,organic,web
2026-06-18 09:18:53,MSK-0177,Москва,visit,,0,organic,ios
2026-06-18 09:26:32,NSK-0096,Новосибирск,product_view,,0,ads,android
2026-06-18 09:27:19,SPB-0053,Санкт-Петербург,visit,,0,organic,android
2026-06-18 09:28:16,MSK-0149,Москва,product_view,,0,organic,android
2026-06-18 09:30:47,KZN-0061,Казань,visit,,0,ads,ios
2026-06-18 09:30:57,EKB-0106,Екатеринбург,visit,,0,organic,android
2026-06-18 09:30:58,NSK-0015,Новосибирск,product_view,,0,organic,web
2026-06-18 09:31:33,NSK-0009,Новосибирск,product_view,,0,ads,android
2026-06-18 09:31:43,MSK-0177,Москва,product_view,,0,organic,ios
2026-06-18 09:32:07,MSK-0145,Москва,visit,,0,organic,ios
2026-06-18 09:32:33,SPB-0011,Санкт-Петербург,visit,,0,ads,android
2026-06-18 09:32:47,EKB-0106,Екатеринбург,product_view,,0,organic,android
2026-06-18 09:34:49,MSK-0054,Москва,visit,,0,organic,android
2026-06-18 09:34:56,MSK-0060,Москва,visit,,0,organic,ios
2026-06-18 09:37:30,MSK-0060,Москва,product_view,,0,organic,ios
2026-06-18 09:39:40,NSK-0046,Новосибирск,product_view,,0,organic,android
2026-06-18 09:41:05,EKB-0106,Екатеринбург,product_view,,0,organic,android
2026-06-18 09:41:21,KZN-0061,Казань,product_view,,0,ads,ios
2026-06-18 09:41:48,KZN-0015,Казань,visit,,0,ads,android
2026-06-18 09:45:35,MSK-0023,Москва,visit,,0,organic,android
2026-06-18 09:49:08,MSK-0229,Москва,visit,,0,organic,ios
2026-06-18 09:49:18,SPB-0011,Санкт-Петербург,product_view,,0,ads,android
2026-06-18 09:53:08,MSK-0177,Москва,product_view,,0,organic,ios
2026-06-18 09:55:17,MSK-0054,Москва,product_view,,0,organic,android
2026-06-18 09:58:17,NSK-0077,Новосибирск,visit,,0,ads,ios
2026-06-18 09:58:24,NSK-0082,Новосибирск,visit,,0,referral,android
2026-06-18 09:59:11,EKB-0021,Екатеринбург,visit,,0,organic,android
2026-06-18 10:00:56,MSK-0025,Москва,visit,,0,organic,android
2026-06-18 10:03:33,NSK-0077,Новосибирск,product_view,,0,ads,ios
2026-06-18 10:03:58,KZN-0021,Казань,visit,,0,ads,ios
2026-06-18 10:04:43,NSK-0042,Новосибирск,visit,,0,ads,ios
2026-06-18 10:04:49,KZN-0114,Казань,visit,,0,organic,ios
2026-06-18 10:05:18,KZN-0015,Казань,product_view,,0,ads,android
2026-06-18 10:05:40,KZN-0020,Казань,purchase,ORD-000679,640.00,ads,ios
2026-06-18 10:07:56,MSK-0017,Москва,visit,,0,organic,web
2026-06-18 10:08:20,KZN-0114,Казань,product_view,,0,organic,ios
2026-06-18 10:09:55,KZN-0021,Казань,product_view,,0,ads,ios
2026-06-18 10:11:47,MSK-0025,Москва,product_view,,0,organic,android
2026-06-18 10:15:34,EKB-0118,Екатеринбург,visit,,0,ads,android
2026-06-18 10:16:32,MSK-0025,Москва,product_view,,0,organic,android
2026-06-18 10:18:01,KZN-0051,Казань,visit,,0,organic,ios
2026-06-18 10:18:17,MSK-0023,Москва,product_view,,0,organic,android
2026-06-18 10:23:14,EKB-0059,Екатеринбург,visit,,0,referral,web
2026-06-18 10:24:06,MSK-0048,Москва,visit,,0,ads,ios
2026-06-18 10:25:05,EKB-0004,Екатеринбург,visit,,0,ads,web
2026-06-18 10:25:21,MSK-0229,Москва,product_view,,0,organic,ios
2026-06-18 10:27:22,MSK-0165,Москва,visit,,0,organic,ios
2026-06-18 10:27:37,EKB-0118,Екатеринбург,product_view,,0,ads,android
2026-06-18 10:28:57,MSK-0017,Москва,product_view,,0,organic,web
2026-06-18 10:29:45,MSK-0023,Москва,product_view,,0,organic,android
2026-06-18 10:33:16,SPB-0121,Санкт-Петербург,visit,,0,organic,web
2026-06-18 10:34:30,MSK-0165,Москва,product_view,,0,organic,ios
2026-06-18 10:37:51,NSK-0015,Новосибирск,purchase,ORD-000690,170.00,organic,web
2026-06-18 10:40:00,MSK-0066,Москва,purchase,ORD-000662,670.00,organic,android
2026-06-18 10:41:00,MSK-0048,Москва,product_view,,0,ads,ios
2026-06-18 10:42:11,EKB-0041,Екатеринбург,visit,,0,ads,ios
2026-06-18 10:43:31,MSK-0048,Москва,product_view,,0,ads,ios
2026-06-18 10:45:34,EKB-0118,Екатеринбург,product_view,,0,ads,android
2026-06-18 10:46:27,EKB-0004,Екатеринбург,product_view,,0,ads,web
2026-06-18 10:49:30,KZN-0114,Казань,product_view,,0,organic,ios
2026-06-18 10:56:21,KZN-0006,Казань,visit,,0,organic,ios
2026-06-18 10:56:38,MSK-0147,Москва,visit,,0,organic,web
2026-06-18 10:59:57,SPB-0001,Санкт-Петербург,purchase,ORD-000666,310.00,referral,android
2026-06-18 11:04:09,MSK-0067,Москва,visit,,0,ads,web
2026-06-18 11:09:41,MSK-0179,Москва,visit,,0,referral,android
2026-06-18 11:11:16,KZN-0006,Казань,product_view,,0,organic,ios
2026-06-18 11:12:29,NSK-0010,Новосибирск,purchase,ORD-000688,920.00,ads,ios
2026-06-18 11:12:58,SPB-0036,Санкт-Петербург,visit,,0,organic,ios
2026-06-18 11:14:15,EKB-0041,Екатеринбург,product_view,,0,ads,ios
2026-06-18 11:17:56,SPB-0019,Санкт-Петербург,visit,,0,ads,android
2026-06-18 11:20:33,EKB-0010,Екатеринбург,purchase,ORD-000687,250.00,ads,web
2026-06-18 11:20:43,MSK-0042,Москва,purchase,ORD-000656,230.00,organic,web
2026-06-18 11:21:52,SPB-0012,Санкт-Петербург,visit,,0,organic,android
2026-06-18 11:24:55,SPB-0165,Санкт-Петербург,visit,,0,organic,ios
2026-06-18 11:24:57,MSK-0104,Москва,visit,,0,ads,ios
2026-06-18 11:32:45,NSK-0061,Новосибирск,visit,,0,ads,ios
2026-06-18 11:34:13,MSK-0067,Москва,product_view,,0,ads,web
2026-06-18 11:34:41,SPB-0165,Санкт-Петербург,product_view,,0,organic,ios
2026-06-18 11:36:24,MSK-0238,Москва,visit,,0,ads,android
2026-06-18 11:36:48,MSK-0067,Москва,product_view,,0,ads,web
2026-06-18 11:37:17,KZN-0023,Казань,visit,,0,organic,web
2026-06-18 11:38:02,MSK-0179,Москва,product_view,,0,referral,android
2026-06-18 11:40:57,SPB-0037,Санкт-Петербург,visit,,0,referral,web
2026-06-18 11:45:36,NSK-0061,Новосибирск,product_view,,0,ads,ios
2026-06-18 11:46:41,SPB-0012,Санкт-Петербург,product_view,,0,organic,android
2026-06-18 11:46:59,MSK-0044,Москва,visit,,0,organic,ios
2026-06-18 11:47:35,MSK-0230,Москва,visit,,0,ads,android
2026-06-18 11:52:49,KZN-0023,Казань,product_view,,0,organic,web
2026-06-18 11:56:23,EKB-0120,Екатеринбург,visit,,0,organic,web
2026-06-18 11:57:49,MSK-0036,Москва,visit,,0,organic,ios
2026-06-18 12:00:28,KZN-0023,Казань,product_view,,0,organic,web
2026-06-18 12:01:24,MSK-0029,Москва,visit,,0,ads,ios
2026-06-18 12:06:14,MSK-0036,Москва,product_view,,0,organic,ios
2026-06-18 12:07:15,KZN-0040,Казань,visit,,0,organic,android
2026-06-18 12:12:28,KZN-0068,Казань,visit,,0,ads,android
2026-06-18 12:16:11,MSK-0230,Москва,product_view,,0,ads,android
2026-06-18 12:16:59,MSK-0141,Москва,visit,,0,ads,android
2026-06-18 12:18:05,SPB-0040,Санкт-Петербург,visit,,0,referral,ios
2026-06-18 12:24:08,MSK-0073,Москва,purchase,ORD-000663,670.00,organic,android
2026-06-18 12:26:18,SPB-0099,Санкт-Петербург,visit,,0,organic,android
2026-06-18 12:31:07,KZN-0089,Казань,visit,,0,organic,android
2026-06-18 12:31:50,SPB-0040,Санкт-Петербург,product_view,,0,referral,ios
2026-06-18 12:32:10,MSK-0230,Москва,product_view,,0,ads,android
2026-06-18 12:33:18,EKB-0001,Екатеринбург,visit,,0,referral,ios
2026-06-18 12:35:14,MSK-0029,Москва,product_view,,0,ads,ios
2026-06-18 12:35:29,MSK-0073,Москва,visit,,0,organic,android
2026-06-18 12:36:38,EKB-0001,Екатеринбург,product_view,,0,referral,ios
2026-06-18 12:38:10,NSK-0010,Новосибирск,visit,,0,ads,ios
2026-06-18 12:39:09,SPB-0090,Санкт-Петербург,visit,,0,organic,android
2026-06-18 12:39:09,KZN-0044,Казань,visit,,0,ads,android
2026-06-18 12:40:45,SPB-0049,Санкт-Петербург,purchase,ORD-000674,310.00,organic,ios
2026-06-18 12:43:58,MSK-0141,Москва,product_view,,0,ads,android
2026-06-18 12:46:16,MSK-0089,Москва,visit,,0,organic,android
2026-06-18 12:46:49,SPB-0022,Санкт-Петербург,purchase,ORD-000669,270.00,organic,ios
2026-06-18 12:47:33,KZN-0118,Казань,visit,,0,referral,android
2026-06-18 12:50:26,MSK-0027,Москва,visit,,0,organic,web
2026-06-18 12:51:38,KZN-0089,Казань,product_view,,0,organic,android
2026-06-18 12:51:56,SPB-0040,Санкт-Петербург,product_view,,0,referral,ios
2026-06-18 12:53:07,SPB-0075,Санкт-Петербург,visit,,0,organic,android
2026-06-18 12:53:55,SPB-0218,Санкт-Петербург,visit,,0,organic,web
2026-06-18 12:54:10,KZN-0044,Казань,product_view,,0,ads,android
2026-06-18 12:55:16,KZN-0083,Казань,visit,,0,ads,ios
2026-06-18 13:01:46,KZN-0057,Казань,visit,,0,ads,android
2026-06-18 13:04:04,MSK-0073,Москва,product_view,,0,organic,android
2026-06-18 13:04:55,SPB-0218,Санкт-Петербург,product_view,,0,organic,web
2026-06-18 13:09:10,NSK-0010,Новосибирск,product_view,,0,ads,ios
2026-06-18 13:09:37,SPB-0075,Санкт-Петербург,product_view,,0,organic,android
2026-06-18 13:09:51,SPB-0080,Санкт-Петербург,visit,,0,organic,android
2026-06-18 13:10:54,MSK-0067,Москва,purchase,ORD-000659,360.00,ads,web
2026-06-18 13:11:38,SPB-0075,Санкт-Петербург,product_view,,0,organic,android
2026-06-18 13:14:45,NSK-0010,Новосибирск,product_view,,0,ads,ios
2026-06-18 13:15:57,SPB-0049,Санкт-Петербург,visit,,0,organic,ios
2026-06-18 13:16:03,MSK-0027,Москва,product_view,,0,organic,web
2026-06-18 13:18:01,MSK-0018,Москва,purchase,ORD-000651,320.00,ads,android
2026-06-18 13:19:18,MSK-0275,Москва,visit,,0,ads,android
2026-06-18 13:19:30,MSK-0269,Москва,visit,,0,referral,android
2026-06-18 13:21:16,KZN-0118,Казань,product_view,,0,referral,android
2026-06-18 13:21:52,KZN-0118,Казань,product_view,,0,referral,android
2026-06-18 13:25:38,EKB-0004,Екатеринбург,purchase,ORD-000684,180.00,ads,web
2026-06-18 13:26:40,KZN-0057,Казань,product_view,,0,ads,android
2026-06-18 13:27:53,SPB-0049,Санкт-Петербург,product_view,,0,organic,ios
2026-06-18 13:28:37,NSK-0068,Новосибирск,visit,,0,organic,web
2026-06-18 13:28:53,MSK-0004,Москва,purchase,ORD-000657,880.00,referral,ios
2026-06-18 13:32:59,SPB-0145,Санкт-Петербург,visit,,0,organic,android
2026-06-18 13:33:31,KZN-0023,Казань,purchase,ORD-000677,180.00,organic,web
2026-06-18 13:35:24,SPB-0205,Санкт-Петербург,visit,,0,organic,ios
2026-06-18 13:37:57,MSK-0066,Москва,visit,,0,organic,android
2026-06-18 13:39:09,MSK-0175,Москва,visit,,0,organic,web
2026-06-18 13:41:41,SPB-0106,Санкт-Петербург,visit,,0,referral,ios
2026-06-18 13:41:58,MSK-0054,Москва,purchase,ORD-000655,270.00,organic,android
2026-06-18 13:44:08,MSK-0066,Москва,product_view,,0,organic,android
2026-06-18 13:46:06,NSK-0005,Новосибирск,purchase,ORD-000689,610.00,referral,android
2026-06-18 13:48:22,SPB-0208,Санкт-Петербург,visit,,0,ads,web
2026-06-18 13:49:13,NSK-0025,Новосибирск,visit,,0,ads,android
2026-06-18 13:49:56,MSK-0139,Москва,visit,,0,organic,ios
2026-06-18 13:51:19,EKB-0045,Екатеринбург,visit,,0,organic,web
2026-06-18 13:51:38,SPB-0106,Санкт-Петербург,product_view,,0,referral,ios
2026-06-18 13:52:54,NSK-0005,Новосибирск,visit,,0,referral,android
2026-06-18 13:54:11,EKB-0013,Екатеринбург,visit,,0,organic,android
2026-06-18 13:55:30,MSK-0048,Москва,purchase,ORD-000653,440.00,ads,ios
2026-06-18 13:56:12,SPB-0216,Санкт-Петербург,visit,,0,ads,ios
2026-06-18 13:59:10,NSK-0068,Новосибирск,product_view,,0,organic,web
2026-06-18 14:00:10,SPB-0144,Санкт-Петербург,visit,,0,organic,web
2026-06-18 14:00:23,SPB-0208,Санкт-Петербург,product_view,,0,ads,web
2026-06-18 14:00:30,EKB-0045,Екатеринбург,product_view,,0,organic,web
2026-06-18 14:01:54,MSK-0163,Москва,visit,,0,organic,ios
2026-06-18 14:02:39,KZN-0098,Казань,visit,,0,organic,android
2026-06-18 14:04:33,SPB-0029,Санкт-Петербург,visit,,0,referral,ios
2026-06-18 14:05:10,SPB-0205,Санкт-Петербург,product_view,,0,organic,ios
2026-06-18 14:07:59,NSK-0005,Новосибирск,product_view,,0,referral,android
2026-06-18 14:08:24,SPB-0106,Санкт-Петербург,product_view,,0,referral,ios
2026-06-18 14:09:18,KZN-0072,Казань,visit,,0,organic,web
2026-06-18 14:09:29,EKB-0045,Екатеринбург,product_view,,0,organic,web
2026-06-18 14:11:40,NSK-0025,Новосибирск,product_view,,0,ads,android
2026-06-18 14:17:15,SPB-0029,Санкт-Петербург,product_view,,0,referral,ios
2026-06-18 14:18:06,MSK-0163,Москва,product_view,,0,organic,ios
2026-06-18 14:18:22,MSK-0115,Москва,visit,,0,referral,android
2026-06-18 14:20:18,KZN-0072,Казань,product_view,,0,organic,web
2026-06-18 14:20:28,MSK-0066,Москва,product_view,,0,organic,android
2026-06-18 14:21:22,MSK-0041,Москва,visit,,0,referral,android
2026-06-18 14:35:08,NSK-0066,Новосибирск,visit,,0,ads,ios
2026-06-18 14:35:11,MSK-0163,Москва,product_view,,0,organic,ios
2026-06-18 14:35:14,MSK-0079,Москва,visit,,0,ads,android
2026-06-18 14:38:24,SPB-0029,Санкт-Петербург,product_view,,0,referral,ios
2026-06-18 14:38:48,MSK-0006,Москва,purchase,ORD-000658,760.00,organic,web
2026-06-18 14:40:58,SPB-0178,Санкт-Петербург,visit,,0,referral,web
2026-06-18 14:41:26,KZN-0108,Казань,visit,,0,ads,android
2026-06-18 14:42:23,MSK-0134,Москва,visit,,0,ads,android
2026-06-18 14:44:33,SPB-0040,Санкт-Петербург,purchase,ORD-000671,310.00,referral,ios
2026-06-18 14:45:13,NSK-0001,Новосибирск,visit,,0,organic,android
2026-06-18 14:46:13,EKB-0051,Екатеринбург,visit,,0,ads,android
2026-06-18 14:49:13,MSK-0025,Москва,purchase,ORD-000664,360.00,organic,android
2026-06-18 14:50:25,MSK-0169,Москва,visit,,0,organic,android
2026-06-18 14:50:31,NSK-0001,Новосибирск,product_view,,0,organic,android
2026-06-18 14:53:18,SPB-0200,Санкт-Петербург,visit,,0,organic,web
2026-06-18 14:53:32,MSK-0244,Москва,visit,,0,ads,android
2026-06-18 14:53:43,SPB-0178,Санкт-Петербург,product_view,,0,referral,web
2026-06-18 14:55:26,NSK-0066,Новосибирск,product_view,,0,ads,ios
2026-06-18 14:56:25,MSK-0169,Москва,product_view,,0,organic,android
2026-06-18 14:58:31,MSK-0134,Москва,product_view,,0,ads,android
2026-06-18 14:59:40,SPB-0178,Санкт-Петербург,product_view,,0,referral,web
2026-06-18 14:59:51,SPB-0112,Санкт-Петербург,visit,,0,organic,ios
2026-06-18 15:06:26,SPB-0138,Санкт-Петербург,visit,,0,referral,ios
2026-06-18 15:07:52,MSK-0169,Москва,product_view,,0,organic,android
2026-06-18 15:13:52,KZN-0073,Казань,visit,,0,organic,android
2026-06-18 15:13:55,KZN-0091,Казань,visit,,0,referral,android
2026-06-18 15:18:03,MSK-0116,Москва,visit,,0,organic,android
2026-06-18 15:18:25,SPB-0112,Санкт-Петербург,product_view,,0,organic,ios
2026-06-18 15:19:50,KZN-0073,Казань,product_view,,0,organic,android
2026-06-18 15:23:02,MSK-0004,Москва,visit,,0,referral,ios
2026-06-18 15:28:40,SPB-0029,Санкт-Петербург,purchase,ORD-000665,390.00,referral,ios
2026-06-18 15:29:07,SPB-0200,Санкт-Петербург,product_view,,0,organic,web
2026-06-18 15:29:10,SPB-0138,Санкт-Петербург,product_view,,0,referral,ios
2026-06-18 15:31:48,KZN-0024,Казань,visit,,0,ads,ios
2026-06-18 15:32:14,MSK-0004,Москва,product_view,,0,referral,ios
2026-06-18 15:36:40,MSK-0015,Москва,visit,,0,organic,android
2026-06-18 15:37:11,SPB-0102,Санкт-Петербург,visit,,0,organic,ios
2026-06-18 15:40:29,EKB-0036,Екатеринбург,visit,,0,organic,ios
2026-06-18 15:41:32,NSK-0024,Новосибирск,visit,,0,organic,android
2026-06-18 15:43:35,NSK-0022,Новосибирск,visit,,0,organic,android
2026-06-18 15:44:15,MSK-0270,Москва,visit,,0,referral,android
2026-06-18 15:44:39,KZN-0024,Казань,product_view,,0,ads,ios
2026-06-18 15:45:24,NSK-0024,Новосибирск,product_view,,0,organic,android
2026-06-18 15:46:18,MSK-0122,Москва,visit,,0,organic,android
2026-06-18 15:47:45,MSK-0042,Москва,visit,,0,organic,web
2026-06-18 15:48:36,NSK-0052,Новосибирск,visit,,0,organic,android
2026-06-18 15:48:51,EKB-0017,Екатеринбург,visit,,0,organic,web
2026-06-18 15:49:17,KZN-0063,Казань,visit,,0,organic,ios
2026-06-18 15:50:19,MSK-0122,Москва,product_view,,0,organic,android
2026-06-18 15:51:38,SPB-0123,Санкт-Петербург,visit,,0,ads,ios
2026-06-18 15:54:09,SPB-0198,Санкт-Петербург,visit,,0,referral,ios
2026-06-18 15:56:38,KZN-0063,Казань,product_view,,0,organic,ios
2026-06-18 15:56:56,MSK-0015,Москва,product_view,,0,organic,android
2026-06-18 15:57:37,SPB-0026,Санкт-Петербург,visit,,0,organic,android
2026-06-18 15:58:57,NSK-0038,Новосибирск,visit,,0,organic,ios
2026-06-18 15:58:58,MSK-0062,Москва,visit,,0,organic,android
2026-06-18 16:02:46,MSK-0270,Москва,product_view,,0,referral,android
2026-06-18 16:03:05,EKB-0010,Екатеринбург,visit,,0,ads,web
2026-06-18 16:04:55,EKB-0017,Екатеринбург,product_view,,0,organic,web
2026-06-18 16:06:18,SPB-0198,Санкт-Петербург,product_view,,0,referral,ios
2026-06-18 16:06:36,NSK-0022,Новосибирск,product_view,,0,organic,android
2026-06-18 16:11:49,MSK-0042,Москва,product_view,,0,organic,web
2026-06-18 16:12:51,KZN-0024,Казань,product_view,,0,ads,ios
2026-06-18 16:17:45,MSK-0062,Москва,product_view,,0,organic,android
2026-06-18 16:18:53,EKB-0090,Екатеринбург,visit,,0,organic,ios
2026-06-18 16:18:55,EKB-0061,Екатеринбург,visit,,0,ads,android
2026-06-18 16:24:05,EKB-0010,Екатеринбург,product_view,,0,ads,web
2026-06-18 16:26:06,EKB-0110,Екатеринбург,visit,,0,organic,web
2026-06-18 16:26:30,SPB-0026,Санкт-Петербург,product_view,,0,organic,android
2026-06-18 16:27:49,SPB-0104,Санкт-Петербург,visit,,0,referral,ios
2026-06-18 16:28:50,MSK-0063,Москва,visit,,0,organic,web
2026-06-18 16:30:24,NSK-0038,Новосибирск,product_view,,0,organic,ios
2026-06-18 16:30:53,SPB-0184,Санкт-Петербург,visit,,0,referral,ios
2026-06-18 16:31:13,NSK-0060,Новосибирск,visit,,0,ads,web
2026-06-18 16:31:32,EKB-0090,Екатеринбург,product_view,,0,organic,ios
2026-06-18 16:31:35,MSK-0156,Москва,visit,,0,ads,android
2026-06-18 16:32:02,MSK-0192,Москва,visit,,0,referral,ios
2026-06-18 16:32:59,MSK-0063,Москва,product_view,,0,organic,web
2026-06-18 16:33:47,SPB-0026,Санкт-Петербург,product_view,,0,organic,android
2026-06-18 16:37:13,MSK-0279,Москва,visit,,0,ads,web
2026-06-18 16:37:46,EKB-0110,Екатеринбург,product_view,,0,organic,web
2026-06-18 16:38:04,EKB-0024,Екатеринбург,visit,,0,ads,android
2026-06-18 16:39:26,SPB-0182,Санкт-Петербург,visit,,0,referral,android
2026-06-18 16:39:45,MSK-0006,Москва,visit,,0,organic,web
2026-06-18 16:39:59,MSK-0202,Москва,visit,,0,organic,ios
2026-06-18 16:43:49,KZN-0055,Казань,visit,,0,organic,web
2026-06-18 16:44:38,EKB-0088,Екатеринбург,visit,,0,referral,android
2026-06-18 16:45:40,SPB-0014,Санкт-Петербург,visit,,0,organic,web
2026-06-18 16:48:00,SPB-0022,Санкт-Петербург,visit,,0,organic,ios
2026-06-18 16:48:44,MSK-0202,Москва,product_view,,0,organic,ios
2026-06-18 16:49:27,EKB-0110,Екатеринбург,product_view,,0,organic,web
2026-06-18 16:50:29,MSK-0156,Москва,product_view,,0,ads,android
2026-06-18 16:54:05,KZN-0111,Казань,visit,,0,organic,ios
2026-06-18 16:54:06,KZN-0010,Казань,visit,,0,ads,android
2026-06-18 16:57:15,EKB-0030,Екатеринбург,visit,,0,organic,ios
2026-06-18 16:57:43,MSK-0083,Москва,visit,,0,ads,android
2026-06-18 16:59:27,SPB-0022,Санкт-Петербург,product_view,,0,organic,ios
2026-06-18 17:01:06,SPB-0104,Санкт-Петербург,product_view,,0,referral,ios
2026-06-18 17:03:54,SPB-0049,Санкт-Петербург,purchase,ORD-000675,180.00,organic,ios
2026-06-18 17:04:47,MSK-0279,Москва,product_view,,0,ads,web
2026-06-18 17:05:35,EKB-0063,Екатеринбург,visit,,0,organic,android
2026-06-18 17:06:04,MSK-0192,Москва,product_view,,0,referral,ios
2026-06-18 17:06:46,SPB-0194,Санкт-Петербург,visit,,0,ads,android
2026-06-18 17:06:50,NSK-0001,Новосибирск,purchase,ORD-000691,290.00,organic,android
2026-06-18 17:07:26,MSK-0049,Москва,visit,,0,organic,android
2026-06-18 17:07:27,EKB-0030,Екатеринбург,product_view,,0,organic,ios
2026-06-18 17:08:08,MSK-0014,Москва,visit,,0,organic,android
2026-06-18 17:09:28,MSK-0006,Москва,product_view,,0,organic,web
2026-06-18 17:13:53,SPB-0001,Санкт-Петербург,visit,,0,referral,android
2026-06-18 17:15:11,MSK-0018,Москва,visit,,0,ads,android
2026-06-18 17:17:09,MSK-0006,Москва,product_view,,0,organic,web
2026-06-18 17:19:11,SPB-0014,Санкт-Петербург,product_view,,0,organic,web
2026-06-18 17:22:04,KZN-0006,Казань,purchase,ORD-000680,180.00,organic,ios
2026-06-18 17:24:27,EKB-0086,Екатеринбург,visit,,0,organic,web
2026-06-18 17:25:25,SPB-0058,Санкт-Петербург,visit,,0,referral,ios
2026-06-18 17:27:15,SPB-0022,Санкт-Петербург,product_view,,0,organic,ios
2026-06-18 17:28:09,SPB-0001,Санкт-Петербург,product_view,,0,referral,android
2026-06-18 17:29:42,MSK-0062,Москва,purchase,ORD-000654,590.00,organic,android
2026-06-18 17:32:38,EKB-0063,Екатеринбург,product_view,,0,organic,android
2026-06-18 17:33:50,EKB-0001,Екатеринбург,purchase,ORD-000685,250.00,referral,ios
2026-06-18 17:33:58,MSK-0204,Москва,visit,,0,referral,ios
2026-06-18 17:39:46,SPB-0194,Санкт-Петербург,product_view,,0,ads,android
2026-06-18 17:40:16,MSK-0018,Москва,product_view,,0,ads,android
2026-06-18 17:41:07,SPB-0042,Санкт-Петербург,visit,,0,organic,web
2026-06-18 17:41:53,EKB-0086,Екатеринбург,product_view,,0,organic,web
2026-06-18 17:48:05,KZN-0021,Казань,purchase,ORD-000678,220.00,ads,ios
2026-06-18 17:49:03,SPB-0058,Санкт-Петербург,product_view,,0,referral,ios
2026-06-18 17:50:12,MSK-0018,Москва,product_view,,0,ads,android
2026-06-18 17:53:51,KZN-0071,Казань,visit,,0,organic,android
2026-06-18 17:53:52,SPB-0027,Санкт-Петербург,visit,,0,organic,android
2026-06-18 17:55:54,KZN-0020,Казань,visit,,0,ads,ios
2026-06-18 17:59:35,MSK-0067,Москва,purchase,ORD-000660,1010.00,ads,web
2026-06-18 18:00:14,SPB-0011,Санкт-Петербург,purchase,ORD-000667,270.00,ads,android
2026-06-18 18:04:16,SPB-0059,Санкт-Петербург,visit,,0,ads,web
2026-06-18 18:04:33,SPB-0042,Санкт-Петербург,product_view,,0,organic,web
2026-06-18 18:06:09,NSK-0074,Новосибирск,visit,,0,ads,web
2026-06-18 18:07:24,SPB-0012,Санкт-Петербург,purchase,ORD-000672,220.00,organic,android
2026-06-18 18:09:27,SPB-0027,Санкт-Петербург,product_view,,0,organic,android
2026-06-18 18:12:58,SPB-0004,Санкт-Петербург,visit,,0,ads,android
2026-06-18 18:13:57,KZN-0020,Казань,product_view,,0,ads,ios
2026-06-18 18:14:28,MSK-0176,Москва,visit,,0,ads,android
2026-06-18 18:17:56,MSK-0035,Москва,visit,,0,organic,android
2026-06-18 18:24:51,SPB-0004,Санкт-Петербург,product_view,,0,ads,android
2026-06-18 18:25:07,EKB-0019,Екатеринбург,visit,,0,ads,android
2026-06-18 18:25:27,KZN-0060,Казань,visit,,0,referral,android
2026-06-18 18:27:50,KZN-0024,Казань,purchase,ORD-000681,180.00,ads,ios
2026-06-18 18:34:21,MSK-0036,Москва,purchase,ORD-000661,400.00,organic,ios
2026-06-18 18:35:54,EKB-0019,Екатеринбург,product_view,,0,ads,android
2026-06-18 18:38:37,KZN-0020,Казань,product_view,,0,ads,ios
2026-06-18 18:39:58,SPB-0059,Санкт-Петербург,product_view,,0,ads,web
2026-06-18 18:43:51,KZN-0035,Казань,purchase,ORD-000676,560.00,organic,android
2026-06-18 18:44:36,MSK-0176,Москва,product_view,,0,ads,android
2026-06-18 18:46:33,MSK-0159,Москва,visit,,0,organic,ios
2026-06-18 18:51:56,EKB-0047,Екатеринбург,visit,,0,ads,android
2026-06-18 18:53:47,SPB-0014,Санкт-Петербург,purchase,ORD-000670,180.00,organic,web
2026-06-18 18:53:57,EKB-0019,Екатеринбург,product_view,,0,ads,android
2026-06-18 18:54:57,SPB-0219,Санкт-Петербург,visit,,0,ads,android
2026-06-18 19:04:01,EKB-0010,Екатеринбург,purchase,ORD-000686,220.00,ads,web
2026-06-18 19:13:33,MSK-0159,Москва,product_view,,0,organic,ios
2026-06-18 19:30:24,SPB-0219,Санкт-Петербург,product_view,,0,ads,android
2026-06-18 19:36:30,MSK-0048,Москва,purchase,ORD-000652,400.00,ads,ios
2026-06-18 20:15:59,EKB-0030,Екатеринбург,purchase,ORD-000683,220.00,organic,ios
2026-06-18 20:26:14,EKB-0017,Екатеринбург,purchase,ORD-000682,820.00,organic,web
2026-06-18 21:10:14,SPB-0012,Санкт-Петербург,purchase,ORD-000673,980.00,organic,android
2026-06-18 21:33:28,SPB-0026,Санкт-Петербург,purchase,ORD-000668,220.00,organic,android
2026-06-19 02:19:37,TEST-KZN-0019,Казань,purchase,TEST-00019,140.00,test,android
2026-06-19 02:49:24,TEST-KZN-0049,Казань,purchase,TEST-00049,140.00,test,android
2026-06-19 03:19:34,TEST-KZN-0079,Казань,purchase,TEST-00079,140.00,test,web
2026-06-19 03:49:08,TEST-KZN-0109,Казань,purchase,TEST-00109,140.00,test,android
2026-06-19 08:05:20,SPB-0041,Санкт-Петербург,visit,,0,ads,web
2026-06-19 08:11:00,MSK-0286,Москва,visit,,0,organic,ios
2026-06-19 08:16:04,KZN-0125,Казань,visit,,0,organic,android
2026-06-19 08:20:06,EKB-0118,Екатеринбург,visit,,0,ads,android
2026-06-19 08:20:21,SPB-0199,Санкт-Петербург,visit,,0,referral,android
2026-06-19 08:29:26,KZN-0071,Казань,visit,,0,organic,android
2026-06-19 08:31:53,SPB-0013,Санкт-Петербург,visit,,0,organic,web
2026-06-19 08:33:38,MSK-0009,Москва,visit,,0,organic,ios
2026-06-19 08:34:43,EKB-0118,Екатеринбург,product_view,,0,ads,android
2026-06-19 08:36:35,MSK-0009,Москва,product_view,,0,organic,ios
2026-06-19 08:37:17,SPB-0101,Санкт-Петербург,visit,,0,organic,web
2026-06-19 08:40:14,EKB-0027,Екатеринбург,visit,,0,organic,ios
2026-06-19 08:44:08,EKB-0027,Екатеринбург,product_view,,0,organic,ios
2026-06-19 08:46:48,SPB-0101,Санкт-Петербург,product_view,,0,organic,web
2026-06-19 08:49:37,MSK-0140,Москва,visit,,0,organic,ios
2026-06-19 08:51:49,MSK-0009,Москва,product_view,,0,organic,ios
2026-06-19 08:52:05,MSK-0268,Москва,visit,,0,organic,ios
2026-06-19 08:52:54,MSK-0140,Москва,product_view,,0,organic,ios
2026-06-19 08:55:56,EKB-0069,Екатеринбург,visit,,0,referral,android
2026-06-19 08:56:45,MSK-0191,Москва,visit,,0,referral,ios
2026-06-19 08:59:35,KZN-0108,Казань,visit,,0,ads,android
2026-06-19 08:59:48,MSK-0191,Москва,product_view,,0,referral,ios
2026-06-19 09:00:12,KZN-0071,Казань,product_view,,0,organic,android
2026-06-19 09:01:52,SPB-0013,Санкт-Петербург,product_view,,0,organic,web
2026-06-19 09:03:14,SPB-0042,Санкт-Петербург,visit,,0,organic,web
2026-06-19 09:07:28,MSK-0200,Москва,visit,,0,organic,ios
2026-06-19 09:16:14,MSK-0266,Москва,visit,,0,organic,ios
2026-06-19 09:17:06,EKB-0069,Екатеринбург,product_view,,0,referral,android
2026-06-19 09:18:28,NSK-0043,Новосибирск,visit,,0,referral,web
2026-06-19 09:21:06,KZN-0028,Казань,visit,,0,organic,web
2026-06-19 09:21:11,SPB-0042,Санкт-Петербург,product_view,,0,organic,web
2026-06-19 09:22:29,MSK-0268,Москва,product_view,,0,organic,ios
2026-06-19 09:23:34,EKB-0004,Екатеринбург,visit,,0,ads,web
2026-06-19 09:25:48,MSK-0236,Москва,visit,,0,ads,web
2026-06-19 09:37:07,NSK-0043,Новосибирск,product_view,,0,referral,web
2026-06-19 09:37:25,NSK-0034,Новосибирск,visit,,0,ads,android
2026-06-19 09:38:22,SPB-0214,Санкт-Петербург,visit,,0,ads,ios
2026-06-19 09:39:57,MSK-0190,Москва,visit,,0,referral,ios
2026-06-19 09:40:32,MSK-0236,Москва,product_view,,0,ads,web
2026-06-19 09:41:34,MSK-0292,Москва,visit,,0,ads,ios
2026-06-19 09:44:49,SPB-0033,Санкт-Петербург,visit,,0,ads,ios
2026-06-19 09:45:07,EKB-0065,Екатеринбург,visit,,0,organic,android
2026-06-19 09:48:22,MSK-0083,Москва,visit,,0,ads,android
2026-06-19 09:52:02,MSK-0236,Москва,product_view,,0,ads,web
2026-06-19 09:52:29,KZN-0059,Казань,visit,,0,organic,ios
2026-06-19 09:56:09,MSK-0162,Москва,visit,,0,ads,ios
2026-06-19 09:56:50,SPB-0153,Санкт-Петербург,visit,,0,ads,android
2026-06-19 09:58:37,KZN-0047,Казань,visit,,0,organic,ios
2026-06-19 10:00:01,MSK-0039,Москва,purchase,ORD-000696,760.00,referral,android
2026-06-19 10:00:48,NSK-0073,Новосибирск,visit,,0,organic,android
2026-06-19 10:01:01,MSK-0292,Москва,product_view,,0,ads,ios
2026-06-19 10:02:10,SPB-0214,Санкт-Петербург,product_view,,0,ads,ios
2026-06-19 10:02:48,MSK-0092,Москва,visit,,0,referral,web
2026-06-19 10:06:13,MSK-0274,Москва,visit,,0,organic,ios
2026-06-19 10:09:25,MSK-0284,Москва,visit,,0,ads,ios
2026-06-19 10:10:07,KZN-0047,Казань,product_view,,0,organic,ios
2026-06-19 10:11:25,KZN-0051,Казань,visit,,0,organic,ios
2026-06-19 10:14:12,MSK-0009,Москва,purchase,ORD-000692,1160.00,organic,ios
2026-06-19 10:15:28,EKB-0065,Екатеринбург,product_view,,0,organic,android
2026-06-19 10:16:49,MSK-0284,Москва,product_view,,0,ads,ios
2026-06-19 10:17:58,KZN-0051,Казань,product_view,,0,organic,ios
2026-06-19 10:18:41,MSK-0162,Москва,product_view,,0,ads,ios
2026-06-19 10:24:09,SPB-0153,Санкт-Петербург,product_view,,0,ads,android
2026-06-19 10:28:15,MSK-0064,Москва,visit,,0,ads,ios
2026-06-19 10:29:32,NSK-0027,Новосибирск,visit,,0,organic,web
2026-06-19 10:29:52,EKB-0094,Екатеринбург,visit,,0,organic,android
2026-06-19 10:30:44,NSK-0076,Новосибирск,visit,,0,ads,ios
2026-06-19 10:30:47,EKB-0065,Екатеринбург,product_view,,0,organic,android
2026-06-19 10:31:24,KZN-0047,Казань,product_view,,0,organic,ios
2026-06-19 10:33:29,NSK-0073,Новосибирск,product_view,,0,organic,android
2026-06-19 10:35:29,NSK-0073,Новосибирск,product_view,,0,organic,android
2026-06-19 10:37:28,MSK-0092,Москва,product_view,,0,referral,web
2026-06-19 10:37:33,NSK-0076,Новосибирск,product_view,,0,ads,ios
2026-06-19 10:38:46,MSK-0027,Москва,visit,,0,organic,web
2026-06-19 10:40:32,MSK-0226,Москва,visit,,0,organic,ios
2026-06-19 10:41:20,MSK-0274,Москва,product_view,,0,organic,ios
2026-06-19 10:45:52,NSK-0076,Новосибирск,product_view,,0,ads,ios
2026-06-19 10:48:20,NSK-0027,Новосибирск,product_view,,0,organic,web
2026-06-19 10:49:15,EKB-0094,Екатеринбург,product_view,,0,organic,android
2026-06-19 10:49:19,MSK-0027,Москва,purchase,ORD-000698,590.00,organic,web
2026-06-19 10:49:42,KZN-0070,Казань,visit,,0,ads,android
2026-06-19 10:51:00,KZN-0129,Казань,visit,,0,referral,android
2026-06-19 10:51:43,SPB-0172,Санкт-Петербург,visit,,0,referral,web
2026-06-19 10:52:04,MSK-0284,Москва,product_view,,0,ads,ios
2026-06-19 10:53:56,MSK-0183,Москва,visit,,0,referral,android
2026-06-19 10:54:25,MSK-0017,Москва,visit,,0,organic,web
2026-06-19 10:55:26,EKB-0062,Екатеринбург,visit,,0,organic,android
2026-06-19 10:56:21,MSK-0027,Москва,product_view,,0,organic,web
2026-06-19 10:57:39,MSK-0036,Москва,purchase,ORD-000695,760.00,organic,ios
2026-06-19 10:58:39,MSK-0010,Москва,purchase,ORD-000701,230.00,ads,android
2026-06-19 11:02:06,MSK-0027,Москва,product_view,,0,organic,web
2026-06-19 11:06:53,MSK-0014,Москва,visit,,0,organic,android
2026-06-19 11:07:07,SPB-0057,Санкт-Петербург,visit,,0,organic,android
2026-06-19 11:09:24,SPB-0007,Санкт-Петербург,purchase,ORD-000709,570.00,organic,web
2026-06-19 11:09:39,MSK-0226,Москва,product_view,,0,organic,ios
2026-06-19 11:10:15,SPB-0026,Санкт-Петербург,visit,,0,organic,android
2026-06-19 11:12:19,NSK-0054,Новосибирск,visit,,0,organic,ios
2026-06-19 11:17:00,MSK-0038,Москва,purchase,ORD-000705,360.00,organic,android
2026-06-19 11:17:21,MSK-0187,Москва,visit,,0,organic,web
2026-06-19 11:19:00,MSK-0053,Москва,purchase,ORD-000693,360.00,organic,ios
2026-06-19 11:20:00,MSK-0014,Москва,product_view,,0,organic,android
2026-06-19 11:25:23,NSK-0051,Новосибирск,visit,,0,ads,android
2026-06-19 11:26:55,MSK-0187,Москва,product_view,,0,organic,web
2026-06-19 11:27:39,MSK-0061,Москва,visit,,0,organic,android
2026-06-19 11:29:33,KZN-0014,Казань,visit,,0,organic,android
2026-06-19 11:29:40,MSK-0061,Москва,product_view,,0,organic,android
2026-06-19 11:31:52,NSK-0054,Новосибирск,product_view,,0,organic,ios
2026-06-19 11:33:03,EKB-0031,Екатеринбург,visit,,0,organic,ios
2026-06-19 11:33:59,MSK-0038,Москва,purchase,ORD-000704,1160.00,organic,android
2026-06-19 11:38:12,KZN-0110,Казань,visit,,0,ads,web
2026-06-19 11:38:42,SPB-0181,Санкт-Петербург,visit,,0,referral,web
2026-06-19 11:38:48,NSK-0051,Новосибирск,product_view,,0,ads,android
2026-06-19 11:39:40,SPB-0004,Санкт-Петербург,visit,,0,ads,android
2026-06-19 11:43:11,SPB-0004,Санкт-Петербург,product_view,,0,ads,android
2026-06-19 11:44:01,MSK-0187,Москва,product_view,,0,organic,web
2026-06-19 11:44:01,SPB-0026,Санкт-Петербург,product_view,,0,organic,android
2026-06-19 11:45:03,MSK-0293,Москва,visit,,0,ads,ios
2026-06-19 11:46:28,SPB-0103,Санкт-Петербург,visit,,0,referral,android
2026-06-19 11:50:13,MSK-0239,Москва,visit,,0,ads,ios
2026-06-19 11:50:32,EKB-0021,Екатеринбург,purchase,ORD-000726,220.00,organic,android
2026-06-19 11:53:05,KZN-0110,Казань,product_view,,0,ads,web
2026-06-19 11:54:54,SPB-0019,Санкт-Петербург,purchase,ORD-000715,310.00,ads,android
2026-06-19 11:55:08,SPB-0026,Санкт-Петербург,product_view,,0,organic,android
2026-06-19 11:58:37,MSK-0052,Москва,purchase,ORD-000703,230.00,organic,android
2026-06-19 11:58:37,SPB-0212,Санкт-Петербург,visit,,0,organic,android
2026-06-19 12:01:09,SPB-0212,Санкт-Петербург,product_view,,0,organic,android
2026-06-19 12:01:17,SPB-0017,Санкт-Петербург,visit,,0,organic,web
2026-06-19 12:02:34,SPB-0003,Санкт-Петербург,visit,,0,organic,ios
2026-06-19 12:03:45,SPB-0177,Санкт-Петербург,visit,,0,ads,ios
2026-06-19 12:05:08,KZN-0014,Казань,product_view,,0,organic,android
2026-06-19 12:05:52,KZN-0076,Казань,visit,,0,organic,web
2026-06-19 12:07:04,SPB-0103,Санкт-Петербург,product_view,,0,referral,android
2026-06-19 12:13:22,SPB-0200,Санкт-Петербург,visit,,0,organic,web
2026-06-19 12:14:12,MSK-0039,Москва,visit,,0,referral,android
2026-06-19 12:17:13,MSK-0293,Москва,product_view,,0,ads,ios
2026-06-19 12:20:11,MSK-0232,Москва,visit,,0,organic,ios
2026-06-19 12:20:24,KZN-0133,Казань,visit,,0,referral,android
2026-06-19 12:21:01,MSK-0070,Москва,purchase,ORD-000706,880.00,organic,android
2026-06-19 12:22:31,KZN-0076,Казань,product_view,,0,organic,web
2026-06-19 12:23:34,MSK-0093,Москва,visit,,0,organic,web
2026-06-19 12:23:45,SPB-0017,Санкт-Петербург,product_view,,0,organic,web
2026-06-19 12:24:14,MSK-0195,Москва,visit,,0,organic,ios
2026-06-19 12:25:35,MSK-0297,Москва,visit,,0,ads,android
2026-06-19 12:27:38,KZN-0035,Казань,visit,,0,organic,android
2026-06-19 12:30:49,MSK-0093,Москва,product_view,,0,organic,web
2026-06-19 12:34:51,SPB-0017,Санкт-Петербург,product_view,,0,organic,web
2026-06-19 12:35:56,SPB-0048,Санкт-Петербург,visit,,0,organic,android
2026-06-19 12:37:13,MSK-0195,Москва,product_view,,0,organic,ios
2026-06-19 12:38:40,KZN-0035,Казань,product_view,,0,organic,android
2026-06-19 12:41:45,MSK-0039,Москва,product_view,,0,referral,android
2026-06-19 12:47:27,KZN-0133,Казань,product_view,,0,referral,android
2026-06-19 12:48:02,MSK-0231,Москва,visit,,0,organic,android
2026-06-19 12:48:55,MSK-0039,Москва,product_view,,0,referral,android
2026-06-19 12:51:32,KZN-0133,Казань,product_view,,0,referral,android
2026-06-19 12:51:38,EKB-0026,Екатеринбург,purchase,ORD-000725,940.00,referral,android
2026-06-19 12:52:07,EKB-0059,Екатеринбург,visit,,0,referral,web
2026-06-19 12:55:16,SPB-0069,Санкт-Петербург,visit,,0,ads,ios
2026-06-19 13:02:26,KZN-0039,Казань,visit,,0,ads,android
2026-06-19 13:06:07,KZN-0008,Казань,purchase,ORD-000722,340.00,organic,android
2026-06-19 13:06:18,SPB-0055,Санкт-Петербург,visit,,0,ads,android
2026-06-19 13:06:21,SPB-0161,Санкт-Петербург,visit,,0,organic,android
2026-06-19 13:10:12,SPB-0048,Санкт-Петербург,product_view,,0,organic,android
2026-06-19 13:12:03,KZN-0004,Казань,visit,,0,organic,android
2026-06-19 13:12:32,SPB-0069,Санкт-Петербург,product_view,,0,ads,ios
2026-06-19 13:16:01,MSK-0231,Москва,product_view,,0,organic,android
2026-06-19 13:17:20,MSK-0111,Москва,visit,,0,organic,ios
2026-06-19 13:19:43,MSK-0065,Москва,visit,,0,organic,web
2026-06-19 13:20:31,MSK-0070,Москва,visit,,0,organic,android
2026-06-19 13:21:03,MSK-0299,Москва,visit,,0,organic,android
2026-06-19 13:22:55,MSK-0038,Москва,visit,,0,organic,android
2026-06-19 13:23:01,MSK-0065,Москва,product_view,,0,organic,web
2026-06-19 13:23:28,SPB-0053,Санкт-Петербург,visit,,0,organic,android
2026-06-19 13:24:05,KZN-0004,Казань,purchase,ORD-000718,340.00,organic,android
2026-06-19 13:24:18,NSK-0017,Новосибирск,visit,,0,organic,android
2026-06-19 13:27:30,KZN-0004,Казань,product_view,,0,organic,android
2026-06-19 13:27:50,MSK-0052,Москва,visit,,0,organic,android
2026-06-19 13:28:14,KZN-0039,Казань,product_view,,0,ads,android
2026-06-19 13:30:22,MSK-0036,Москва,visit,,0,organic,ios
2026-06-19 13:31:48,KZN-0105,Казань,visit,,0,organic,ios
2026-06-19 13:32:41,MSK-0065,Москва,product_view,,0,organic,web
2026-06-19 13:32:49,KZN-0018,Казань,purchase,ORD-000720,260.00,ads,android
2026-06-19 13:33:01,EKB-0061,Екатеринбург,visit,,0,ads,android
2026-06-19 13:33:36,NSK-0080,Новосибирск,visit,,0,ads,ios
2026-06-19 13:35:25,KZN-0004,Казань,product_view,,0,organic,android
2026-06-19 13:37:55,SPB-0053,Санкт-Петербург,product_view,,0,organic,android
2026-06-19 13:39:33,MSK-0052,Москва,product_view,,0,organic,android
2026-06-19 13:40:49,MSK-0070,Москва,product_view,,0,organic,android
2026-06-19 13:43:30,NSK-0063,Новосибирск,visit,,0,referral,android
2026-06-19 13:43:31,NSK-0017,Новосибирск,product_view,,0,organic,android
2026-06-19 13:43:46,MSK-0038,Москва,product_view,,0,organic,android
2026-06-19 13:45:21,SPB-0020,Санкт-Петербург,visit,,0,ads,ios
2026-06-19 13:48:12,KZN-0132,Казань,visit,,0,organic,android
2026-06-19 13:49:09,SPB-0020,Санкт-Петербург,product_view,,0,ads,ios
2026-06-19 13:49:39,NSK-0093,Новосибирск,visit,,0,ads,ios
2026-06-19 13:49:49,KZN-0054,Казань,visit,,0,referral,ios
2026-06-19 13:51:21,MSK-0036,Москва,product_view,,0,organic,ios
2026-06-19 13:53:43,KZN-0018,Казань,visit,,0,ads,android
2026-06-19 13:55:37,EKB-0044,Екатеринбург,visit,,0,ads,android
2026-06-19 13:55:40,MSK-0287,Москва,visit,,0,organic,android
2026-06-19 13:56:27,KZN-0018,Казань,product_view,,0,ads,android
2026-06-19 13:57:21,MSK-0112,Москва,visit,,0,organic,android
2026-06-19 13:57:42,EKB-0043,Екатеринбург,visit,,0,organic,android
2026-06-19 13:58:19,SPB-0127,Санкт-Петербург,visit,,0,organic,android
2026-06-19 13:59:33,KZN-0132,Казань,product_view,,0,organic,android
2026-06-19 14:00:18,MSK-0052,Москва,purchase,ORD-000702,190.00,organic,android
2026-06-19 14:01:52,NSK-0093,Новосибирск,product_view,,0,ads,ios
2026-06-19 14:01:53,EKB-0043,Екатеринбург,product_view,,0,organic,android
2026-06-19 14:02:04,NSK-0080,Новосибирск,product_view,,0,ads,ios
2026-06-19 14:04:16,EKB-0021,Екатеринбург,visit,,0,organic,android
2026-06-19 14:06:09,EKB-0044,Екатеринбург,product_view,,0,ads,android
2026-06-19 14:11:21,NSK-0009,Новосибирск,visit,,0,ads,android
2026-06-19 14:11:56,SPB-0127,Санкт-Петербург,product_view,,0,organic,android
2026-06-19 14:12:27,MSK-0036,Москва,product_view,,0,organic,ios
2026-06-19 14:14:48,SPB-0007,Санкт-Петербург,visit,,0,organic,web
2026-06-19 14:16:43,KZN-0018,Казань,product_view,,0,ads,android
2026-06-19 14:20:57,KZN-0124,Казань,visit,,0,organic,ios
2026-06-19 14:22:53,NSK-0018,Новосибирск,visit,,0,organic,android
2026-06-19 14:24:21,NSK-0009,Новосибирск,product_view,,0,ads,android
2026-06-19 14:27:08,NSK-0024,Новосибирск,visit,,0,organic,android
2026-06-19 14:27:58,SPB-0031,Санкт-Петербург,purchase,ORD-000708,650.00,ads,android
2026-06-19 14:28:40,EKB-0027,Екатеринбург,purchase,ORD-000723,290.00,organic,ios
2026-06-19 14:30:17,MSK-0165,Москва,visit,,0,organic,ios
2026-06-19 14:30:35,EKB-0021,Екатеринбург,product_view,,0,organic,android
2026-06-19 14:33:27,SPB-0046,Санкт-Петербург,visit,,0,organic,android
2026-06-19 14:33:49,EKB-0044,Екатеринбург,product_view,,0,ads,android
2026-06-19 14:34:40,NSK-0018,Новосибирск,product_view,,0,organic,android
2026-06-19 14:38:13,SPB-0032,Санкт-Петербург,visit,,0,organic,android
2026-06-19 14:39:21,MSK-0023,Москва,visit,,0,organic,android
2026-06-19 14:40:18,MSK-0185,Москва,visit,,0,ads,ios
2026-06-19 14:41:19,EKB-0021,Екатеринбург,product_view,,0,organic,android
2026-06-19 14:41:35,SPB-0166,Санкт-Петербург,visit,,0,organic,android
2026-06-19 14:43:17,MSK-0084,Москва,visit,,0,ads,ios
2026-06-19 14:43:50,EKB-0090,Екатеринбург,visit,,0,organic,ios
2026-06-19 14:46:15,MSK-0084,Москва,product_view,,0,ads,ios
2026-06-19 14:47:33,SPB-0007,Санкт-Петербург,product_view,,0,organic,web
2026-06-19 14:52:27,MSK-0116,Москва,visit,,0,organic,android
2026-06-19 14:53:40,SPB-0166,Санкт-Петербург,product_view,,0,organic,android
2026-06-19 14:54:09,MSK-0019,Москва,visit,,0,ads,android
2026-06-19 14:55:14,SPB-0195,Санкт-Петербург,visit,,0,referral,ios
2026-06-19 14:56:28,EKB-0090,Екатеринбург,product_view,,0,organic,ios
2026-06-19 14:56:53,EKB-0090,Екатеринбург,product_view,,0,organic,ios
2026-06-19 14:58:06,SPB-0195,Санкт-Петербург,product_view,,0,referral,ios
2026-06-19 14:58:31,KZN-0128,Казань,visit,,0,organic,ios
2026-06-19 14:58:54,NSK-0024,Новосибирск,product_view,,0,organic,android
2026-06-19 15:01:09,MSK-0084,Москва,product_view,,0,ads,ios
2026-06-19 15:06:44,MSK-0023,Москва,product_view,,0,organic,android
2026-06-19 15:08:59,EKB-0119,Екатеринбург,visit,,0,organic,ios
2026-06-19 15:09:41,SPB-0152,Санкт-Петербург,visit,,0,ads,web
2026-06-19 15:11:32,NSK-0087,Новосибирск,visit,,0,organic,web
2026-06-19 15:12:46,SPB-0160,Санкт-Петербург,visit,,0,referral,ios
2026-06-19 15:13:36,NSK-0066,Новосибирск,visit,,0,ads,ios
2026-06-19 15:17:21,SPB-0107,Санкт-Петербург,visit,,0,referral,ios
2026-06-19 15:18:28,MSK-0094,Москва,visit,,0,ads,android
2026-06-19 15:20:46,MSK-0188,Москва,visit,,0,referral,ios
2026-06-19 15:24:13,MSK-0066,Москва,visit,,0,organic,android
2026-06-19 15:25:43,MSK-0019,Москва,product_view,,0,ads,android
2026-06-19 15:30:20,MSK-0060,Москва,visit,,0,organic,ios
2026-06-19 15:30:33,KZN-0073,Казань,visit,,0,organic,android
2026-06-19 15:31:39,MSK-0123,Москва,visit,,0,organic,android
2026-06-19 15:33:18,KZN-0007,Казань,purchase,ORD-000721,220.00,ads,android
2026-06-19 15:33:51,MSK-0289,Москва,visit,,0,organic,android
2026-06-19 15:35:03,MSK-0066,Москва,product_view,,0,organic,android
2026-06-19 15:40:39,MSK-0188,Москва,product_view,,0,referral,ios
2026-06-19 15:40:53,NSK-0087,Новосибирск,product_view,,0,organic,web
2026-06-19 15:42:15,EKB-0099,Екатеринбург,visit,,0,organic,ios
2026-06-19 15:42:53,MSK-0094,Москва,product_view,,0,ads,android
2026-06-19 15:42:59,MSK-0059,Москва,visit,,0,organic,ios
2026-06-19 15:44:11,KZN-0073,Казань,product_view,,0,organic,android
2026-06-19 15:44:27,MSK-0123,Москва,product_view,,0,organic,android
2026-06-19 15:44:56,MSK-0094,Москва,product_view,,0,ads,android
2026-06-19 15:47:44,SPB-0160,Санкт-Петербург,product_view,,0,referral,ios
2026-06-19 15:49:19,NSK-0016,Новосибирск,visit,,0,referral,android
2026-06-19 15:51:55,MSK-0023,Москва,purchase,ORD-000700,320.00,organic,android
2026-06-19 15:52:18,EKB-0099,Екатеринбург,product_view,,0,organic,ios
2026-06-19 15:54:18,MSK-0066,Москва,product_view,,0,organic,android
2026-06-19 15:54:31,EKB-0075,Екатеринбург,visit,,0,organic,ios
2026-06-19 15:55:35,EKB-0010,Екатеринбург,purchase,ORD-000724,710.00,ads,web
2026-06-19 15:57:46,SPB-0031,Санкт-Петербург,visit,,0,ads,android
2026-06-19 15:59:16,MSK-0221,Москва,visit,,0,referral,android
2026-06-19 16:02:13,KZN-0116,Казань,visit,,0,ads,ios
2026-06-19 16:03:54,NSK-0009,Новосибирск,purchase,ORD-000730,400.00,ads,android
2026-06-19 16:04:13,EKB-0056,Екатеринбург,visit,,0,organic,android
2026-06-19 16:05:13,MSK-0059,Москва,product_view,,0,organic,ios
2026-06-19 16:06:24,MSK-0289,Москва,product_view,,0,organic,android
2026-06-19 16:07:06,NSK-0011,Новосибирск,visit,,0,organic,ios
2026-06-19 16:09:17,SPB-0031,Санкт-Петербург,product_view,,0,ads,android
2026-06-19 16:10:38,EKB-0010,Екатеринбург,visit,,0,ads,web
2026-06-19 16:13:48,EKB-0026,Екатеринбург,visit,,0,referral,android
2026-06-19 16:15:35,NSK-0011,Новосибирск,product_view,,0,organic,ios
2026-06-19 16:15:50,MSK-0007,Москва,visit,,0,organic,ios
2026-06-19 16:17:18,MSK-0002,Москва,visit,,0,organic,android
2026-06-19 16:18:19,NSK-0082,Новосибирск,visit,,0,referral,android
2026-06-19 16:18:35,NSK-0024,Новосибирск,purchase,ORD-000731,170.00,organic,android
2026-06-19 16:21:04,MSK-0149,Москва,visit,,0,organic,android
2026-06-19 16:25:07,MSK-0221,Москва,product_view,,0,referral,android
2026-06-19 16:27:50,EKB-0010,Екатеринбург,product_view,,0,ads,web
2026-06-19 16:27:53,EKB-0056,Екатеринбург,product_view,,0,organic,android
2026-06-19 16:28:22,EKB-0026,Екатеринбург,product_view,,0,referral,android
2026-06-19 16:35:05,KZN-0008,Казань,visit,,0,organic,android
2026-06-19 16:36:15,EKB-0028,Екатеринбург,visit,,0,referral,android
2026-06-19 16:38:25,EKB-0056,Екатеринбург,product_view,,0,organic,android
2026-06-19 16:40:31,NSK-0005,Новосибирск,visit,,0,referral,android
2026-06-19 16:40:54,SPB-0145,Санкт-Петербург,visit,,0,organic,android
2026-06-19 16:48:21,KZN-0014,Казань,purchase,ORD-000717,300.00,organic,android
2026-06-19 16:48:58,EKB-0010,Екатеринбург,product_view,,0,ads,web
2026-06-19 16:51:51,SPB-0197,Санкт-Петербург,visit,,0,organic,android
2026-06-19 16:52:18,KZN-0008,Казань,product_view,,0,organic,android
2026-06-19 16:53:30,SPB-0005,Санкт-Петербург,visit,,0,ads,web
2026-06-19 16:54:29,MSK-0143,Москва,visit,,0,organic,ios
2026-06-19 16:54:50,EKB-0028,Екатеринбург,product_view,,0,referral,android
2026-06-19 16:55:28,SPB-0086,Санкт-Петербург,visit,,0,referral,android
2026-06-19 16:57:04,SPB-0005,Санкт-Петербург,product_view,,0,ads,web
2026-06-19 17:00:38,KZN-0008,Казань,product_view,,0,organic,android
2026-06-19 17:01:12,MSK-0174,Москва,visit,,0,ads,ios
2026-06-19 17:01:54,SPB-0221,Санкт-Петербург,visit,,0,ads,android
2026-06-19 17:04:53,NSK-0005,Новосибирск,product_view,,0,referral,android
2026-06-19 17:05:31,KZN-0001,Казань,visit,,0,organic,web
2026-06-19 17:06:29,NSK-0023,Новосибирск,visit,,0,organic,ios
2026-06-19 17:07:49,KZN-0001,Казань,product_view,,0,organic,web
2026-06-19 17:16:36,KZN-0034,Казань,visit,,0,referral,web
2026-06-19 17:19:38,EKB-0053,Екатеринбург,visit,,0,organic,android
2026-06-19 17:22:54,EKB-0076,Екатеринбург,visit,,0,ads,android
2026-06-19 17:23:02,MSK-0143,Москва,product_view,,0,organic,ios
2026-06-19 17:23:17,KZN-0034,Казань,product_view,,0,referral,web
2026-06-19 17:24:42,MSK-0117,Москва,visit,,0,organic,ios
2026-06-19 17:25:39,SPB-0086,Санкт-Петербург,product_view,,0,referral,android
2026-06-19 17:25:50,EKB-0053,Екатеринбург,product_view,,0,organic,android
2026-06-19 17:32:21,KZN-0062,Казань,visit,,0,organic,ios
2026-06-19 17:33:20,SPB-0037,Санкт-Петербург,visit,,0,referral,web
2026-06-19 17:35:51,MSK-0033,Москва,visit,,0,ads,ios
2026-06-19 17:39:35,EKB-0053,Екатеринбург,product_view,,0,organic,android
2026-06-19 17:43:34,MSK-0117,Москва,product_view,,0,organic,ios
2026-06-19 17:44:39,SPB-0012,Санкт-Петербург,visit,,0,organic,android
2026-06-19 17:45:31,MSK-0295,Москва,visit,,0,organic,android
2026-06-19 17:45:50,EKB-0098,Екатеринбург,visit,,0,referral,web
2026-06-19 17:49:35,SPB-0042,Санкт-Петербург,purchase,ORD-000712,350.00,organic,web
2026-06-19 17:51:15,SPB-0079,Санкт-Петербург,visit,,0,ads,android
2026-06-19 17:53:29,SPB-0164,Санкт-Петербург,visit,,0,organic,android
2026-06-19 17:55:09,MSK-0033,Москва,product_view,,0,ads,ios
2026-06-19 17:56:19,MSK-0010,Москва,visit,,0,ads,android
2026-06-19 17:58:18,SPB-0026,Санкт-Петербург,purchase,ORD-000710,430.00,organic,android
2026-06-19 17:59:55,MSK-0010,Москва,product_view,,0,ads,android
2026-06-19 18:10:32,SPB-0012,Санкт-Петербург,product_view,,0,organic,android
2026-06-19 18:13:32,SPB-0017,Санкт-Петербург,purchase,ORD-000711,730.00,organic,web
2026-06-19 18:19:59,SPB-0164,Санкт-Петербург,product_view,,0,organic,android
2026-06-19 18:24:26,EKB-0028,Екатеринбург,purchase,ORD-000727,330.00,referral,android
2026-06-19 18:26:00,EKB-0002,Екатеринбург,visit,,0,organic,android
2026-06-19 18:31:26,SPB-0084,Санкт-Петербург,visit,,0,organic,android
2026-06-19 18:35:38,KZN-0074,Казань,visit,,0,organic,ios
2026-06-19 18:37:06,SPB-0084,Санкт-Петербург,product_view,,0,organic,android
2026-06-19 18:37:30,KZN-0007,Казань,visit,,0,ads,android
2026-06-19 18:39:00,SPB-0201,Санкт-Петербург,visit,,0,organic,web
2026-06-19 18:39:29,MSK-0053,Москва,visit,,0,organic,ios
2026-06-19 18:39:32,SPB-0099,Санкт-Петербург,visit,,0,organic,android
2026-06-19 18:39:40,MSK-0247,Москва,visit,,0,organic,android
2026-06-19 18:40:32,NSK-0099,Новосибирск,visit,,0,organic,android
2026-06-19 18:41:25,SPB-0113,Санкт-Петербург,visit,,0,organic,ios
2026-06-19 18:42:20,SPB-0183,Санкт-Петербург,visit,,0,organic,android
2026-06-19 18:42:33,KZN-0007,Казань,product_view,,0,ads,android
2026-06-19 18:44:45,MSK-0053,Москва,product_view,,0,organic,ios
2026-06-19 18:45:01,MSK-0020,Москва,visit,,0,ads,android
2026-06-19 18:50:50,KZN-0007,Казань,product_view,,0,ads,android
2026-06-19 18:52:35,EKB-0120,Екатеринбург,visit,,0,organic,web
2026-06-19 18:52:42,EKB-0002,Екатеринбург,product_view,,0,organic,android
2026-06-19 18:55:45,KZN-0063,Казань,visit,,0,organic,ios
2026-06-19 18:57:20,SPB-0019,Санкт-Петербург,visit,,0,ads,android
2026-06-19 18:58:20,MSK-0247,Москва,product_view,,0,organic,android
2026-06-19 19:04:55,KZN-0063,Казань,product_view,,0,organic,ios
2026-06-19 19:06:11,NSK-0099,Новосибирск,product_view,,0,organic,android
2026-06-19 19:06:53,SPB-0201,Санкт-Петербург,product_view,,0,organic,web
2026-06-19 19:09:31,SPB-0183,Санкт-Петербург,product_view,,0,organic,android
2026-06-19 19:10:34,SPB-0020,Санкт-Петербург,purchase,ORD-000713,1120.00,ads,ios
2026-06-19 19:10:58,SPB-0019,Санкт-Петербург,product_view,,0,ads,android
2026-06-19 19:17:01,MSK-0020,Москва,product_view,,0,ads,android
2026-06-19 19:17:41,NSK-0099,Новосибирск,product_view,,0,organic,android
2026-06-19 19:26:52,EKB-0120,Екатеринбург,product_view,,0,organic,web
2026-06-19 19:39:08,MSK-0053,Москва,purchase,ORD-000694,590.00,organic,ios
2026-06-19 19:45:47,SPB-0012,Санкт-Петербург,purchase,ORD-000707,980.00,organic,android
2026-06-19 20:27:25,KZN-0035,Казань,purchase,ORD-000716,220.00,organic,android
2026-06-19 20:50:56,NSK-0017,Новосибирск,purchase,ORD-000729,540.00,organic,android
2026-06-19 20:55:26,MSK-0019,Москва,purchase,ORD-000699,760.00,ads,android
2026-06-19 21:09:14,SPB-0013,Санкт-Петербург,purchase,ORD-000714,310.00,organic,web
2026-06-19 21:18:02,MSK-0059,Москва,purchase,ORD-000697,360.00,organic,ios
2026-06-19 21:31:11,NSK-0011,Новосибирск,purchase,ORD-000728,250.00,organic,ios
2026-06-19 21:38:28,KZN-0018,Казань,purchase,ORD-000719,180.00,ads,android
2026-06-20 02:20:15,TEST-KZN-0020,Казань,purchase,TEST-00020,100.00,test,android
2026-06-20 02:50:02,TEST-KZN-0050,Казань,purchase,TEST-00050,100.00,test,android
2026-06-20 03:20:51,TEST-KZN-0080,Казань,purchase,TEST-00080,100.00,test,android
2026-06-20 03:50:39,TEST-KZN-0110,Казань,purchase,TEST-00110,100.00,test,ios
2026-06-20 08:00:56,SPB-0136,Санкт-Петербург,visit,,0,ads,ios
2026-06-20 08:03:03,SPB-0118,Санкт-Петербург,visit,,0,organic,web
2026-06-20 08:03:14,MSK-0083,Москва,visit,,0,ads,android
2026-06-20 08:07:01,MSK-0121,Москва,visit,,0,organic,android
2026-06-20 08:08:10,KZN-0068,Казань,visit,,0,ads,android
2026-06-20 08:08:25,EKB-0056,Екатеринбург,visit,,0,organic,android
2026-06-20 08:08:26,MSK-0083,Москва,product_view,,0,ads,android
2026-06-20 08:10:29,KZN-0047,Казань,visit,,0,organic,ios
2026-06-20 08:15:17,EKB-0114,Екатеринбург,visit,,0,ads,android
2026-06-20 08:20:22,SPB-0060,Санкт-Петербург,visit,,0,ads,android
2026-06-20 08:31:50,KZN-0047,Казань,product_view,,0,organic,ios
2026-06-20 08:32:34,SPB-0060,Санкт-Петербург,product_view,,0,ads,android
2026-06-20 08:35:28,MSK-0058,Москва,visit,,0,organic,web
2026-06-20 08:37:19,SPB-0043,Санкт-Петербург,visit,,0,organic,ios
2026-06-20 08:37:40,SPB-0118,Санкт-Петербург,product_view,,0,organic,web
2026-06-20 08:38:28,MSK-0069,Москва,visit,,0,organic,web
2026-06-20 08:39:28,KZN-0067,Казань,visit,,0,organic,ios
2026-06-20 08:40:23,MSK-0159,Москва,visit,,0,organic,ios
2026-06-20 08:44:59,MSK-0054,Москва,visit,,0,organic,android
2026-06-20 08:46:30,MSK-0069,Москва,product_view,,0,organic,web
2026-06-20 08:54:14,SPB-0157,Санкт-Петербург,visit,,0,organic,android
2026-06-20 08:58:17,MSK-0222,Москва,visit,,0,ads,web
2026-06-20 09:02:15,NSK-0028,Новосибирск,visit,,0,organic,android
2026-06-20 09:02:31,EKB-0051,Екатеринбург,visit,,0,ads,android
2026-06-20 09:02:42,MSK-0060,Москва,visit,,0,organic,ios
2026-06-20 09:03:51,MSK-0248,Москва,visit,,0,organic,ios
2026-06-20 09:05:16,MSK-0058,Москва,product_view,,0,organic,web
2026-06-20 09:08:10,MSK-0058,Москва,product_view,,0,organic,web
2026-06-20 09:09:13,MSK-0267,Москва,visit,,0,organic,ios
2026-06-20 09:10:08,MSK-0248,Москва,product_view,,0,organic,ios
2026-06-20 09:13:39,MSK-0012,Москва,visit,,0,ads,ios
2026-06-20 09:13:59,MSK-0066,Москва,visit,,0,organic,android
2026-06-20 09:15:48,MSK-0060,Москва,product_view,,0,organic,ios
2026-06-20 09:17:18,MSK-0054,Москва,product_view,,0,organic,android
2026-06-20 09:21:04,MSK-0069,Москва,product_view,,0,organic,web
2026-06-20 09:23:28,SPB-0157,Санкт-Петербург,product_view,,0,organic,android
2026-06-20 09:24:51,SPB-0187,Санкт-Петербург,visit,,0,organic,web
2026-06-20 09:25:53,EKB-0048,Екатеринбург,visit,,0,ads,android
2026-06-20 09:26:04,KZN-0062,Казань,visit,,0,organic,ios
2026-06-20 09:27:49,MSK-0012,Москва,product_view,,0,ads,ios
2026-06-20 09:28:42,KZN-0132,Казань,visit,,0,organic,android
2026-06-20 09:32:46,MSK-0229,Москва,visit,,0,organic,ios
2026-06-20 09:33:15,EKB-0048,Екатеринбург,product_view,,0,ads,android
2026-06-20 09:34:07,MSK-0231,Москва,visit,,0,organic,android
2026-06-20 09:35:30,KZN-0110,Казань,visit,,0,ads,web
2026-06-20 09:40:27,MSK-0041,Москва,visit,,0,referral,android
2026-06-20 09:40:33,EKB-0111,Екатеринбург,visit,,0,organic,web
2026-06-20 09:40:46,SPB-0128,Санкт-Петербург,visit,,0,organic,android
2026-06-20 09:41:12,NSK-0003,Новосибирск,visit,,0,ads,ios
2026-06-20 09:44:21,SPB-0187,Санкт-Петербург,product_view,,0,organic,web
2026-06-20 09:44:40,MSK-0218,Москва,visit,,0,ads,ios
2026-06-20 09:45:08,MSK-0066,Москва,product_view,,0,organic,android
2026-06-20 09:49:17,MSK-0231,Москва,product_view,,0,organic,android
2026-06-20 09:49:35,MSK-0012,Москва,product_view,,0,ads,ios
2026-06-20 09:49:45,MSK-0063,Москва,visit,,0,organic,web
2026-06-20 09:50:46,MSK-0281,Москва,visit,,0,organic,ios
2026-06-20 09:51:05,SPB-0187,Санкт-Петербург,product_view,,0,organic,web
2026-06-20 09:53:13,MSK-0066,Москва,product_view,,0,organic,android
2026-06-20 09:53:49,KZN-0062,Казань,product_view,,0,organic,ios
2026-06-20 09:56:01,NSK-0003,Новосибирск,product_view,,0,ads,ios
2026-06-20 09:57:41,NSK-0074,Новосибирск,visit,,0,ads,web
2026-06-20 09:58:53,SPB-0027,Санкт-Петербург,visit,,0,organic,android
2026-06-20 10:00:08,KZN-0132,Казань,product_view,,0,organic,android
2026-06-20 10:04:01,MSK-0281,Москва,product_view,,0,organic,ios
2026-06-20 10:05:00,MSK-0063,Москва,product_view,,0,organic,web
2026-06-20 10:05:04,EKB-0111,Екатеринбург,product_view,,0,organic,web
2026-06-20 10:05:11,MSK-0041,Москва,product_view,,0,referral,android
2026-06-20 10:05:12,MSK-0154,Москва,visit,,0,organic,android
2026-06-20 10:09:10,SPB-0214,Санкт-Петербург,visit,,0,ads,ios
2026-06-20 10:13:24,MSK-0135,Москва,visit,,0,referral,android
2026-06-20 10:21:10,NSK-0007,Новосибирск,visit,,0,organic,ios
2026-06-20 10:21:38,MSK-0249,Москва,visit,,0,ads,ios
2026-06-20 10:26:59,MSK-0052,Москва,visit,,0,organic,android
2026-06-20 10:30:50,SPB-0117,Санкт-Петербург,visit,,0,organic,ios
2026-06-20 10:31:45,NSK-0017,Новосибирск,visit,,0,organic,android
2026-06-20 10:32:00,MSK-0249,Москва,product_view,,0,ads,ios
2026-06-20 10:33:19,SPB-0041,Санкт-Петербург,visit,,0,ads,web
2026-06-20 10:34:27,MSK-0052,Москва,product_view,,0,organic,android
2026-06-20 10:35:00,SPB-0165,Санкт-Петербург,visit,,0,organic,ios
2026-06-20 10:35:10,MSK-0287,Москва,visit,,0,organic,android
2026-06-20 10:38:28,SPB-0041,Санкт-Петербург,product_view,,0,ads,web
2026-06-20 10:39:45,MSK-0043,Москва,purchase,ORD-000741,230.00,referral,android
2026-06-20 10:44:33,SPB-0006,Санкт-Петербург,visit,,0,referral,ios
2026-06-20 10:48:12,SPB-0197,Санкт-Петербург,visit,,0,organic,android
2026-06-20 10:53:53,MSK-0039,Москва,visit,,0,referral,android
2026-06-20 10:54:46,MSK-0276,Москва,visit,,0,organic,ios
2026-06-20 10:55:25,SPB-0006,Санкт-Петербург,product_view,,0,referral,ios
2026-06-20 10:56:34,SPB-0117,Санкт-Петербург,product_view,,0,organic,ios
2026-06-20 11:00:13,NSK-0008,Новосибирск,visit,,0,organic,android
2026-06-20 11:02:28,MSK-0052,Москва,product_view,,0,organic,android
2026-06-20 11:03:19,SPB-0197,Санкт-Петербург,product_view,,0,organic,android
2026-06-20 11:05:27,NSK-0017,Новосибирск,product_view,,0,organic,android
2026-06-20 11:10:51,MSK-0287,Москва,product_view,,0,organic,android
2026-06-20 11:13:05,SPB-0006,Санкт-Петербург,product_view,,0,referral,ios
2026-06-20 11:13:48,SPB-0003,Санкт-Петербург,visit,,0,organic,ios
2026-06-20 11:13:49,MSK-0117,Москва,visit,,0,organic,ios
2026-06-20 11:14:16,MSK-0240,Москва,visit,,0,organic,ios
2026-06-20 11:16:21,MSK-0039,Москва,product_view,,0,referral,android
2026-06-20 11:19:31,MSK-0254,Москва,visit,,0,organic,ios
2026-06-20 11:20:34,SPB-0003,Санкт-Петербург,product_view,,0,organic,ios
2026-06-20 11:21:58,MSK-0001,Москва,visit,,0,organic,web
2026-06-20 11:22:15,SPB-0197,Санкт-Петербург,product_view,,0,organic,android
2026-06-20 11:23:48,MSK-0163,Москва,visit,,0,organic,ios
2026-06-20 11:28:26,NSK-0008,Новосибирск,product_view,,0,organic,android
2026-06-20 11:28:58,NSK-0008,Новосибирск,product_view,,0,organic,android
2026-06-20 11:29:00,NSK-0075,Новосибирск,visit,,0,organic,web
2026-06-20 11:29:01,MSK-0163,Москва,product_view,,0,organic,ios
2026-06-20 11:31:58,MSK-0117,Москва,product_view,,0,organic,ios
2026-06-20 11:34:06,NSK-0075,Новосибирск,product_view,,0,organic,web
2026-06-20 11:35:56,MSK-0254,Москва,product_view,,0,organic,ios
2026-06-20 11:37:51,EKB-0108,Екатеринбург,visit,,0,organic,android
2026-06-20 11:39:43,KZN-0128,Казань,visit,,0,organic,ios
2026-06-20 11:41:41,KZN-0021,Казань,visit,,0,ads,ios
2026-06-20 11:43:18,SPB-0018,Санкт-Петербург,visit,,0,organic,web
2026-06-20 11:45:31,SPB-0168,Санкт-Петербург,visit,,0,organic,android
2026-06-20 11:46:25,EKB-0065,Екатеринбург,visit,,0,organic,android
2026-06-20 11:47:08,MSK-0001,Москва,product_view,,0,organic,web
2026-06-20 11:49:23,SPB-0064,Санкт-Петербург,visit,,0,organic,ios
2026-06-20 11:50:28,SPB-0018,Санкт-Петербург,product_view,,0,organic,web
2026-06-20 11:50:54,KZN-0021,Казань,product_view,,0,ads,ios
2026-06-20 11:52:27,NSK-0058,Новосибирск,visit,,0,ads,android
2026-06-20 11:54:04,KZN-0021,Казань,product_view,,0,ads,ios
2026-06-20 11:55:43,NSK-0020,Новосибирск,visit,,0,organic,android
2026-06-20 11:56:37,KZN-0128,Казань,product_view,,0,organic,ios
2026-06-20 11:58:19,MSK-0032,Москва,visit,,0,organic,ios
2026-06-20 12:01:08,EKB-0065,Екатеринбург,product_view,,0,organic,android
2026-06-20 12:01:56,NSK-0021,Новосибирск,visit,,0,organic,web
2026-06-20 12:02:47,SPB-0168,Санкт-Петербург,product_view,,0,organic,android
2026-06-20 12:02:52,NSK-0058,Новосибирск,product_view,,0,ads,android
2026-06-20 12:03:16,MSK-0001,Москва,product_view,,0,organic,web
2026-06-20 12:03:24,NSK-0020,Новосибирск,product_view,,0,organic,android
2026-06-20 12:03:25,SPB-0013,Санкт-Петербург,visit,,0,organic,web
2026-06-20 12:05:48,EKB-0036,Екатеринбург,visit,,0,organic,ios
2026-06-20 12:08:25,SPB-0195,Санкт-Петербург,visit,,0,referral,ios
2026-06-20 12:09:36,NSK-0049,Новосибирск,visit,,0,referral,ios
2026-06-20 12:10:26,KZN-0128,Казань,product_view,,0,organic,ios
2026-06-20 12:11:01,SPB-0122,Санкт-Петербург,visit,,0,referral,android
2026-06-20 12:13:40,NSK-0039,Новосибирск,visit,,0,organic,android
2026-06-20 12:15:42,KZN-0004,Казань,visit,,0,organic,android
2026-06-20 12:15:57,SPB-0007,Санкт-Петербург,visit,,0,organic,web
2026-06-20 12:18:21,MSK-0158,Москва,visit,,0,referral,android
2026-06-20 12:18:21,SPB-0194,Санкт-Петербург,visit,,0,ads,android
2026-06-20 12:21:44,KZN-0015,Казань,purchase,ORD-000757,260.00,ads,android
2026-06-20 12:21:59,EKB-0036,Екатеринбург,product_view,,0,organic,ios
2026-06-20 12:25:01,SPB-0007,Санкт-Петербург,product_view,,0,organic,web
2026-06-20 12:25:52,NSK-0021,Новосибирск,product_view,,0,organic,web
2026-06-20 12:26:06,KZN-0002,Казань,visit,,0,ads,android
2026-06-20 12:26:34,MSK-0052,Москва,purchase,ORD-000743,320.00,organic,android
2026-06-20 12:27:03,NSK-0017,Новосибирск,purchase,ORD-000770,250.00,organic,android
2026-06-20 12:28:40,NSK-0054,Новосибирск,visit,,0,organic,ios
2026-06-20 12:28:45,MSK-0058,Москва,purchase,ORD-000738,360.00,organic,web
2026-06-20 12:28:47,MSK-0015,Москва,visit,,0,organic,android
2026-06-20 12:30:39,SPB-0046,Санкт-Петербург,visit,,0,organic,android
2026-06-20 12:32:11,NSK-0020,Новосибирск,product_view,,0,organic,android
2026-06-20 12:35:21,SPB-0122,Санкт-Петербург,product_view,,0,referral,android
2026-06-20 12:36:10,KZN-0088,Казань,visit,,0,organic,android
2026-06-20 12:36:49,EKB-0014,Екатеринбург,purchase,ORD-000764,290.00,organic,android
2026-06-20 12:36:59,SPB-0046,Санкт-Петербург,product_view,,0,organic,android
2026-06-20 12:38:11,NSK-0054,Новосибирск,product_view,,0,organic,ios
2026-06-20 12:39:25,EKB-0037,Екатеринбург,visit,,0,organic,ios
2026-06-20 12:41:11,MSK-0059,Москва,visit,,0,organic,ios
2026-06-20 12:41:23,EKB-0036,Екатеринбург,product_view,,0,organic,ios
2026-06-20 12:43:23,KZN-0004,Казань,product_view,,0,organic,android
2026-06-20 12:43:38,SPB-0174,Санкт-Петербург,visit,,0,organic,web
2026-06-20 12:49:28,SPB-0174,Санкт-Петербург,product_view,,0,organic,web
2026-06-20 12:49:38,MSK-0158,Москва,product_view,,0,referral,android
2026-06-20 12:51:20,NSK-0051,Новосибирск,visit,,0,ads,android
2026-06-20 12:53:52,MSK-0236,Москва,visit,,0,ads,web
2026-06-20 13:00:26,MSK-0059,Москва,product_view,,0,organic,ios
2026-06-20 13:00:36,KZN-0004,Казань,product_view,,0,organic,android
2026-06-20 13:01:35,KZN-0019,Казань,visit,,0,organic,web
2026-06-20 13:01:46,MSK-0015,Москва,product_view,,0,organic,android
2026-06-20 13:02:13,MSK-0034,Москва,purchase,ORD-000740,670.00,organic,android
2026-06-20 13:06:40,MSK-0236,Москва,product_view,,0,ads,web
2026-06-20 13:08:12,KZN-0099,Казань,visit,,0,organic,ios
2026-06-20 13:09:12,KZN-0088,Казань,product_view,,0,organic,android
2026-06-20 13:10:02,SPB-0002,Санкт-Петербург,visit,,0,referral,android
2026-06-20 13:11:22,SPB-0071,Санкт-Петербург,visit,,0,referral,android
2026-06-20 13:12:09,KZN-0072,Казань,visit,,0,organic,web
2026-06-20 13:17:00,EKB-0061,Екатеринбург,visit,,0,ads,android
2026-06-20 13:18:29,SPB-0002,Санкт-Петербург,product_view,,0,referral,android
2026-06-20 13:18:56,KZN-0065,Казань,visit,,0,organic,ios
2026-06-20 13:19:18,KZN-0088,Казань,product_view,,0,organic,android
2026-06-20 13:23:05,MSK-0236,Москва,product_view,,0,ads,web
2026-06-20 13:23:12,SPB-0116,Санкт-Петербург,visit,,0,ads,android
2026-06-20 13:23:16,NSK-0092,Новосибирск,visit,,0,ads,ios
2026-06-20 13:25:33,MSK-0059,Москва,product_view,,0,organic,ios
2026-06-20 13:28:23,KZN-0113,Казань,visit,,0,organic,ios
2026-06-20 13:32:34,MSK-0002,Москва,visit,,0,organic,android
2026-06-20 13:32:52,NSK-0092,Новосибирск,product_view,,0,ads,ios
2026-06-20 13:33:09,MSK-0243,Москва,visit,,0,organic,ios
2026-06-20 13:34:58,MSK-0010,Москва,purchase,ORD-000732,880.00,ads,android
2026-06-20 13:35:49,MSK-0243,Москва,product_view,,0,organic,ios
2026-06-20 13:36:01,SPB-0009,Санкт-Петербург,purchase,ORD-000748,310.00,organic,ios
2026-06-20 13:37:31,KZN-0113,Казань,product_view,,0,organic,ios
2026-06-20 13:37:59,KZN-0099,Казань,product_view,,0,organic,ios
2026-06-20 13:38:24,MSK-0147,Москва,visit,,0,organic,web
2026-06-20 13:38:50,MSK-0092,Москва,visit,,0,referral,web
2026-06-20 13:39:32,NSK-0015,Новосибирск,visit,,0,organic,web
2026-06-20 13:40:31,MSK-0244,Москва,visit,,0,ads,android
2026-06-20 13:45:40,MSK-0293,Москва,visit,,0,ads,ios
2026-06-20 13:48:15,MSK-0002,Москва,product_view,,0,organic,android
2026-06-20 13:48:20,NSK-0032,Новосибирск,visit,,0,ads,android
2026-06-20 13:50:21,MSK-0074,Москва,visit,,0,organic,android
2026-06-20 13:51:17,KZN-0065,Казань,product_view,,0,organic,ios
2026-06-20 13:54:45,SPB-0080,Санкт-Петербург,visit,,0,organic,android
2026-06-20 13:55:59,MSK-0293,Москва,product_view,,0,ads,ios
2026-06-20 13:56:22,EKB-0023,Екатеринбург,visit,,0,organic,ios
2026-06-20 14:00:25,NSK-0015,Новосибирск,product_view,,0,organic,web
2026-06-20 14:00:40,MSK-0156,Москва,visit,,0,ads,android
2026-06-20 14:01:20,MSK-0257,Москва,visit,,0,organic,ios
2026-06-20 14:02:07,NSK-0048,Новосибирск,visit,,0,organic,web
2026-06-20 14:09:08,KZN-0113,Казань,product_view,,0,organic,ios
2026-06-20 14:10:15,MSK-0244,Москва,product_view,,0,ads,android
2026-06-20 14:11:08,KZN-0024,Казань,visit,,0,ads,ios
2026-06-20 14:11:47,NSK-0032,Новосибирск,product_view,,0,ads,android
2026-06-20 14:13:51,EKB-0023,Екатеринбург,product_view,,0,organic,ios
2026-06-20 14:13:57,SPB-0026,Санкт-Петербург,visit,,0,organic,android
2026-06-20 14:16:29,EKB-0014,Екатеринбург,visit,,0,organic,android
2026-06-20 14:17:59,SPB-0105,Санкт-Петербург,visit,,0,organic,android
2026-06-20 14:19:30,MSK-0156,Москва,product_view,,0,ads,android
2026-06-20 14:20:52,KZN-0085,Казань,visit,,0,organic,ios
2026-06-20 14:21:37,SPB-0026,Санкт-Петербург,product_view,,0,organic,android
2026-06-20 14:22:55,NSK-0032,Новосибирск,product_view,,0,ads,android
2026-06-20 14:24:43,SPB-0079,Санкт-Петербург,visit,,0,ads,android
2026-06-20 14:28:38,KZN-0001,Казань,visit,,0,organic,web
2026-06-20 14:30:37,EKB-0014,Екатеринбург,product_view,,0,organic,android
2026-06-20 14:32:20,SPB-0103,Санкт-Петербург,visit,,0,referral,android
2026-06-20 14:34:22,KZN-0024,Казань,product_view,,0,ads,ios
2026-06-20 14:35:18,NSK-0048,Новосибирск,product_view,,0,organic,web
2026-06-20 14:36:07,SPB-0077,Санкт-Петербург,visit,,0,organic,web
2026-06-20 14:36:12,MSK-0041,Москва,purchase,ORD-000737,760.00,referral,android
2026-06-20 14:37:49,KZN-0059,Казань,visit,,0,organic,ios
2026-06-20 14:45:22,SPB-0103,Санкт-Петербург,product_view,,0,referral,android
2026-06-20 14:46:54,EKB-0019,Екатеринбург,visit,,0,ads,android
2026-06-20 14:47:04,KZN-0059,Казань,product_view,,0,organic,ios
2026-06-20 14:47:40,NSK-0011,Новосибирск,visit,,0,organic,ios
2026-06-20 14:48:50,KZN-0085,Казань,product_view,,0,organic,ios
2026-06-20 14:49:30,SPB-0036,Санкт-Петербург,purchase,ORD-000752,650.00,organic,ios
2026-06-20 14:50:32,MSK-0213,Москва,visit,,0,organic,android
2026-06-20 14:51:13,MSK-0169,Москва,visit,,0,organic,android
2026-06-20 14:54:29,SPB-0077,Санкт-Петербург,product_view,,0,organic,web
2026-06-20 14:55:03,SPB-0056,Санкт-Петербург,visit,,0,ads,ios
2026-06-20 14:59:39,MSK-0066,Москва,purchase,ORD-000742,880.00,organic,android
2026-06-20 14:59:40,KZN-0001,Казань,product_view,,0,organic,web
2026-06-20 15:00:14,SPB-0010,Санкт-Петербург,purchase,ORD-000749,730.00,organic,ios
2026-06-20 15:05:20,SPB-0213,Санкт-Петербург,visit,,0,organic,ios
2026-06-20 15:07:41,MSK-0213,Москва,product_view,,0,organic,android
2026-06-20 15:11:11,MSK-0179,Москва,visit,,0,referral,android
2026-06-20 15:14:06,NSK-0014,Новосибирск,visit,,0,organic,ios
2026-06-20 15:14:39,SPB-0056,Санкт-Петербург,product_view,,0,ads,ios
2026-06-20 15:15:48,NSK-0011,Новосибирск,product_view,,0,organic,ios
2026-06-20 15:18:34,MSK-0001,Москва,purchase,ORD-000735,270.00,organic,web
2026-06-20 15:19:03,MSK-0106,Москва,visit,,0,ads,android
2026-06-20 15:19:24,EKB-0116,Екатеринбург,visit,,0,organic,ios
2026-06-20 15:19:55,SPB-0010,Санкт-Петербург,visit,,0,organic,ios
2026-06-20 15:20:56,EKB-0099,Екатеринбург,visit,,0,organic,ios
2026-06-20 15:22:44,EKB-0019,Екатеринбург,product_view,,0,ads,android
2026-06-20 15:23:03,SPB-0056,Санкт-Петербург,product_view,,0,ads,ios
2026-06-20 15:24:08,EKB-0002,Екатеринбург,purchase,ORD-000762,220.00,organic,android
2026-06-20 15:24:59,NSK-0018,Новосибирск,visit,,0,organic,android
2026-06-20 15:28:01,KZN-0123,Казань,visit,,0,organic,ios
2026-06-20 15:30:14,SPB-0010,Санкт-Петербург,product_view,,0,organic,ios
2026-06-20 15:32:23,SPB-0213,Санкт-Петербург,product_view,,0,organic,ios
2026-06-20 15:34:12,MSK-0174,Москва,visit,,0,ads,ios
2026-06-20 15:37:53,MSK-0174,Москва,product_view,,0,ads,ios
2026-06-20 15:38:53,MSK-0179,Москва,product_view,,0,referral,android
2026-06-20 15:39:08,MSK-0202,Москва,visit,,0,organic,ios
2026-06-20 15:41:42,MSK-0068,Москва,purchase,ORD-000739,190.00,organic,android
2026-06-20 15:42:01,MSK-0171,Москва,visit,,0,organic,android
2026-06-20 15:42:55,SPB-0020,Санкт-Петербург,visit,,0,ads,ios
2026-06-20 15:43:17,KZN-0123,Казань,product_view,,0,organic,ios
2026-06-20 15:43:26,MSK-0195,Москва,visit,,0,organic,ios
2026-06-20 15:43:54,MSK-0202,Москва,product_view,,0,organic,ios
2026-06-20 15:44:01,KZN-0056,Казань,visit,,0,organic,ios
2026-06-20 15:48:25,KZN-0134,Казань,visit,,0,organic,ios
2026-06-20 15:49:03,SPB-0203,Санкт-Петербург,visit,,0,ads,android
2026-06-20 15:49:51,MSK-0088,Москва,visit,,0,organic,android
2026-06-20 15:51:19,SPB-0025,Санкт-Петербург,visit,,0,ads,ios
2026-06-20 15:51:23,MSK-0106,Москва,product_view,,0,ads,android
2026-06-20 15:51:30,EKB-0058,Екатеринбург,visit,,0,organic,web
2026-06-20 15:51:37,KZN-0026,Казань,visit,,0,organic,android
2026-06-20 15:52:50,EKB-0035,Екатеринбург,visit,,0,ads,android
2026-06-20 15:54:08,KZN-0026,Казань,product_view,,0,organic,android
2026-06-20 15:54:25,EKB-0009,Екатеринбург,visit,,0,organic,android
2026-06-20 15:54:28,EKB-0116,Екатеринбург,product_view,,0,organic,ios
2026-06-20 15:55:05,EKB-0058,Екатеринбург,product_view,,0,organic,web
2026-06-20 15:55:40,EKB-0041,Екатеринбург,visit,,0,ads,ios
2026-06-20 15:58:53,EKB-0041,Екатеринбург,product_view,,0,ads,ios
2026-06-20 15:59:40,EKB-0039,Екатеринбург,visit,,0,referral,web
2026-06-20 16:00:07,SPB-0017,Санкт-Петербург,visit,,0,organic,web
2026-06-20 16:00:26,NSK-0018,Новосибирск,product_view,,0,organic,android
2026-06-20 16:00:50,MSK-0202,Москва,product_view,,0,organic,ios
2026-06-20 16:01:27,SPB-0025,Санкт-Петербург,product_view,,0,ads,ios
2026-06-20 16:02:53,MSK-0171,Москва,product_view,,0,organic,android
2026-06-20 16:02:57,KZN-0026,Казань,purchase,ORD-000758,560.00,organic,android
2026-06-20 16:03:15,KZN-0011,Казань,visit,,0,ads,android
2026-06-20 16:06:03,SPB-0009,Санкт-Петербург,visit,,0,organic,ios
2026-06-20 16:06:11,EKB-0009,Екатеринбург,product_view,,0,organic,android
2026-06-20 16:09:06,EKB-0013,Екатеринбург,visit,,0,organic,android
2026-06-20 16:09:41,MSK-0068,Москва,visit,,0,organic,android
2026-06-20 16:10:02,SPB-0009,Санкт-Петербург,product_view,,0,organic,ios
2026-06-20 16:10:29,KZN-0021,Казань,purchase,ORD-000754,960.00,ads,ios
2026-06-20 16:11:15,SPB-0203,Санкт-Петербург,product_view,,0,ads,android
2026-06-20 16:12:54,EKB-0013,Екатеринбург,product_view,,0,organic,android
2026-06-20 16:13:18,MSK-0006,Москва,visit,,0,organic,web
2026-06-20 16:13:19,SPB-0017,Санкт-Петербург,product_view,,0,organic,web
2026-06-20 16:13:51,MSK-0043,Москва,visit,,0,referral,android
2026-06-20 16:14:50,MSK-0031,Москва,visit,,0,organic,android
2026-06-20 16:18:06,MSK-0130,Москва,visit,,0,organic,ios
2026-06-20 16:21:04,KZN-0134,Казань,product_view,,0,organic,ios
2026-06-20 16:23:40,SPB-0056,Санкт-Петербург,purchase,ORD-000745,860.00,ads,ios
2026-06-20 16:25:18,KZN-0026,Казань,product_view,,0,organic,android
2026-06-20 16:28:51,EKB-0039,Екатеринбург,product_view,,0,referral,web
2026-06-20 16:31:00,MSK-0031,Москва,product_view,,0,organic,android
2026-06-20 16:32:42,MSK-0068,Москва,product_view,,0,organic,android
2026-06-20 16:35:59,EKB-0040,Екатеринбург,visit,,0,organic,android
2026-06-20 16:36:16,KZN-0011,Казань,product_view,,0,ads,android
2026-06-20 16:36:27,MSK-0043,Москва,product_view,,0,referral,android
2026-06-20 16:37:03,KZN-0041,Казань,visit,,0,organic,android
2026-06-20 16:38:37,KZN-0058,Казань,visit,,0,organic,android
2026-06-20 16:39:51,MSK-0265,Москва,visit,,0,organic,android
2026-06-20 16:43:20,EKB-0002,Екатеринбург,visit,,0,organic,android
2026-06-20 16:49:42,SPB-0003,Санкт-Петербург,purchase,ORD-000750,220.00,organic,ios
2026-06-20 16:51:37,EKB-0013,Екатеринбург,product_view,,0,organic,android
2026-06-20 17:01:33,SPB-0163,Санкт-Петербург,visit,,0,ads,android
2026-06-20 17:02:50,EKB-0002,Екатеринбург,product_view,,0,organic,android
2026-06-20 17:03:01,NSK-0008,Новосибирск,purchase,ORD-000768,360.00,organic,android
2026-06-20 17:06:07,MSK-0265,Москва,product_view,,0,organic,android
2026-06-20 17:08:41,KZN-0024,Казань,purchase,ORD-000759,180.00,ads,ios
2026-06-20 17:08:47,MSK-0208,Москва,visit,,0,referral,ios
2026-06-20 17:10:11,EKB-0028,Екатеринбург,visit,,0,referral,android
2026-06-20 17:10:26,MSK-0280,Москва,visit,,0,referral,web
2026-06-20 17:18:22,EKB-0002,Екатеринбург,product_view,,0,organic,android
2026-06-20 17:18:40,SPB-0163,Санкт-Петербург,product_view,,0,ads,android
2026-06-20 17:19:19,MSK-0086,Москва,visit,,0,organic,android
2026-06-20 17:19:38,MSK-0280,Москва,product_view,,0,referral,web
2026-06-20 17:21:34,SPB-0160,Санкт-Петербург,visit,,0,referral,ios
2026-06-20 17:25:07,MSK-0189,Москва,visit,,0,organic,android
2026-06-20 17:26:48,EKB-0017,Екатеринбург,visit,,0,organic,web
2026-06-20 17:27:50,SPB-0034,Санкт-Петербург,visit,,0,organic,android
2026-06-20 17:28:25,EKB-0028,Екатеринбург,product_view,,0,referral,android
2026-06-20 17:29:46,MSK-0178,Москва,visit,,0,ads,android
2026-06-20 17:30:08,SPB-0160,Санкт-Петербург,product_view,,0,referral,ios
2026-06-20 17:30:48,SPB-0034,Санкт-Петербург,product_view,,0,organic,android
2026-06-20 17:31:42,MSK-0012,Москва,purchase,ORD-000736,1010.00,ads,ios
2026-06-20 17:35:17,NSK-0080,Новосибирск,visit,,0,ads,ios
2026-06-20 17:35:28,NSK-0020,Новосибирск,purchase,ORD-000769,250.00,organic,android
2026-06-20 17:35:34,EKB-0017,Екатеринбург,product_view,,0,organic,web
2026-06-20 17:36:39,KZN-0004,Казань,purchase,ORD-000760,260.00,organic,android
2026-06-20 17:38:18,SPB-0052,Санкт-Петербург,visit,,0,organic,android
2026-06-20 17:38:45,SPB-0014,Санкт-Петербург,visit,,0,organic,web
2026-06-20 17:39:10,KZN-0098,Казань,visit,,0,organic,android
2026-06-20 17:41:04,MSK-0208,Москва,product_view,,0,referral,ios
2026-06-20 17:41:48,MSK-0189,Москва,product_view,,0,organic,android
2026-06-20 17:41:56,NSK-0047,Новосибирск,visit,,0,organic,android
2026-06-20 17:43:14,EKB-0089,Екатеринбург,visit,,0,organic,android
2026-06-20 17:43:50,SPB-0007,Санкт-Петербург,purchase,ORD-000747,430.00,organic,web
2026-06-20 17:45:11,EKB-0089,Екатеринбург,product_view,,0,organic,android
2026-06-20 17:46:37,SPB-0034,Санкт-Петербург,product_view,,0,organic,android
2026-06-20 17:48:47,NSK-0011,Новосибирск,purchase,ORD-000767,290.00,organic,ios
2026-06-20 17:51:16,NSK-0080,Новосибирск,product_view,,0,ads,ios
2026-06-20 17:52:37,EKB-0081,Екатеринбург,visit,,0,organic,android
2026-06-20 17:54:47,MSK-0178,Москва,product_view,,0,ads,android
2026-06-20 17:55:01,SPB-0160,Санкт-Петербург,product_view,,0,referral,ios
2026-06-20 17:56:11,NSK-0047,Новосибирск,product_view,,0,organic,android
2026-06-20 17:56:22,MSK-0034,Москва,visit,,0,organic,android
2026-06-20 17:58:47,KZN-0015,Казань,visit,,0,ads,android
2026-06-20 18:01:21,MSK-0129,Москва,visit,,0,ads,ios
2026-06-20 18:07:08,NSK-0080,Новосибирск,product_view,,0,ads,ios
2026-06-20 18:10:32,SPB-0044,Санкт-Петербург,visit,,0,organic,ios
2026-06-20 18:10:36,NSK-0047,Новосибирск,product_view,,0,organic,android
2026-06-20 18:11:23,EKB-0075,Екатеринбург,visit,,0,organic,ios
2026-06-20 18:12:34,KZN-0030,Казань,visit,,0,ads,android
2026-06-20 18:14:19,MSK-0034,Москва,product_view,,0,organic,android
2026-06-20 18:20:06,MSK-0059,Москва,purchase,ORD-000733,670.00,organic,ios
2026-06-20 18:20:34,MSK-0004,Москва,visit,,0,referral,ios
2026-06-20 18:22:04,MSK-0238,Москва,visit,,0,ads,android
2026-06-20 18:24:58,KZN-0015,Казань,product_view,,0,ads,android
2026-06-20 18:28:40,KZN-0049,Казань,visit,,0,organic,android
2026-06-20 18:29:14,NSK-0040,Новосибирск,visit,,0,referral,android
2026-06-20 18:34:20,KZN-0030,Казань,product_view,,0,ads,android
2026-06-20 18:35:34,MSK-0129,Москва,product_view,,0,ads,ios
2026-06-20 18:35:46,KZN-0080,Казань,visit,,0,organic,android
2026-06-20 18:36:02,SPB-0044,Санкт-Петербург,product_view,,0,organic,ios
2026-06-20 18:37:19,MSK-0010,Москва,visit,,0,ads,android
2026-06-20 18:38:48,SPB-0183,Санкт-Петербург,visit,,0,organic,android
2026-06-20 18:41:49,SPB-0036,Санкт-Петербург,visit,,0,organic,ios
2026-06-20 18:42:46,EKB-0075,Екатеринбург,product_view,,0,organic,ios
2026-06-20 18:46:24,MSK-0036,Москва,visit,,0,organic,ios
2026-06-20 18:46:54,SPB-0036,Санкт-Петербург,product_view,,0,organic,ios
2026-06-20 18:48:40,SPB-0050,Санкт-Петербург,visit,,0,organic,web
2026-06-20 18:49:19,EKB-0009,Екатеринбург,purchase,ORD-000763,550.00,organic,android
2026-06-20 18:49:44,SPB-0011,Санкт-Петербург,visit,,0,ads,android
2026-06-20 18:52:50,SPB-0016,Санкт-Петербург,purchase,ORD-000753,650.00,referral,ios
2026-06-20 18:53:37,MSK-0108,Москва,visit,,0,organic,ios
2026-06-20 18:54:25,MSK-0010,Москва,product_view,,0,ads,android
2026-06-20 18:54:51,KZN-0096,Казань,visit,,0,referral,ios
2026-06-20 18:57:08,MSK-0108,Москва,product_view,,0,organic,ios
2026-06-20 18:59:43,SPB-0016,Санкт-Петербург,visit,,0,referral,ios
2026-06-20 18:59:57,SPB-0183,Санкт-Петербург,product_view,,0,organic,android
2026-06-20 19:03:57,MSK-0036,Москва,product_view,,0,organic,ios
2026-06-20 19:04:59,KZN-0001,Казань,purchase,ORD-000755,260.00,organic,web
2026-06-20 19:05:26,NSK-0040,Новосибирск,product_view,,0,referral,android
2026-06-20 19:30:40,SPB-0016,Санкт-Петербург,product_view,,0,referral,ios
2026-06-20 20:01:36,KZN-0001,Казань,purchase,ORD-000756,960.00,organic,web
2026-06-20 20:08:51,EKB-0013,Екатеринбург,purchase,ORD-000765,220.00,organic,android
2026-06-20 20:10:39,MSK-0054,Москва,purchase,ORD-000744,360.00,organic,android
2026-06-20 20:31:03,MSK-0039,Москва,purchase,ORD-000734,670.00,referral,android
2026-06-20 20:56:01,EKB-0002,Екатеринбург,purchase,ORD-000761,290.00,organic,android
2026-06-20 20:56:19,SPB-0025,Санкт-Петербург,purchase,ORD-000751,310.00,ads,ios
2026-06-20 21:26:26,EKB-0019,Екатеринбург,purchase,ORD-000766,290.00,ads,android
2026-06-20 21:44:26,SPB-0034,Санкт-Петербург,purchase,ORD-000746,650.00,organic,android
2026-06-21 02:21:06,TEST-KZN-0021,Казань,purchase,TEST-00021,110.00,test,web
2026-06-21 02:51:56,TEST-KZN-0051,Казань,purchase,TEST-00051,110.00,test,android
2026-06-21 03:21:10,TEST-KZN-0081,Казань,purchase,TEST-00081,110.00,test,android
2026-06-21 03:51:41,TEST-KZN-0111,Казань,purchase,TEST-00111,110.00,test,web
2026-06-21 08:00:46,SPB-0103,Санкт-Петербург,visit,,0,referral,android
2026-06-21 08:02:40,MSK-0016,Москва,visit,,0,ads,ios
2026-06-21 08:12:29,SPB-0182,Санкт-Петербург,visit,,0,referral,android
2026-06-21 08:20:26,NSK-0088,Новосибирск,visit,,0,organic,web
2026-06-21 08:20:33,NSK-0027,Новосибирск,visit,,0,organic,web
2026-06-21 08:20:58,SPB-0103,Санкт-Петербург,product_view,,0,referral,android
2026-06-21 08:24:12,NSK-0025,Новосибирск,visit,,0,ads,android
2026-06-21 08:25:44,KZN-0006,Казань,visit,,0,organic,ios
2026-06-21 08:27:22,SPB-0050,Санкт-Петербург,visit,,0,organic,web
2026-06-21 08:29:59,SPB-0026,Санкт-Петербург,visit,,0,organic,android
2026-06-21 08:31:39,NSK-0027,Новосибирск,product_view,,0,organic,web
2026-06-21 08:32:39,MSK-0164,Москва,visit,,0,ads,ios
2026-06-21 08:34:56,MSK-0016,Москва,product_view,,0,ads,ios
2026-06-21 08:36:14,MSK-0218,Москва,visit,,0,ads,ios
2026-06-21 08:36:46,SPB-0103,Санкт-Петербург,product_view,,0,referral,android
2026-06-21 08:38:42,MSK-0276,Москва,visit,,0,organic,ios
2026-06-21 08:38:55,MSK-0069,Москва,visit,,0,organic,web
2026-06-21 08:41:00,SPB-0098,Санкт-Петербург,visit,,0,organic,android
2026-06-21 08:42:27,KZN-0006,Казань,product_view,,0,organic,ios
2026-06-21 08:42:31,MSK-0215,Москва,visit,,0,organic,ios
2026-06-21 08:46:29,NSK-0035,Новосибирск,visit,,0,ads,ios
2026-06-21 08:47:50,SPB-0026,Санкт-Петербург,product_view,,0,organic,android
2026-06-21 08:53:38,EKB-0032,Екатеринбург,visit,,0,referral,ios
2026-06-21 08:54:22,SPB-0098,Санкт-Петербург,product_view,,0,organic,android
2026-06-21 08:55:00,MSK-0122,Москва,visit,,0,organic,android
2026-06-21 08:57:47,NSK-0035,Новосибирск,product_view,,0,ads,ios
2026-06-21 08:58:44,MSK-0044,Москва,visit,,0,organic,ios
2026-06-21 08:58:59,SPB-0026,Санкт-Петербург,product_view,,0,organic,android
2026-06-21 09:00:52,NSK-0025,Новосибирск,product_view,,0,ads,android
2026-06-21 09:01:50,KZN-0010,Казань,visit,,0,ads,android
2026-06-21 09:03:35,EKB-0032,Екатеринбург,product_view,,0,referral,ios
2026-06-21 09:03:55,SPB-0050,Санкт-Петербург,product_view,,0,organic,web
2026-06-21 09:07:05,SPB-0050,Санкт-Петербург,product_view,,0,organic,web
2026-06-21 09:08:24,MSK-0215,Москва,product_view,,0,organic,ios
2026-06-21 09:08:45,MSK-0044,Москва,product_view,,0,organic,ios
2026-06-21 09:09:02,MSK-0113,Москва,visit,,0,organic,android
2026-06-21 09:09:57,MSK-0069,Москва,product_view,,0,organic,web
2026-06-21 09:10:21,MSK-0122,Москва,product_view,,0,organic,android
2026-06-21 09:13:01,NSK-0008,Новосибирск,visit,,0,organic,android
2026-06-21 09:16:34,NSK-0018,Новосибирск,visit,,0,organic,android
2026-06-21 09:17:29,SPB-0157,Санкт-Петербург,visit,,0,organic,android
2026-06-21 09:20:20,KZN-0010,Казань,product_view,,0,ads,android
2026-06-21 09:20:30,SPB-0190,Санкт-Петербург,visit,,0,ads,ios
2026-06-21 09:22:09,SPB-0190,Санкт-Петербург,product_view,,0,ads,ios
2026-06-21 09:25:06,MSK-0115,Москва,visit,,0,referral,android
2026-06-21 09:28:36,NSK-0021,Новосибирск,visit,,0,organic,web
2026-06-21 09:30:47,NSK-0071,Новосибирск,visit,,0,ads,android
2026-06-21 09:32:59,SPB-0190,Санкт-Петербург,product_view,,0,ads,ios
2026-06-21 09:33:49,MSK-0249,Москва,visit,,0,ads,ios
2026-06-21 09:38:34,MSK-0115,Москва,product_view,,0,referral,android
2026-06-21 09:40:55,NSK-0018,Новосибирск,product_view,,0,organic,android
2026-06-21 09:44:38,MSK-0113,Москва,product_view,,0,organic,android
2026-06-21 09:52:45,EKB-0035,Екатеринбург,visit,,0,ads,android
2026-06-21 09:53:01,NSK-0021,Новосибирск,product_view,,0,organic,web
2026-06-21 09:53:50,NSK-0071,Новосибирск,product_view,,0,ads,android
2026-06-21 09:58:12,MSK-0249,Москва,product_view,,0,ads,ios
2026-06-21 10:01:58,EKB-0005,Екатеринбург,visit,,0,organic,android
2026-06-21 10:12:46,MSK-0022,Москва,visit,,0,organic,android
2026-06-21 10:16:59,SPB-0147,Санкт-Петербург,visit,,0,organic,ios
2026-06-21 10:17:21,MSK-0022,Москва,product_view,,0,organic,android
2026-06-21 10:17:32,EKB-0005,Екатеринбург,product_view,,0,organic,android
2026-06-21 10:19:53,EKB-0035,Екатеринбург,product_view,,0,ads,android
2026-06-21 10:21:28,SPB-0043,Санкт-Петербург,visit,,0,organic,ios
2026-06-21 10:28:05,NSK-0050,Новосибирск,visit,,0,ads,web
2026-06-21 10:29:29,SPB-0043,Санкт-Петербург,product_view,,0,organic,ios
2026-06-21 10:32:00,EKB-0003,Екатеринбург,purchase,ORD-000806,710.00,organic,android
2026-06-21 10:32:07,SPB-0147,Санкт-Петербург,product_view,,0,organic,ios
2026-06-21 10:32:10,KZN-0040,Казань,visit,,0,organic,android
2026-06-21 10:42:52,KZN-0005,Казань,purchase,ORD-000800,640.00,ads,ios
2026-06-21 10:48:21,MSK-0191,Москва,visit,,0,referral,ios
2026-06-21 10:49:29,MSK-0011,Москва,purchase,ORD-000773,320.00,organic,android
2026-06-21 10:53:03,MSK-0191,Москва,product_view,,0,referral,ios
2026-06-21 10:53:12,NSK-0093,Новосибирск,visit,,0,ads,ios
2026-06-21 10:53:25,NSK-0024,Новосибирск,visit,,0,organic,android
2026-06-21 10:53:42,NSK-0050,Новосибирск,product_view,,0,ads,web
2026-06-21 10:55:15,EKB-0092,Екатеринбург,visit,,0,ads,web
2026-06-21 10:56:42,NSK-0093,Новосибирск,product_view,,0,ads,ios
2026-06-21 10:57:37,EKB-0003,Екатеринбург,visit,,0,organic,android
2026-06-21 10:58:39,EKB-0066,Екатеринбург,visit,,0,organic,ios
2026-06-21 10:59:52,SPB-0006,Санкт-Петербург,visit,,0,referral,ios
2026-06-21 11:01:37,MSK-0070,Москва,visit,,0,organic,android
2026-06-21 11:05:09,EKB-0092,Екатеринбург,product_view,,0,ads,web
2026-06-21 11:06:24,EKB-0085,Екатеринбург,visit,,0,organic,ios
2026-06-21 11:06:55,KZN-0119,Казань,visit,,0,referral,web
2026-06-21 11:08:44,KZN-0040,Казань,product_view,,0,organic,android
2026-06-21 11:10:15,SPB-0080,Санкт-Петербург,visit,,0,organic,android
2026-06-21 11:10:43,MSK-0133,Москва,visit,,0,organic,android
2026-06-21 11:11:52,EKB-0066,Екатеринбург,product_view,,0,organic,ios
2026-06-21 11:12:42,MSK-0028,Москва,visit,,0,referral,android
2026-06-21 11:13:14,SPB-0006,Санкт-Петербург,product_view,,0,referral,ios
2026-06-21 11:15:43,EKB-0058,Екатеринбург,visit,,0,organic,web
2026-06-21 11:17:02,MSK-0051,Москва,purchase,ORD-000777,400.00,organic,android
2026-06-21 11:17:52,EKB-0003,Екатеринбург,product_view,,0,organic,android
2026-06-21 11:18:56,MSK-0133,Москва,product_view,,0,organic,android
2026-06-21 11:20:37,KZN-0086,Казань,visit,,0,organic,ios
2026-06-21 11:21:56,SPB-0153,Санкт-Петербург,visit,,0,ads,android
2026-06-21 11:25:05,SPB-0006,Санкт-Петербург,purchase,ORD-000786,350.00,referral,ios
2026-06-21 11:28:01,EKB-0003,Екатеринбург,product_view,,0,organic,android
2026-06-21 11:28:14,MSK-0288,Москва,visit,,0,ads,android
2026-06-21 11:30:05,EKB-0066,Екатеринбург,product_view,,0,organic,ios
2026-06-21 11:30:29,MSK-0193,Москва,visit,,0,organic,android
2026-06-21 11:30:48,EKB-0085,Екатеринбург,product_view,,0,organic,ios
2026-06-21 11:34:11,KZN-0031,Казань,visit,,0,organic,web
2026-06-21 11:34:24,KZN-0119,Казань,product_view,,0,referral,web
2026-06-21 11:35:36,MSK-0070,Москва,product_view,,0,organic,android
2026-06-21 11:37:55,MSK-0175,Москва,visit,,0,organic,web
2026-06-21 11:38:49,KZN-0042,Казань,visit,,0,organic,ios
2026-06-21 11:40:18,EKB-0085,Екатеринбург,product_view,,0,organic,ios
2026-06-21 11:42:10,KZN-0042,Казань,product_view,,0,organic,ios
2026-06-21 11:42:12,EKB-0020,Екатеринбург,visit,,0,ads,ios
2026-06-21 11:42:39,KZN-0086,Казань,product_view,,0,organic,ios
2026-06-21 11:43:56,MSK-0114,Москва,visit,,0,organic,android
2026-06-21 11:46:10,KZN-0128,Казань,visit,,0,organic,ios
2026-06-21 11:48:47,MSK-0288,Москва,product_view,,0,ads,android
2026-06-21 11:48:52,MSK-0104,Москва,visit,,0,ads,ios
2026-06-21 11:50:44,MSK-0104,Москва,product_view,,0,ads,ios
2026-06-21 11:53:13,KZN-0031,Казань,product_view,,0,organic,web
2026-06-21 11:54:11,MSK-0108,Москва,visit,,0,organic,ios
2026-06-21 11:56:46,MSK-0148,Москва,visit,,0,ads,ios
2026-06-21 12:01:19,KZN-0128,Казань,product_view,,0,organic,ios
2026-06-21 12:06:44,MSK-0056,Москва,visit,,0,organic,android
2026-06-21 12:08:22,EKB-0073,Екатеринбург,visit,,0,ads,web
2026-06-21 12:15:29,NSK-0003,Новосибирск,visit,,0,ads,ios
2026-06-21 12:18:40,SPB-0029,Санкт-Петербург,visit,,0,referral,ios
2026-06-21 12:19:21,MSK-0239,Москва,visit,,0,ads,ios
2026-06-21 12:19:34,EKB-0093,Екатеринбург,visit,,0,ads,android
2026-06-21 12:23:18,SPB-0176,Санкт-Петербург,visit,,0,organic,ios
2026-06-21 12:24:01,KZN-0039,Казань,visit,,0,ads,android
2026-06-21 12:25:13,MSK-0063,Москва,purchase,ORD-000778,670.00,organic,web
2026-06-21 12:31:27,EKB-0005,Екатеринбург,purchase,ORD-000805,940.00,organic,android
2026-06-21 12:34:01,MSK-0011,Москва,visit,,0,organic,android
2026-06-21 12:36:24,NSK-0003,Новосибирск,product_view,,0,ads,ios
2026-06-21 12:36:45,MSK-0239,Москва,product_view,,0,ads,ios
2026-06-21 12:37:36,SPB-0176,Санкт-Петербург,product_view,,0,organic,ios
2026-06-21 12:40:17,MSK-0056,Москва,product_view,,0,organic,android
2026-06-21 12:41:09,KZN-0026,Казань,visit,,0,organic,android
2026-06-21 12:42:18,KZN-0039,Казань,product_view,,0,ads,android
2026-06-21 12:42:47,SPB-0110,Санкт-Петербург,visit,,0,organic,ios
2026-06-21 12:48:32,EKB-0093,Екатеринбург,product_view,,0,ads,android
2026-06-21 12:49:19,KZN-0133,Казань,visit,,0,referral,android
2026-06-21 12:50:35,KZN-0026,Казань,purchase,ORD-000799,340.00,organic,android
2026-06-21 12:53:45,MSK-0011,Москва,product_view,,0,organic,android
2026-06-21 12:55:46,SPB-0128,Санкт-Петербург,visit,,0,organic,android
2026-06-21 12:55:57,SPB-0176,Санкт-Петербург,product_view,,0,organic,ios
2026-06-21 12:56:05,KZN-0026,Казань,product_view,,0,organic,android
2026-06-21 12:58:44,KZN-0133,Казань,product_view,,0,referral,android
2026-06-21 12:58:46,SPB-0076,Санкт-Петербург,visit,,0,referral,web
2026-06-21 13:01:24,MSK-0162,Москва,visit,,0,ads,ios
2026-06-21 13:03:52,SPB-0063,Санкт-Петербург,visit,,0,organic,android
2026-06-21 13:07:11,EKB-0111,Екатеринбург,visit,,0,organic,web
2026-06-21 13:08:04,KZN-0026,Казань,product_view,,0,organic,android
2026-06-21 13:09:24,KZN-0039,Казань,product_view,,0,ads,android
2026-06-21 13:12:33,MSK-0011,Москва,product_view,,0,organic,android
2026-06-21 13:12:45,EKB-0004,Екатеринбург,visit,,0,ads,web
2026-06-21 13:13:46,SPB-0076,Санкт-Петербург,product_view,,0,referral,web
2026-06-21 13:16:41,KZN-0001,Казань,visit,,0,organic,web
2026-06-21 13:17:37,SPB-0110,Санкт-Петербург,product_view,,0,organic,ios
2026-06-21 13:18:47,SPB-0167,Санкт-Петербург,visit,,0,ads,ios
2026-06-21 13:23:18,SPB-0056,Санкт-Петербург,visit,,0,ads,ios
2026-06-21 13:25:08,SPB-0076,Санкт-Петербург,product_view,,0,referral,web
2026-06-21 13:25:18,SPB-0110,Санкт-Петербург,product_view,,0,organic,ios
2026-06-21 13:25:41,MSK-0147,Москва,visit,,0,organic,web
2026-06-21 13:26:43,EKB-0026,Екатеринбург,visit,,0,referral,android
2026-06-21 13:27:35,EKB-0100,Екатеринбург,visit,,0,organic,web
2026-06-21 13:28:51,SPB-0056,Санкт-Петербург,product_view,,0,ads,ios
2026-06-21 13:30:26,KZN-0001,Казань,product_view,,0,organic,web
2026-06-21 13:31:13,MSK-0120,Москва,visit,,0,organic,android
2026-06-21 13:31:37,MSK-0216,Москва,visit,,0,ads,android
2026-06-21 13:33:23,SPB-0009,Санкт-Петербург,purchase,ORD-000794,390.00,organic,ios
2026-06-21 13:33:54,EKB-0111,Екатеринбург,product_view,,0,organic,web
2026-06-21 13:34:16,EKB-0026,Екатеринбург,product_view,,0,referral,android
2026-06-21 13:35:06,SPB-0063,Санкт-Петербург,product_view,,0,organic,android
2026-06-21 13:37:38,NSK-0023,Новосибирск,visit,,0,organic,ios
2026-06-21 13:41:21,KZN-0127,Казань,visit,,0,referral,web
2026-06-21 13:48:46,SPB-0049,Санкт-Петербург,purchase,ORD-000789,570.00,organic,ios
2026-06-21 13:51:46,SPB-0049,Санкт-Петербург,visit,,0,organic,ios
2026-06-21 13:51:46,SPB-0059,Санкт-Петербург,visit,,0,ads,web
2026-06-21 13:52:59,NSK-0025,Новосибирск,purchase,ORD-000811,250.00,ads,android
2026-06-21 13:54:10,SPB-0164,Санкт-Петербург,visit,,0,organic,android
2026-06-21 13:54:19,MSK-0283,Москва,visit,,0,ads,ios
2026-06-21 13:56:14,MSK-0216,Москва,product_view,,0,ads,android
2026-06-21 14:03:27,KZN-0127,Казань,product_view,,0,referral,web
2026-06-21 14:07:28,NSK-0023,Новосибирск,product_view,,0,organic,ios
2026-06-21 14:14:55,SPB-0049,Санкт-Петербург,product_view,,0,organic,ios
2026-06-21 14:17:05,KZN-0008,Казань,purchase,ORD-000795,220.00,organic,android
2026-06-21 14:20:01,MSK-0266,Москва,visit,,0,organic,ios
2026-06-21 14:21:01,MSK-0168,Москва,visit,,0,ads,ios
2026-06-21 14:22:49,MSK-0266,Москва,product_view,,0,organic,ios
2026-06-21 14:24:27,SPB-0049,Санкт-Петербург,product_view,,0,organic,ios
2026-06-21 14:27:28,MSK-0283,Москва,product_view,,0,ads,ios
2026-06-21 14:28:36,MSK-0044,Москва,purchase,ORD-000782,230.00,organic,ios
2026-06-21 14:31:09,MSK-0297,Москва,visit,,0,ads,android
2026-06-21 14:32:53,SPB-0197,Санкт-Петербург,visit,,0,organic,android
2026-06-21 14:33:16,MSK-0283,Москва,product_view,,0,ads,ios
2026-06-21 14:38:05,NSK-0076,Новосибирск,visit,,0,ads,ios
2026-06-21 14:41:59,NSK-0016,Новосибирск,visit,,0,referral,android
2026-06-21 14:42:20,SPB-0047,Санкт-Петербург,visit,,0,organic,android
2026-06-21 14:43:23,MSK-0266,Москва,product_view,,0,organic,ios
2026-06-21 14:45:12,MSK-0009,Москва,visit,,0,organic,ios
2026-06-21 14:45:54,SPB-0124,Санкт-Петербург,visit,,0,referral,android
2026-06-21 14:46:26,KZN-0028,Казань,visit,,0,organic,web
2026-06-21 14:49:19,MSK-0256,Москва,visit,,0,organic,web
2026-06-21 14:50:14,NSK-0076,Новосибирск,product_view,,0,ads,ios
2026-06-21 14:53:29,SPB-0008,Санкт-Петербург,visit,,0,ads,android
2026-06-21 14:55:29,SPB-0050,Санкт-Петербург,purchase,ORD-000788,270.00,organic,web
2026-06-21 15:00:20,MSK-0051,Москва,visit,,0,organic,android
2026-06-21 15:01:35,KZN-0134,Казань,visit,,0,organic,ios
2026-06-21 15:06:15,MSK-0051,Москва,product_view,,0,organic,android
2026-06-21 15:08:59,KZN-0028,Казань,product_view,,0,organic,web
2026-06-21 15:09:34,KZN-0019,Казань,visit,,0,organic,web
2026-06-21 15:10:03,MSK-0009,Москва,product_view,,0,organic,ios
2026-06-21 15:11:43,SPB-0008,Санкт-Петербург,product_view,,0,ads,android
2026-06-21 15:12:04,MSK-0051,Москва,product_view,,0,organic,android
2026-06-21 15:12:35,KZN-0069,Казань,visit,,0,organic,android
2026-06-21 15:12:51,SPB-0124,Санкт-Петербург,product_view,,0,referral,android
2026-06-21 15:14:36,KZN-0134,Казань,product_view,,0,organic,ios
2026-06-21 15:21:22,SPB-0051,Санкт-Петербург,visit,,0,organic,ios
2026-06-21 15:26:33,EKB-0009,Екатеринбург,visit,,0,organic,android
2026-06-21 15:27:29,SPB-0138,Санкт-Петербург,visit,,0,referral,ios
2026-06-21 15:35:00,KZN-0019,Казань,product_view,,0,organic,web
2026-06-21 15:37:34,KZN-0117,Казань,visit,,0,ads,ios
2026-06-21 15:38:11,EKB-0009,Екатеринбург,product_view,,0,organic,android
2026-06-21 15:40:39,MSK-0198,Москва,visit,,0,organic,android
2026-06-21 15:41:27,EKB-0009,Екатеринбург,product_view,,0,organic,android
2026-06-21 15:42:00,MSK-0063,Москва,visit,,0,organic,web
2026-06-21 15:42:48,MSK-0002,Москва,visit,,0,organic,android
2026-06-21 15:42:54,NSK-0014,Новосибирск,visit,,0,organic,ios
2026-06-21 15:45:17,MSK-0198,Москва,product_view,,0,organic,android
2026-06-21 15:46:22,EKB-0038,Екатеринбург,visit,,0,organic,web
2026-06-21 15:47:13,EKB-0001,Екатеринбург,visit,,0,referral,ios
2026-06-21 15:48:51,KZN-0069,Казань,product_view,,0,organic,android
2026-06-21 15:49:21,NSK-0031,Новосибирск,visit,,0,ads,android
2026-06-21 15:49:37,SPB-0094,Санкт-Петербург,visit,,0,referral,android
2026-06-21 15:52:15,MSK-0128,Москва,visit,,0,organic,android
2026-06-21 15:53:08,NSK-0014,Новосибирск,product_view,,0,organic,ios
2026-06-21 15:53:25,MSK-0198,Москва,product_view,,0,organic,android
2026-06-21 15:54:06,SPB-0051,Санкт-Петербург,product_view,,0,organic,ios
2026-06-21 16:03:18,MSK-0057,Москва,visit,,0,referral,android
2026-06-21 16:03:52,MSK-0002,Москва,product_view,,0,organic,android
2026-06-21 16:04:30,SPB-0060,Санкт-Петербург,visit,,0,ads,android
2026-06-21 16:05:42,SPB-0031,Санкт-Петербург,purchase,ORD-000790,220.00,ads,android
2026-06-21 16:06:55,SPB-0091,Санкт-Петербург,visit,,0,organic,ios
2026-06-21 16:10:12,MSK-0063,Москва,product_view,,0,organic,web
2026-06-21 16:11:44,SPB-0060,Санкт-Петербург,product_view,,0,ads,android
2026-06-21 16:13:26,SPB-0075,Санкт-Петербург,visit,,0,organic,android
2026-06-21 16:13:36,EKB-0001,Екатеринбург,product_view,,0,referral,ios
2026-06-21 16:14:05,EKB-0048,Екатеринбург,visit,,0,ads,android
2026-06-21 16:14:32,KZN-0092,Казань,visit,,0,organic,android
2026-06-21 16:15:57,NSK-0015,Новосибирск,visit,,0,organic,web
2026-06-21 16:16:02,MSK-0240,Москва,visit,,0,organic,ios
2026-06-21 16:17:58,NSK-0031,Новосибирск,product_view,,0,ads,android
2026-06-21 16:21:11,EKB-0067,Екатеринбург,visit,,0,organic,ios
2026-06-21 16:22:43,NSK-0014,Новосибирск,product_view,,0,organic,ios
2026-06-21 16:26:51,MSK-0057,Москва,product_view,,0,referral,android
2026-06-21 16:28:12,KZN-0092,Казань,product_view,,0,organic,android
2026-06-21 16:31:16,EKB-0115,Екатеринбург,visit,,0,organic,android
2026-06-21 16:34:28,EKB-0067,Екатеринбург,product_view,,0,organic,ios
2026-06-21 16:35:15,MSK-0012,Москва,visit,,0,ads,ios
2026-06-21 16:35:46,KZN-0060,Казань,visit,,0,referral,android
2026-06-21 16:36:20,NSK-0015,Новосибирск,product_view,,0,organic,web
2026-06-21 16:38:05,EKB-0026,Екатеринбург,purchase,ORD-000801,370.00,referral,android
2026-06-21 16:39:37,EKB-0115,Екатеринбург,product_view,,0,organic,android
2026-06-21 16:40:18,EKB-0067,Екатеринбург,product_view,,0,organic,ios
2026-06-21 16:41:16,MSK-0012,Москва,product_view,,0,ads,ios
2026-06-21 16:43:00,MSK-0057,Москва,product_view,,0,referral,android
2026-06-21 16:44:08,MSK-0214,Москва,visit,,0,referral,ios
2026-06-21 16:44:30,MSK-0263,Москва,visit,,0,organic,android
2026-06-21 16:46:25,SPB-0031,Санкт-Петербург,visit,,0,ads,android
2026-06-21 16:48:39,SPB-0075,Санкт-Петербург,product_view,,0,organic,android
2026-06-21 16:51:21,KZN-0008,Казань,visit,,0,organic,android
2026-06-21 16:51:44,SPB-0026,Санкт-Петербург,purchase,ORD-000792,270.00,organic,android
2026-06-21 16:52:49,SPB-0194,Санкт-Петербург,visit,,0,ads,android
2026-06-21 16:54:49,KZN-0060,Казань,product_view,,0,referral,android
2026-06-21 16:57:46,KZN-0008,Казань,product_view,,0,organic,android
2026-06-21 16:59:03,EKB-0087,Екатеринбург,visit,,0,organic,android
2026-06-21 17:04:18,SPB-0175,Санкт-Петербург,visit,,0,organic,web
2026-06-21 17:08:48,MSK-0205,Москва,visit,,0,organic,ios
2026-06-21 17:09:03,KZN-0003,Казань,visit,,0,ads,web
2026-06-21 17:09:58,SPB-0031,Санкт-Петербург,product_view,,0,ads,android
2026-06-21 17:10:17,MSK-0012,Москва,product_view,,0,ads,ios
2026-06-21 17:10:49,SPB-0205,Санкт-Петербург,visit,,0,organic,ios
2026-06-21 17:11:03,MSK-0063,Москва,purchase,ORD-000779,190.00,organic,web
2026-06-21 17:11:09,EKB-0087,Екатеринбург,product_view,,0,organic,android
2026-06-21 17:11:23,KZN-0021,Казань,visit,,0,ads,ios
2026-06-21 17:11:27,MSK-0012,Москва,purchase,ORD-000785,590.00,ads,ios
2026-06-21 17:13:59,KZN-0079,Казань,visit,,0,ads,ios
2026-06-21 17:17:27,SPB-0194,Санкт-Петербург,product_view,,0,ads,android
2026-06-21 17:18:39,MSK-0022,Москва,purchase,ORD-000771,590.00,organic,android
2026-06-21 17:19:25,KZN-0012,Казань,visit,,0,referral,ios
2026-06-21 17:19:52,MSK-0217,Москва,visit,,0,organic,ios
2026-06-21 17:23:20,MSK-0217,Москва,product_view,,0,organic,ios
2026-06-21 17:26:13,KZN-0003,Казань,product_view,,0,ads,web
2026-06-21 17:29:30,SPB-0175,Санкт-Петербург,product_view,,0,organic,web
2026-06-21 17:31:12,MSK-0075,Москва,visit,,0,referral,android
2026-06-21 17:32:52,NSK-0018,Новосибирск,purchase,ORD-000810,920.00,organic,android
2026-06-21 17:33:35,KZN-0079,Казань,product_view,,0,ads,ios
2026-06-21 17:35:36,KZN-0012,Казань,product_view,,0,referral,ios
2026-06-21 17:36:30,NSK-0015,Новосибирск,purchase,ORD-000809,400.00,organic,web
2026-06-21 17:39:06,SPB-0175,Санкт-Петербург,product_view,,0,organic,web
2026-06-21 17:39:34,SPB-0205,Санкт-Петербург,product_view,,0,organic,ios
2026-06-21 17:42:03,KZN-0005,Казань,visit,,0,ads,ios
2026-06-21 17:44:12,KZN-0021,Казань,product_view,,0,ads,ios
2026-06-21 17:47:15,SPB-0006,Санкт-Петербург,purchase,ORD-000787,350.00,referral,ios
2026-06-21 17:49:27,MSK-0044,Москва,purchase,ORD-000783,270.00,organic,ios
2026-06-21 17:50:43,MSK-0075,Москва,product_view,,0,referral,android
2026-06-21 17:52:13,MSK-0221,Москва,visit,,0,referral,android
2026-06-21 18:01:38,EKB-0005,Екатеринбург,purchase,ORD-000804,290.00,organic,android
2026-06-21 18:02:00,MSK-0207,Москва,visit,,0,organic,android
2026-06-21 18:02:50,KZN-0005,Казань,product_view,,0,ads,ios
2026-06-21 18:03:01,SPB-0015,Санкт-Петербург,visit,,0,organic,android
2026-06-21 18:03:21,MSK-0221,Москва,product_view,,0,referral,android
2026-06-21 18:07:28,SPB-0002,Санкт-Петербург,visit,,0,referral,android
2026-06-21 18:08:56,MSK-0221,Москва,product_view,,0,referral,android
2026-06-21 18:12:27,MSK-0086,Москва,visit,,0,organic,android
2026-06-21 18:19:05,MSK-0035,Москва,visit,,0,organic,android
2026-06-21 18:24:34,MSK-0003,Москва,visit,,0,referral,android
2026-06-21 18:26:30,SPB-0009,Санкт-Петербург,visit,,0,organic,ios
2026-06-21 18:29:33,SPB-0055,Санкт-Петербург,visit,,0,ads,android
2026-06-21 18:31:49,MSK-0003,Москва,purchase,ORD-000772,760.00,referral,android
2026-06-21 18:32:00,NSK-0099,Новосибирск,visit,,0,organic,android
2026-06-21 18:34:53,SPB-0009,Санкт-Петербург,product_view,,0,organic,ios
2026-06-21 18:35:28,SPB-0055,Санкт-Петербург,product_view,,0,ads,android
2026-06-21 18:36:20,MSK-0086,Москва,product_view,,0,organic,android
2026-06-21 18:37:41,MSK-0207,Москва,product_view,,0,organic,android
2026-06-21 18:44:24,MSK-0003,Москва,product_view,,0,referral,android
2026-06-21 18:44:45,KZN-0019,Казань,purchase,ORD-000798,340.00,organic,web
2026-06-21 18:53:26,SPB-0203,Санкт-Петербург,visit,,0,ads,android
2026-06-21 18:54:07,MSK-0252,Москва,visit,,0,organic,android
2026-06-21 18:54:26,MSK-0048,Москва,visit,,0,ads,ios
2026-06-21 19:00:31,MSK-0048,Москва,purchase,ORD-000780,320.00,ads,ios
2026-06-21 19:03:24,EKB-0009,Екатеринбург,purchase,ORD-000803,330.00,organic,android
2026-06-21 19:05:09,SPB-0203,Санкт-Петербург,product_view,,0,ads,android
2026-06-21 19:10:36,NSK-0015,Новосибирск,purchase,ORD-000808,330.00,organic,web
2026-06-21 19:12:59,NSK-0021,Новосибирск,purchase,ORD-000807,170.00,organic,web
2026-06-21 19:19:39,SPB-0203,Санкт-Петербург,product_view,,0,ads,android
2026-06-21 19:19:45,MSK-0048,Москва,product_view,,0,ads,ios
2026-06-21 19:21:53,SPB-0008,Санкт-Петербург,purchase,ORD-000791,390.00,ads,android
2026-06-21 19:25:25,MSK-0051,Москва,purchase,ORD-000776,670.00,organic,android
2026-06-21 19:34:36,MSK-0048,Москва,product_view,,0,ads,ios
2026-06-21 20:40:48,MSK-0070,Москва,purchase,ORD-000775,320.00,organic,android
2026-06-21 20:52:29,MSK-0069,Москва,purchase,ORD-000784,230.00,organic,web
2026-06-21 21:17:46,KZN-0031,Казань,purchase,ORD-000797,260.00,organic,web
2026-06-21 21:31:11,EKB-0001,Екатеринбург,purchase,ORD-000802,630.00,referral,ios
2026-06-21 21:34:14,KZN-0028,Казань,purchase,ORD-000796,1100.00,organic,web
2026-06-21 21:37:35,SPB-0043,Санкт-Петербург,purchase,ORD-000793,980.00,organic,ios
2026-06-21 21:40:48,MSK-0057,Москва,purchase,ORD-000781,270.00,referral,android
2026-06-21 21:43:07,MSK-0011,Москва,purchase,ORD-000774,670.00,organic,android
2026-06-22 02:22:23,TEST-KZN-0022,Казань,purchase,TEST-00022,120.00,test,android
2026-06-22 02:52:25,TEST-KZN-0052,Казань,purchase,TEST-00052,120.00,test,android
2026-06-22 03:22:44,TEST-KZN-0082,Казань,purchase,TEST-00082,120.00,test,web
2026-06-22 03:52:02,TEST-KZN-0112,Казань,purchase,TEST-00112,120.00,test,web
2026-06-22 08:09:26,NSK-0020,Новосибирск,visit,,0,organic,android
2026-06-22 08:15:36,MSK-0023,Москва,visit,,0,organic,android
2026-06-22 08:20:49,EKB-0059,Екатеринбург,visit,,0,referral,web
2026-06-22 08:29:00,NSK-0020,Новосибирск,product_view,,0,organic,android
2026-06-22 08:29:23,SPB-0219,Санкт-Петербург,visit,,0,ads,android
2026-06-22 08:29:29,SPB-0004,Санкт-Петербург,visit,,0,ads,android
2026-06-22 08:31:13,EKB-0080,Екатеринбург,visit,,0,organic,web
2026-06-22 08:35:47,KZN-0031,Казань,visit,,0,organic,web
2026-06-22 08:37:03,SPB-0085,Санкт-Петербург,visit,,0,ads,android
2026-06-22 08:39:57,SPB-0004,Санкт-Петербург,product_view,,0,ads,android
2026-06-22 08:40:09,MSK-0040,Москва,visit,,0,ads,android
2026-06-22 08:41:12,MSK-0138,Москва,visit,,0,ads,android
2026-06-22 08:44:58,MSK-0138,Москва,product_view,,0,ads,android
2026-06-22 08:48:17,NSK-0005,Новосибирск,visit,,0,referral,android
2026-06-22 08:48:48,MSK-0196,Москва,visit,,0,organic,android
2026-06-22 08:50:21,NSK-0020,Новосибирск,product_view,,0,organic,android
2026-06-22 08:55:43,MSK-0040,Москва,product_view,,0,ads,android
2026-06-22 08:56:01,KZN-0031,Казань,product_view,,0,organic,web
2026-06-22 08:57:09,SPB-0004,Санкт-Петербург,product_view,,0,ads,android
2026-06-22 08:59:24,MSK-0175,Москва,visit,,0,organic,web
2026-06-22 09:00:37,SPB-0131,Санкт-Петербург,visit,,0,organic,ios
2026-06-22 09:02:38,MSK-0196,Москва,product_view,,0,organic,android
2026-06-22 09:04:50,SPB-0042,Санкт-Петербург,visit,,0,organic,web
2026-06-22 09:15:31,EKB-0035,Екатеринбург,visit,,0,ads,android
2026-06-22 09:15:34,EKB-0021,Екатеринбург,visit,,0,organic,android
2026-06-22 09:20:21,NSK-0005,Новосибирск,product_view,,0,referral,android
2026-06-22 09:20:45,SPB-0042,Санкт-Петербург,product_view,,0,organic,web
2026-06-22 09:20:52,MSK-0058,Москва,visit,,0,organic,web
2026-06-22 09:23:21,NSK-0002,Новосибирск,visit,,0,organic,android
2026-06-22 09:26:20,SPB-0131,Санкт-Петербург,product_view,,0,organic,ios
2026-06-22 09:34:04,MSK-0026,Москва,visit,,0,ads,android
2026-06-22 09:34:45,EKB-0035,Екатеринбург,product_view,,0,ads,android
2026-06-22 09:35:59,MSK-0058,Москва,product_view,,0,organic,web
2026-06-22 09:37:42,SPB-0042,Санкт-Петербург,product_view,,0,organic,web
2026-06-22 09:38:58,SPB-0006,Санкт-Петербург,visit,,0,referral,ios
2026-06-22 09:41:35,EKB-0022,Екатеринбург,visit,,0,organic,ios
2026-06-22 09:42:41,MSK-0058,Москва,product_view,,0,organic,web
2026-06-22 09:45:09,NSK-0017,Новосибирск,visit,,0,organic,android
2026-06-22 09:45:15,KZN-0088,Казань,visit,,0,organic,android
2026-06-22 09:48:12,MSK-0231,Москва,visit,,0,organic,android
2026-06-22 09:49:32,NSK-0100,Новосибирск,visit,,0,ads,android
2026-06-22 09:53:24,MSK-0206,Москва,visit,,0,organic,ios
2026-06-22 09:54:35,KZN-0088,Казань,product_view,,0,organic,android
2026-06-22 09:55:38,MSK-0026,Москва,product_view,,0,ads,android
2026-06-22 10:00:51,MSK-0026,Москва,product_view,,0,ads,android
2026-06-22 10:06:59,EKB-0022,Екатеринбург,product_view,,0,organic,ios
2026-06-22 10:07:03,NSK-0017,Новосибирск,product_view,,0,organic,android
2026-06-22 10:12:36,MSK-0097,Москва,visit,,0,ads,web
2026-06-22 10:13:32,KZN-0070,Казань,visit,,0,ads,android
2026-06-22 10:13:37,EKB-0022,Екатеринбург,product_view,,0,organic,ios
2026-06-22 10:15:11,SPB-0019,Санкт-Петербург,purchase,ORD-000833,220.00,ads,android
2026-06-22 10:16:34,NSK-0019,Новосибирск,purchase,ORD-000849,170.00,ads,web
2026-06-22 10:16:43,KZN-0066,Казань,visit,,0,organic,web
2026-06-22 10:20:58,NSK-0100,Новосибирск,product_view,,0,ads,android
2026-06-22 10:25:22,MSK-0176,Москва,visit,,0,ads,android
2026-06-22 10:28:40,MSK-0245,Москва,visit,,0,referral,android
2026-06-22 10:29:55,KZN-0066,Казань,product_view,,0,organic,web
2026-06-22 10:31:23,KZN-0083,Казань,visit,,0,ads,ios
2026-06-22 10:35:40,MSK-0058,Москва,purchase,ORD-000822,320.00,organic,web
2026-06-22 10:39:03,MSK-0094,Москва,visit,,0,ads,android
2026-06-22 10:44:18,SPB-0037,Санкт-Петербург,visit,,0,referral,web
2026-06-22 10:48:45,MSK-0245,Москва,product_view,,0,referral,android
2026-06-22 10:57:38,KZN-0003,Казань,visit,,0,ads,web
2026-06-22 11:06:01,SPB-0007,Санкт-Петербург,purchase,ORD-000829,270.00,organic,web
2026-06-22 11:08:38,KZN-0003,Казань,product_view,,0,ads,web
2026-06-22 11:08:50,SPB-0021,Санкт-Петербург,visit,,0,organic,android
2026-06-22 11:10:51,MSK-0211,Москва,visit,,0,organic,android
2026-06-22 11:11:30,KZN-0003,Казань,product_view,,0,ads,web
2026-06-22 11:12:55,SPB-0188,Санкт-Петербург,visit,,0,organic,ios
2026-06-22 11:15:56,SPB-0188,Санкт-Петербург,product_view,,0,organic,ios
2026-06-22 11:19:39,SPB-0093,Санкт-Петербург,visit,,0,organic,android
2026-06-22 11:20:33,MSK-0297,Москва,visit,,0,ads,android
2026-06-22 11:21:37,MSK-0038,Москва,visit,,0,organic,android
2026-06-22 11:24:29,MSK-0209,Москва,visit,,0,organic,web
2026-06-22 11:28:08,KZN-0021,Казань,visit,,0,ads,ios
2026-06-22 11:28:19,SPB-0021,Санкт-Петербург,product_view,,0,organic,android
2026-06-22 11:31:40,MSK-0036,Москва,visit,,0,organic,ios
2026-06-22 11:33:57,NSK-0036,Новосибирск,visit,,0,organic,ios
2026-06-22 11:36:12,MSK-0297,Москва,product_view,,0,ads,android
2026-06-22 11:39:40,MSK-0050,Москва,visit,,0,organic,ios
2026-06-22 11:43:48,MSK-0038,Москва,product_view,,0,organic,android
2026-06-22 11:46:46,MSK-0036,Москва,product_view,,0,organic,ios
2026-06-22 11:47:11,MSK-0038,Москва,product_view,,0,organic,android
2026-06-22 11:47:56,MSK-0050,Москва,product_view,,0,organic,ios
2026-06-22 11:47:59,EKB-0027,Екатеринбург,visit,,0,organic,ios
2026-06-22 11:49:28,SPB-0170,Санкт-Петербург,visit,,0,organic,ios
2026-06-22 11:49:56,MSK-0093,Москва,visit,,0,organic,web
2026-06-22 11:50:01,KZN-0021,Казань,product_view,,0,ads,ios
2026-06-22 11:50:11,MSK-0155,Москва,visit,,0,organic,android
2026-06-22 11:52:00,SPB-0072,Санкт-Петербург,visit,,0,organic,ios
2026-06-22 11:52:29,MSK-0165,Москва,visit,,0,organic,ios
2026-06-22 11:53:22,MSK-0052,Москва,visit,,0,organic,android
2026-06-22 11:53:59,MSK-0203,Москва,visit,,0,referral,android
2026-06-22 11:57:02,NSK-0036,Новосибирск,product_view,,0,organic,ios
2026-06-22 11:59:10,MSK-0007,Москва,visit,,0,organic,ios
2026-06-22 12:00:46,MSK-0036,Москва,product_view,,0,organic,ios
2026-06-22 12:01:22,MSK-0203,Москва,product_view,,0,referral,android
2026-06-22 12:04:52,NSK-0019,Новосибирск,visit,,0,ads,web
2026-06-22 12:05:32,MSK-0155,Москва,product_view,,0,organic,android
2026-06-22 12:06:28,MSK-0052,Москва,product_view,,0,organic,android
2026-06-22 12:06:41,MSK-0165,Москва,product_view,,0,organic,ios
2026-06-22 12:12:24,MSK-0007,Москва,product_view,,0,organic,ios
2026-06-22 12:14:13,NSK-0019,Новосибирск,product_view,,0,ads,web
2026-06-22 12:17:03,MSK-0257,Москва,visit,,0,organic,ios
2026-06-22 12:17:35,MSK-0007,Москва,product_view,,0,organic,ios
2026-06-22 12:21:18,MSK-0068,Москва,visit,,0,organic,android
2026-06-22 12:22:11,NSK-0019,Новосибирск,product_view,,0,ads,web
2026-06-22 12:22:19,EKB-0027,Екатеринбург,product_view,,0,organic,ios
2026-06-22 12:22:53,MSK-0061,Москва,purchase,ORD-000819,760.00,organic,android
2026-06-22 12:25:20,MSK-0150,Москва,visit,,0,ads,android
2026-06-22 12:34:08,SPB-0005,Санкт-Петербург,visit,,0,ads,web
2026-06-22 12:36:08,MSK-0257,Москва,product_view,,0,organic,ios
2026-06-22 12:39:29,SPB-0088,Санкт-Петербург,visit,,0,organic,web
2026-06-22 12:41:55,KZN-0131,Казань,visit,,0,organic,android
2026-06-22 12:44:30,MSK-0281,Москва,visit,,0,organic,ios
2026-06-22 12:48:46,NSK-0035,Новосибирск,visit,,0,ads,ios
2026-06-22 12:49:04,SPB-0005,Санкт-Петербург,product_view,,0,ads,web
2026-06-22 12:49:22,MSK-0068,Москва,product_view,,0,organic,android
2026-06-22 12:51:13,KZN-0090,Казань,visit,,0,organic,android
2026-06-22 12:52:01,NSK-0035,Новосибирск,product_view,,0,ads,ios
2026-06-22 12:54:32,SPB-0088,Санкт-Петербург,product_view,,0,organic,web
2026-06-22 12:54:42,EKB-0041,Екатеринбург,visit,,0,ads,ios
2026-06-22 12:59:58,MSK-0257,Москва,product_view,,0,organic,ios
2026-06-22 13:02:01,KZN-0090,Казань,product_view,,0,organic,android
2026-06-22 13:03:32,SPB-0151,Санкт-Петербург,visit,,0,organic,ios
2026-06-22 13:04:07,EKB-0024,Екатеринбург,purchase,ORD-000845,290.00,ads,android
2026-06-22 13:04:48,SPB-0028,Санкт-Петербург,visit,,0,ads,web
2026-06-22 13:04:52,MSK-0281,Москва,product_view,,0,organic,ios
2026-06-22 13:06:30,NSK-0071,Новосибирск,visit,,0,ads,android
2026-06-22 13:15:59,KZN-0131,Казань,product_view,,0,organic,android
2026-06-22 13:17:23,SPB-0151,Санкт-Петербург,product_view,,0,organic,ios
2026-06-22 13:21:37,SPB-0007,Санкт-Петербург,visit,,0,organic,web
2026-06-22 13:25:55,SPB-0096,Санкт-Петербург,visit,,0,organic,ios
2026-06-22 13:30:09,SPB-0096,Санкт-Петербург,product_view,,0,organic,ios
2026-06-22 13:32:20,SPB-0007,Санкт-Петербург,product_view,,0,organic,web
2026-06-22 13:34:04,SPB-0028,Санкт-Петербург,product_view,,0,ads,web
2026-06-22 13:34:36,MSK-0248,Москва,visit,,0,organic,ios
2026-06-22 13:35:56,MSK-0074,Москва,visit,,0,organic,android
2026-06-22 13:37:19,MSK-0248,Москва,product_view,,0,organic,ios
2026-06-22 13:37:30,MSK-0074,Москва,product_view,,0,organic,android
2026-06-22 13:42:43,NSK-0075,Новосибирск,visit,,0,organic,web
2026-06-22 13:43:06,SPB-0223,Санкт-Петербург,visit,,0,organic,ios
2026-06-22 13:43:26,MSK-0013,Москва,visit,,0,ads,web
2026-06-22 13:43:38,SPB-0120,Санкт-Петербург,visit,,0,organic,web
2026-06-22 13:46:36,SPB-0223,Санкт-Петербург,product_view,,0,organic,ios
2026-06-22 13:51:57,SPB-0007,Санкт-Петербург,product_view,,0,organic,web
2026-06-22 13:56:30,EKB-0031,Екатеринбург,visit,,0,organic,ios
2026-06-22 13:56:34,MSK-0074,Москва,product_view,,0,organic,android
2026-06-22 13:57:36,SPB-0041,Санкт-Петербург,visit,,0,ads,web
2026-06-22 14:00:17,EKB-0031,Екатеринбург,product_view,,0,organic,ios
2026-06-22 14:08:13,MSK-0190,Москва,visit,,0,referral,ios
2026-06-22 14:09:08,NSK-0050,Новосибирск,visit,,0,ads,web
2026-06-22 14:09:37,SPB-0041,Санкт-Петербург,product_view,,0,ads,web
2026-06-22 14:10:31,EKB-0005,Екатеринбург,visit,,0,organic,android
2026-06-22 14:12:21,MSK-0042,Москва,purchase,ORD-000825,320.00,organic,web
2026-06-22 14:17:02,EKB-0006,Екатеринбург,visit,,0,organic,android
2026-06-22 14:20:07,SPB-0041,Санкт-Петербург,product_view,,0,ads,web
2026-06-22 14:20:45,EKB-0003,Екатеринбург,visit,,0,organic,android
2026-06-22 14:24:10,EKB-0003,Екатеринбург,purchase,ORD-000844,180.00,organic,android
2026-06-22 14:26:29,EKB-0103,Екатеринбург,visit,,0,ads,web
2026-06-22 14:29:26,EKB-0071,Екатеринбург,visit,,0,organic,web
2026-06-22 14:34:34,EKB-0005,Екатеринбург,product_view,,0,organic,android
2026-06-22 14:39:25,MSK-0026,Москва,purchase,ORD-000814,270.00,ads,android
2026-06-22 14:40:45,SPB-0209,Санкт-Петербург,visit,,0,organic,web
2026-06-22 14:41:37,EKB-0103,Екатеринбург,product_view,,0,ads,web
2026-06-22 14:43:03,EKB-0002,Екатеринбург,visit,,0,organic,android
2026-06-22 14:44:58,KZN-0054,Казань,visit,,0,referral,ios
2026-06-22 14:45:05,SPB-0169,Санкт-Петербург,visit,,0,organic,android
2026-06-22 14:46:58,SPB-0209,Санкт-Петербург,product_view,,0,organic,web
2026-06-22 14:47:31,KZN-0127,Казань,visit,,0,referral,web
2026-06-22 14:49:21,MSK-0038,Москва,purchase,ORD-000818,230.00,organic,android
2026-06-22 14:50:59,MSK-0062,Москва,visit,,0,organic,android
2026-06-22 14:51:37,SPB-0026,Санкт-Петербург,visit,,0,organic,android
2026-06-22 14:52:15,EKB-0003,Екатеринбург,product_view,,0,organic,android
2026-06-22 14:53:47,EKB-0092,Екатеринбург,visit,,0,ads,web
2026-06-22 14:54:26,KZN-0116,Казань,visit,,0,ads,ios
2026-06-22 14:57:14,SPB-0190,Санкт-Петербург,visit,,0,ads,ios
2026-06-22 14:57:24,MSK-0181,Москва,visit,,0,ads,ios
2026-06-22 14:59:23,KZN-0130,Казань,visit,,0,organic,ios
2026-06-22 15:01:12,EKB-0092,Екатеринбург,product_view,,0,ads,web
2026-06-22 15:03:17,NSK-0027,Новосибирск,visit,,0,organic,web
2026-06-22 15:04:08,EKB-0029,Екатеринбург,visit,,0,ads,android
2026-06-22 15:06:06,NSK-0027,Новосибирск,product_view,,0,organic,web
2026-06-22 15:07:20,KZN-0054,Казань,product_view,,0,referral,ios
2026-06-22 15:12:19,SPB-0001,Санкт-Петербург,purchase,ORD-000831,270.00,referral,android
2026-06-22 15:12:21,KZN-0130,Казань,product_view,,0,organic,ios
2026-06-22 15:15:50,EKB-0042,Екатеринбург,visit,,0,ads,ios
2026-06-22 15:18:05,SPB-0053,Санкт-Петербург,visit,,0,organic,android
2026-06-22 15:18:52,SPB-0021,Санкт-Петербург,purchase,ORD-000834,180.00,organic,android
2026-06-22 15:19:01,EKB-0042,Екатеринбург,product_view,,0,ads,ios
2026-06-22 15:19:35,SPB-0042,Санкт-Петербург,purchase,ORD-000836,390.00,organic,web
2026-06-22 15:19:45,KZN-0060,Казань,visit,,0,referral,android
2026-06-22 15:21:02,SPB-0026,Санкт-Петербург,product_view,,0,organic,android
2026-06-22 15:22:43,SPB-0127,Санкт-Петербург,visit,,0,organic,android
2026-06-22 15:25:51,MSK-0007,Москва,purchase,ORD-000827,1010.00,organic,ios
2026-06-22 15:26:57,NSK-0054,Новосибирск,visit,,0,organic,ios
2026-06-22 15:30:19,EKB-0026,Екатеринбург,visit,,0,referral,android
2026-06-22 15:34:52,EKB-0073,Екатеринбург,visit,,0,ads,web
2026-06-22 15:37:30,SPB-0053,Санкт-Петербург,product_view,,0,organic,android
2026-06-22 15:37:32,NSK-0054,Новосибирск,product_view,,0,organic,ios
2026-06-22 15:39:46,SPB-0074,Санкт-Петербург,visit,,0,ads,ios
2026-06-22 15:40:09,NSK-0023,Новосибирск,purchase,ORD-000848,170.00,organic,ios
2026-06-22 15:44:20,EKB-0005,Екатеринбург,purchase,ORD-000846,550.00,organic,android
2026-06-22 15:47:53,NSK-0085,Новосибирск,visit,,0,organic,ios
2026-06-22 15:47:59,NSK-0020,Новосибирск,purchase,ORD-000851,250.00,organic,android
2026-06-22 15:48:24,NSK-0019,Новосибирск,purchase,ORD-000850,210.00,ads,web
2026-06-22 15:49:46,NSK-0023,Новосибирск,visit,,0,organic,ios
2026-06-22 15:52:39,MSK-0012,Москва,visit,,0,ads,ios
2026-06-22 15:53:10,MSK-0061,Москва,visit,,0,organic,android
2026-06-22 15:56:32,MSK-0061,Москва,product_view,,0,organic,android
2026-06-22 15:58:55,NSK-0023,Новосибирск,product_view,,0,organic,ios
2026-06-22 15:59:46,MSK-0054,Москва,visit,,0,organic,android
2026-06-22 16:00:06,NSK-0085,Новосибирск,product_view,,0,organic,ios
2026-06-22 16:00:56,NSK-0022,Новосибирск,visit,,0,organic,android
2026-06-22 16:10:21,MSK-0061,Москва,product_view,,0,organic,android
2026-06-22 16:15:10,KZN-0120,Казань,visit,,0,organic,ios
2026-06-22 16:15:18,SPB-0074,Санкт-Петербург,product_view,,0,ads,ios
2026-06-22 16:15:46,SPB-0132,Санкт-Петербург,visit,,0,organic,android
2026-06-22 16:16:44,MSK-0012,Москва,product_view,,0,ads,ios
2026-06-22 16:17:32,SPB-0001,Санкт-Петербург,visit,,0,referral,android
2026-06-22 16:19:14,KZN-0022,Казань,visit,,0,organic,web
2026-06-22 16:22:57,MSK-0054,Москва,product_view,,0,organic,android
2026-06-22 16:24:11,MSK-0042,Москва,visit,,0,organic,web
2026-06-22 16:25:07,SPB-0001,Санкт-Петербург,product_view,,0,referral,android
2026-06-22 16:25:50,MSK-0025,Москва,visit,,0,organic,android
2026-06-22 16:29:36,MSK-0042,Москва,product_view,,0,organic,web
2026-06-22 16:29:51,NSK-0022,Новосибирск,product_view,,0,organic,android
2026-06-22 16:31:36,MSK-0053,Москва,visit,,0,organic,ios
2026-06-22 16:33:09,KZN-0022,Казань,product_view,,0,organic,web
2026-06-22 16:33:23,SPB-0132,Санкт-Петербург,product_view,,0,organic,android
2026-06-22 16:34:42,SPB-0079,Санкт-Петербург,visit,,0,ads,android
2026-06-22 16:35:21,MSK-0025,Москва,product_view,,0,organic,android
2026-06-22 16:43:18,MSK-0131,Москва,visit,,0,ads,ios
2026-06-22 16:44:00,MSK-0012,Москва,purchase,ORD-000816,270.00,ads,ios
2026-06-22 16:44:12,SPB-0167,Санкт-Петербург,visit,,0,ads,ios
2026-06-22 16:46:57,MSK-0074,Москва,purchase,ORD-000813,360.00,organic,android
2026-06-22 16:49:38,KZN-0106,Казань,visit,,0,organic,ios
2026-06-22 16:49:50,SPB-0019,Санкт-Петербург,visit,,0,ads,android
2026-06-22 16:49:58,SPB-0167,Санкт-Петербург,product_view,,0,ads,ios
2026-06-22 16:50:10,SPB-0053,Санкт-Петербург,purchase,ORD-000832,350.00,organic,android
2026-06-22 16:51:43,KZN-0120,Казань,product_view,,0,organic,ios
2026-06-22 16:55:04,KZN-0013,Казань,visit,,0,ads,android
2026-06-22 16:57:15,SPB-0079,Санкт-Петербург,product_view,,0,ads,android
2026-06-22 16:59:13,SPB-0028,Санкт-Петербург,purchase,ORD-000828,270.00,ads,web
2026-06-22 17:03:19,MSK-0278,Москва,visit,,0,ads,android
2026-06-22 17:05:58,MSK-0268,Москва,visit,,0,organic,ios
2026-06-22 17:12:32,MSK-0268,Москва,product_view,,0,organic,ios
2026-06-22 17:13:55,SPB-0019,Санкт-Петербург,product_view,,0,ads,android
2026-06-22 17:15:44,MSK-0035,Москва,purchase,ORD-000821,270.00,organic,android
2026-06-22 17:17:49,MSK-0034,Москва,visit,,0,organic,android
2026-06-22 17:19:21,MSK-0131,Москва,product_view,,0,ads,ios
2026-06-22 17:19:39,SPB-0126,Санкт-Петербург,visit,,0,organic,ios
2026-06-22 17:25:36,MSK-0034,Москва,product_view,,0,organic,android
2026-06-22 17:27:03,MSK-0026,Москва,purchase,ORD-000815,190.00,ads,android
2026-06-22 17:27:21,KZN-0123,Казань,visit,,0,organic,ios
2026-06-22 17:29:09,SPB-0167,Санкт-Петербург,product_view,,0,ads,ios
2026-06-22 17:29:11,SPB-0156,Санкт-Петербург,visit,,0,organic,ios
2026-06-22 17:29:14,KZN-0013,Казань,product_view,,0,ads,android
2026-06-22 17:32:35,KZN-0001,Казань,purchase,ORD-000838,220.00,organic,web
2026-06-22 17:33:35,KZN-0001,Казань,visit,,0,organic,web
2026-06-22 17:34:45,SPB-0019,Санкт-Петербург,product_view,,0,ads,android
2026-06-22 17:35:59,MSK-0035,Москва,visit,,0,organic,android
2026-06-22 17:40:58,KZN-0123,Казань,product_view,,0,organic,ios
2026-06-22 17:41:24,EKB-0096,Екатеринбург,visit,,0,ads,ios
2026-06-22 17:43:22,MSK-0035,Москва,product_view,,0,organic,android
2026-06-22 17:46:38,SPB-0153,Санкт-Петербург,visit,,0,ads,android
2026-06-22 17:47:12,SPB-0125,Санкт-Петербург,visit,,0,organic,android
2026-06-22 17:50:08,KZN-0123,Казань,product_view,,0,organic,ios
2026-06-22 17:50:53,KZN-0003,Казань,purchase,ORD-000837,220.00,ads,web
2026-06-22 17:51:20,MSK-0035,Москва,product_view,,0,organic,android
2026-06-22 17:52:23,MSK-0060,Москва,visit,,0,organic,ios
2026-06-22 18:03:18,KZN-0001,Казань,product_view,,0,organic,web
2026-06-22 18:04:39,SPB-0134,Санкт-Петербург,visit,,0,organic,android
2026-06-22 18:07:17,KZN-0021,Казань,purchase,ORD-000840,260.00,ads,ios
2026-06-22 18:08:47,MSK-0040,Москва,purchase,ORD-000817,880.00,ads,android
2026-06-22 18:11:03,KZN-0085,Казань,visit,,0,organic,ios
2026-06-22 18:11:13,MSK-0036,Москва,purchase,ORD-000823,230.00,organic,ios
2026-06-22 18:13:24,EKB-0024,Екатеринбург,visit,,0,ads,android
2026-06-22 18:15:58,EKB-0096,Екатеринбург,product_view,,0,ads,ios
2026-06-22 18:16:24,MSK-0267,Москва,visit,,0,organic,ios
2026-06-22 18:25:56,MSK-0060,Москва,product_view,,0,organic,ios
2026-06-22 18:29:43,KZN-0137,Казань,visit,,0,ads,android
2026-06-22 18:31:03,MSK-0228,Москва,visit,,0,ads,android
2026-06-22 18:32:57,NSK-0001,Новосибирск,visit,,0,organic,android
2026-06-22 18:36:53,EKB-0024,Екатеринбург,product_view,,0,ads,android
2026-06-22 18:40:04,EKB-0024,Екатеринбург,product_view,,0,ads,android
2026-06-22 18:44:22,KZN-0031,Казань,purchase,ORD-000842,220.00,organic,web
2026-06-22 18:45:39,MSK-0267,Москва,product_view,,0,organic,ios
2026-06-22 18:49:28,MSK-0247,Москва,visit,,0,organic,android
2026-06-22 18:50:42,MSK-0136,Москва,visit,,0,ads,android
2026-06-22 18:50:52,KZN-0137,Казань,product_view,,0,ads,android
2026-06-22 18:54:34,SPB-0014,Санкт-Петербург,visit,,0,organic,web
2026-06-22 18:56:24,KZN-0137,Казань,product_view,,0,ads,android
2026-06-22 18:56:36,KZN-0028,Казань,visit,,0,organic,web
2026-06-22 18:56:57,KZN-0017,Казань,visit,,0,referral,android
2026-06-22 18:59:27,MSK-0014,Москва,visit,,0,organic,android
2026-06-22 19:01:50,KZN-0022,Казань,purchase,ORD-000841,340.00,organic,web
2026-06-22 19:06:10,MSK-0247,Москва,product_view,,0,organic,android
2026-06-22 19:07:53,MSK-0036,Москва,purchase,ORD-000824,760.00,organic,ios
2026-06-22 19:13:01,MSK-0247,Москва,product_view,,0,organic,android
2026-06-22 19:13:54,SPB-0041,Санкт-Петербург,purchase,ORD-000830,220.00,ads,web
2026-06-22 19:15:42,SPB-0005,Санкт-Петербург,purchase,ORD-000835,220.00,ads,web
2026-06-22 19:27:58,SPB-0014,Санкт-Петербург,product_view,,0,organic,web
2026-06-22 19:29:20,KZN-0017,Казань,product_view,,0,referral,android
2026-06-22 19:48:44,MSK-0074,Москва,purchase,ORD-000812,320.00,organic,android
2026-06-22 20:09:55,NSK-0020,Новосибирск,purchase,ORD-000852,610.00,organic,android
2026-06-22 20:15:32,MSK-0061,Москва,purchase,ORD-000820,230.00,organic,android
2026-06-22 20:46:32,NSK-0017,Новосибирск,purchase,ORD-000853,690.00,organic,android
2026-06-22 21:10:41,EKB-0027,Екатеринбург,purchase,ORD-000843,220.00,organic,ios
2026-06-22 21:23:31,EKB-0022,Екатеринбург,purchase,ORD-000847,180.00,organic,ios
2026-06-22 21:24:18,MSK-0025,Москва,purchase,ORD-000826,880.00,organic,android
2026-06-22 21:32:33,KZN-0017,Казань,purchase,ORD-000839,340.00,referral,android
2026-06-23 02:23:02,TEST-KZN-0023,Казань,purchase,TEST-00023,130.00,test,web
2026-06-23 02:53:29,TEST-KZN-0053,Казань,purchase,TEST-00053,130.00,test,android
2026-06-23 03:23:05,TEST-KZN-0083,Казань,purchase,TEST-00083,130.00,test,ios
2026-06-23 03:53:12,TEST-KZN-0113,Казань,purchase,TEST-00113,130.00,test,ios
2026-06-23 08:10:17,EKB-0014,Екатеринбург,visit,,0,organic,android
2026-06-23 08:15:58,SPB-0011,Санкт-Петербург,visit,,0,ads,android
2026-06-23 08:19:24,EKB-0027,Екатеринбург,visit,,0,organic,ios
2026-06-23 08:21:26,SPB-0199,Санкт-Петербург,visit,,0,referral,android
2026-06-23 08:22:03,KZN-0105,Казань,visit,,0,organic,ios
2026-06-23 08:22:54,KZN-0007,Казань,visit,,0,ads,android
2026-06-23 08:25:29,NSK-0062,Новосибирск,visit,,0,organic,android
2026-06-23 08:27:46,NSK-0062,Новосибирск,product_view,,0,organic,android
2026-06-23 08:28:10,SPB-0199,Санкт-Петербург,product_view,,0,referral,android
2026-06-23 08:28:14,EKB-0011,Екатеринбург,visit,,0,ads,android
2026-06-23 08:28:48,NSK-0099,Новосибирск,visit,,0,organic,android
2026-06-23 08:36:52,MSK-0087,Москва,visit,,0,organic,android
2026-06-23 08:39:43,EKB-0027,Екатеринбург,product_view,,0,organic,ios
2026-06-23 08:42:15,SPB-0139,Санкт-Петербург,visit,,0,ads,android
2026-06-23 08:42:44,SPB-0011,Санкт-Петербург,product_view,,0,ads,android
2026-06-23 08:44:35,SPB-0022,Санкт-Петербург,visit,,0,organic,ios
2026-06-23 08:49:22,KZN-0007,Казань,product_view,,0,ads,android
2026-06-23 08:49:27,KZN-0008,Казань,visit,,0,organic,android
2026-06-23 08:50:46,SPB-0139,Санкт-Петербург,product_view,,0,ads,android
2026-06-23 08:51:55,EKB-0011,Екатеринбург,product_view,,0,ads,android
2026-06-23 08:54:41,NSK-0099,Новосибирск,product_view,,0,organic,android
2026-06-23 08:55:43,EKB-0060,Екатеринбург,visit,,0,organic,ios
2026-06-23 08:57:34,MSK-0087,Москва,product_view,,0,organic,android
2026-06-23 09:01:39,SPB-0027,Санкт-Петербург,visit,,0,organic,android
2026-06-23 09:02:14,MSK-0165,Москва,visit,,0,organic,ios
2026-06-23 09:06:24,MSK-0294,Москва,visit,,0,organic,ios
2026-06-23 09:06:43,KZN-0008,Казань,product_view,,0,organic,android
2026-06-23 09:06:46,SPB-0022,Санкт-Петербург,product_view,,0,organic,ios
2026-06-23 09:06:52,KZN-0132,Казань,visit,,0,organic,android
2026-06-23 09:08:24,SPB-0007,Санкт-Петербург,visit,,0,organic,web
2026-06-23 09:10:47,SPB-0027,Санкт-Петербург,product_view,,0,organic,android
2026-06-23 09:11:46,MSK-0087,Москва,product_view,,0,organic,android
2026-06-23 09:12:18,EKB-0001,Екатеринбург,visit,,0,referral,ios
2026-06-23 09:13:48,MSK-0061,Москва,visit,,0,organic,android
2026-06-23 09:18:07,MSK-0012,Москва,visit,,0,ads,ios
2026-06-23 09:19:33,KZN-0043,Казань,visit,,0,ads,ios
2026-06-23 09:19:57,SPB-0147,Санкт-Петербург,visit,,0,organic,ios
2026-06-23 09:20:11,MSK-0032,Москва,visit,,0,organic,ios
2026-06-23 09:21:44,EKB-0088,Екатеринбург,visit,,0,referral,android
2026-06-23 09:21:52,MSK-0065,Москва,visit,,0,organic,web
2026-06-23 09:22:37,MSK-0003,Москва,visit,,0,referral,android
2026-06-23 09:32:02,EKB-0001,Екатеринбург,product_view,,0,referral,ios
2026-06-23 09:32:41,MSK-0165,Москва,product_view,,0,organic,ios
2026-06-23 09:33:55,MSK-0012,Москва,product_view,,0,ads,ios
2026-06-23 09:38:13,SPB-0007,Санкт-Петербург,product_view,,0,organic,web
2026-06-23 09:38:28,SPB-0007,Санкт-Петербург,product_view,,0,organic,web
2026-06-23 09:40:32,EKB-0042,Екатеринбург,visit,,0,ads,ios
2026-06-23 09:41:29,MSK-0065,Москва,product_view,,0,organic,web
2026-06-23 09:42:32,SPB-0147,Санкт-Петербург,product_view,,0,organic,ios
2026-06-23 09:43:41,SPB-0027,Санкт-Петербург,product_view,,0,organic,android
2026-06-23 09:43:43,MSK-0052,Москва,visit,,0,organic,android
2026-06-23 09:48:33,EKB-0088,Екатеринбург,product_view,,0,referral,android
2026-06-23 09:50:18,EKB-0042,Екатеринбург,product_view,,0,ads,ios
2026-06-23 09:53:00,MSK-0003,Москва,product_view,,0,referral,android
2026-06-23 09:53:23,MSK-0012,Москва,product_view,,0,ads,ios
2026-06-23 09:55:30,MSK-0052,Москва,product_view,,0,organic,android
2026-06-23 10:03:05,SPB-0047,Санкт-Петербург,purchase,ORD-000871,310.00,organic,android
2026-06-23 10:03:41,SPB-0020,Санкт-Петербург,purchase,ORD-000873,860.00,ads,ios
2026-06-23 10:07:23,SPB-0087,Санкт-Петербург,visit,,0,organic,web
2026-06-23 10:15:41,KZN-0009,Казань,purchase,ORD-000883,720.00,organic,android
2026-06-23 10:18:31,SPB-0069,Санкт-Петербург,visit,,0,ads,ios
2026-06-23 10:22:09,MSK-0037,Москва,visit,,0,ads,android
2026-06-23 10:22:36,KZN-0044,Казань,visit,,0,ads,android
2026-06-23 10:32:46,NSK-0011,Новосибирск,purchase,ORD-000894,360.00,organic,ios
2026-06-23 10:34:55,KZN-0044,Казань,product_view,,0,ads,android
2026-06-23 10:35:15,MSK-0200,Москва,visit,,0,organic,ios
2026-06-23 10:36:53,MSK-0196,Москва,visit,,0,organic,android
2026-06-23 10:37:18,SPB-0004,Санкт-Петербург,purchase,ORD-000872,270.00,ads,android
2026-06-23 10:38:25,KZN-0003,Казань,visit,,0,ads,web
2026-06-23 10:42:59,MSK-0200,Москва,product_view,,0,organic,ios
2026-06-23 10:43:54,NSK-0061,Новосибирск,visit,,0,ads,ios
2026-06-23 10:45:39,SPB-0022,Санкт-Петербург,purchase,ORD-000868,310.00,organic,ios
2026-06-23 10:49:22,MSK-0071,Москва,purchase,ORD-000862,880.00,organic,web
2026-06-23 10:51:13,EKB-0028,Екатеринбург,visit,,0,referral,android
2026-06-23 10:52:44,MSK-0191,Москва,visit,,0,referral,ios
2026-06-23 10:52:44,NSK-0016,Новосибирск,visit,,0,referral,android
2026-06-23 10:55:53,MSK-0073,Москва,purchase,ORD-000864,360.00,organic,android
2026-06-23 10:57:37,MSK-0048,Москва,visit,,0,ads,ios
2026-06-23 11:00:40,NSK-0003,Новосибирск,purchase,ORD-000895,250.00,ads,ios
2026-06-23 11:04:29,MSK-0200,Москва,product_view,,0,organic,ios
2026-06-23 11:09:42,MSK-0191,Москва,product_view,,0,referral,ios
2026-06-23 11:12:32,EKB-0028,Екатеринбург,product_view,,0,referral,android
2026-06-23 11:17:54,MSK-0048,Москва,product_view,,0,ads,ios
2026-06-23 11:19:17,NSK-0007,Новосибирск,purchase,ORD-000891,690.00,organic,ios
2026-06-23 11:19:34,NSK-0016,Новосибирск,product_view,,0,referral,android
2026-06-23 11:22:55,SPB-0130,Санкт-Петербург,visit,,0,referral,ios
2026-06-23 11:29:07,MSK-0066,Москва,visit,,0,organic,android
2026-06-23 11:31:40,KZN-0007,Казань,purchase,ORD-000881,380.00,ads,android
2026-06-23 11:32:10,MSK-0048,Москва,product_view,,0,ads,ios
2026-06-23 11:36:36,EKB-0015,Екатеринбург,visit,,0,organic,ios
2026-06-23 11:37:07,EKB-0030,Екатеринбург,visit,,0,organic,ios
2026-06-23 11:38:56,KZN-0133,Казань,visit,,0,referral,android
2026-06-23 11:41:23,SPB-0159,Санкт-Петербург,visit,,0,ads,ios
2026-06-23 11:42:48,NSK-0092,Новосибирск,visit,,0,ads,ios
2026-06-23 11:44:34,SPB-0004,Санкт-Петербург,visit,,0,ads,android
2026-06-23 11:47:23,MSK-0102,Москва,visit,,0,referral,android
2026-06-23 11:47:53,EKB-0015,Екатеринбург,product_view,,0,organic,ios
2026-06-23 11:49:50,EKB-0018,Екатеринбург,purchase,ORD-000884,290.00,organic,ios
2026-06-23 11:52:07,MSK-0012,Москва,purchase,ORD-000863,1010.00,ads,ios
2026-06-23 11:54:20,KZN-0099,Казань,visit,,0,organic,ios
2026-06-23 11:54:33,NSK-0011,Новосибирск,purchase,ORD-000893,540.00,organic,ios
2026-06-23 11:55:03,SPB-0004,Санкт-Петербург,product_view,,0,ads,android
2026-06-23 12:03:03,MSK-0066,Москва,product_view,,0,organic,android
2026-06-23 12:05:52,EKB-0018,Екатеринбург,purchase,ORD-000885,250.00,organic,ios
2026-06-23 12:08:03,MSK-0109,Москва,visit,,0,ads,android
2026-06-23 12:08:23,MSK-0102,Москва,product_view,,0,referral,android
2026-06-23 12:11:05,EKB-0030,Екатеринбург,product_view,,0,organic,ios
2026-06-23 12:11:21,NSK-0071,Новосибирск,visit,,0,ads,android
2026-06-23 12:12:42,KZN-0133,Казань,product_view,,0,referral,android
2026-06-23 12:12:47,NSK-0007,Новосибирск,visit,,0,organic,ios
2026-06-23 12:12:58,KZN-0133,Казань,product_view,,0,referral,android
2026-06-23 12:13:43,SPB-0159,Санкт-Петербург,product_view,,0,ads,ios
2026-06-23 12:13:46,MSK-0225,Москва,visit,,0,ads,ios
2026-06-23 12:16:29,MSK-0029,Москва,visit,,0,ads,ios
2026-06-23 12:18:20,SPB-0027,Санкт-Петербург,purchase,ORD-000866,350.00,organic,android
2026-06-23 12:19:53,EKB-0067,Екатеринбург,visit,,0,organic,ios
2026-06-23 12:20:16,SPB-0020,Санкт-Петербург,visit,,0,ads,ios
2026-06-23 12:22:21,KZN-0019,Казань,visit,,0,organic,web
2026-06-23 12:26:18,SPB-0190,Санкт-Петербург,visit,,0,ads,ios
2026-06-23 12:26:19,KZN-0040,Казань,visit,,0,organic,android
2026-06-23 12:28:32,SPB-0180,Санкт-Петербург,visit,,0,referral,ios
2026-06-23 12:29:11,MSK-0054,Москва,visit,,0,organic,android
2026-06-23 12:29:36,NSK-0007,Новосибирск,product_view,,0,organic,ios
2026-06-23 12:30:51,KZN-0088,Казань,visit,,0,organic,android
2026-06-23 12:30:55,KZN-0040,Казань,product_view,,0,organic,android
2026-06-23 12:32:42,MSK-0054,Москва,product_view,,0,organic,android
2026-06-23 12:33:16,MSK-0109,Москва,product_view,,0,ads,android
2026-06-23 12:33:42,SPB-0132,Санкт-Петербург,visit,,0,organic,android
2026-06-23 12:34:38,MSK-0109,Москва,product_view,,0,ads,android
2026-06-23 12:35:03,KZN-0019,Казань,product_view,,0,organic,web
2026-06-23 12:36:37,SPB-0020,Санкт-Петербург,product_view,,0,ads,ios
2026-06-23 12:36:52,KZN-0016,Казань,purchase,ORD-000879,960.00,organic,ios
2026-06-23 12:39:20,SPB-0104,Санкт-Петербург,visit,,0,referral,ios
2026-06-23 12:41:15,EKB-0067,Екатеринбург,product_view,,0,organic,ios
2026-06-23 12:45:04,MSK-0051,Москва,visit,,0,organic,android
2026-06-23 12:47:49,SPB-0180,Санкт-Петербург,product_view,,0,referral,ios
2026-06-23 12:55:08,MSK-0065,Москва,purchase,ORD-000865,190.00,organic,web
2026-06-23 12:56:32,KZN-0026,Казань,visit,,0,organic,android
2026-06-23 12:57:15,MSK-0072,Москва,visit,,0,organic,android
2026-06-23 12:57:23,KZN-0088,Казань,product_view,,0,organic,android
2026-06-23 12:57:29,SPB-0132,Санкт-Петербург,product_view,,0,organic,android
2026-06-23 13:03:17,SPB-0104,Санкт-Петербург,product_view,,0,referral,ios
2026-06-23 13:03:46,MSK-0072,Москва,product_view,,0,organic,android
2026-06-23 13:04:12,MSK-0011,Москва,visit,,0,organic,android
2026-06-23 13:04:36,SPB-0132,Санкт-Петербург,product_view,,0,organic,android
2026-06-23 13:06:33,MSK-0011,Москва,product_view,,0,organic,android
2026-06-23 13:09:40,SPB-0015,Санкт-Петербург,purchase,ORD-000875,860.00,organic,android
2026-06-23 13:20:00,MSK-0051,Москва,product_view,,0,organic,android
2026-06-23 13:20:09,SPB-0191,Санкт-Петербург,visit,,0,ads,android
2026-06-23 13:27:53,KZN-0026,Казань,product_view,,0,organic,android
2026-06-23 13:30:24,SPB-0056,Санкт-Петербург,visit,,0,ads,ios
2026-06-23 13:31:21,MSK-0129,Москва,visit,,0,ads,ios
2026-06-23 13:33:42,MSK-0011,Москва,product_view,,0,organic,android
2026-06-23 13:41:51,MSK-0072,Москва,product_view,,0,organic,android
2026-06-23 13:42:12,SPB-0195,Санкт-Петербург,visit,,0,referral,ios
2026-06-23 13:46:12,MSK-0156,Москва,visit,,0,ads,android
2026-06-23 13:47:19,MSK-0129,Москва,product_view,,0,ads,ios
2026-06-23 13:50:25,SPB-0015,Санкт-Петербург,visit,,0,organic,android
2026-06-23 13:50:35,SPB-0137,Санкт-Петербург,visit,,0,referral,android
2026-06-23 13:52:27,EKB-0059,Екатеринбург,visit,,0,referral,web
2026-06-23 13:53:03,MSK-0010,Москва,purchase,ORD-000854,760.00,ads,android
2026-06-23 13:54:47,KZN-0009,Казань,visit,,0,organic,android
2026-06-23 13:55:03,EKB-0023,Екатеринбург,visit,,0,organic,ios
2026-06-23 13:56:47,MSK-0108,Москва,visit,,0,organic,ios
2026-06-23 14:02:33,SPB-0158,Санкт-Петербург,visit,,0,organic,ios
2026-06-23 14:03:43,MSK-0108,Москва,product_view,,0,organic,ios
2026-06-23 14:09:24,MSK-0003,Москва,purchase,ORD-000858,320.00,referral,android
2026-06-23 14:09:44,SPB-0015,Санкт-Петербург,product_view,,0,organic,android
2026-06-23 14:09:53,MSK-0156,Москва,product_view,,0,ads,android
2026-06-23 14:11:15,SPB-0137,Санкт-Петербург,product_view,,0,referral,android
2026-06-23 14:11:35,MSK-0025,Москва,purchase,ORD-000861,1010.00,organic,android
2026-06-23 14:16:41,MSK-0034,Москва,purchase,ORD-000856,880.00,organic,android
2026-06-23 14:17:30,MSK-0010,Москва,visit,,0,ads,android
2026-06-23 14:19:23,MSK-0113,Москва,visit,,0,organic,android
2026-06-23 14:19:43,KZN-0009,Казань,product_view,,0,organic,android
2026-06-23 14:23:22,SPB-0002,Санкт-Петербург,visit,,0,referral,android
2026-06-23 14:24:01,EKB-0001,Екатеринбург,purchase,ORD-000887,370.00,referral,ios
2026-06-23 14:24:09,EKB-0023,Екатеринбург,product_view,,0,organic,ios
2026-06-23 14:24:24,SPB-0158,Санкт-Петербург,product_view,,0,organic,ios
2026-06-23 14:24:25,MSK-0034,Москва,visit,,0,organic,android
2026-06-23 14:25:18,KZN-0020,Казань,visit,,0,ads,ios
2026-06-23 14:25:36,NSK-0098,Новосибирск,visit,,0,ads,ios
2026-06-23 14:26:04,KZN-0034,Казань,visit,,0,referral,web
2026-06-23 14:26:58,EKB-0023,Екатеринбург,product_view,,0,organic,ios
2026-06-23 14:29:04,KZN-0038,Казань,visit,,0,ads,web
2026-06-23 14:29:36,MSK-0240,Москва,visit,,0,organic,ios
2026-06-23 14:32:05,MSK-0240,Москва,product_view,,0,organic,ios
2026-06-23 14:33:32,MSK-0002,Москва,visit,,0,organic,android
2026-06-23 14:34:19,NSK-0021,Новосибирск,visit,,0,organic,web
2026-06-23 14:34:21,NSK-0003,Новосибирск,visit,,0,ads,ios
2026-06-23 14:38:54,MSK-0066,Москва,purchase,ORD-000855,590.00,organic,android
2026-06-23 14:39:23,NSK-0003,Новосибирск,product_view,,0,ads,ios
2026-06-23 14:39:46,MSK-0010,Москва,product_view,,0,ads,android
2026-06-23 14:41:22,NSK-0021,Новосибирск,product_view,,0,organic,web
2026-06-23 14:43:06,MSK-0018,Москва,purchase,ORD-000859,230.00,ads,android
2026-06-23 14:45:50,KZN-0020,Казань,product_view,,0,ads,ios
2026-06-23 14:50:11,MSK-0113,Москва,product_view,,0,organic,android
2026-06-23 14:50:33,MSK-0020,Москва,visit,,0,ads,android
2026-06-23 14:52:02,MSK-0020,Москва,product_view,,0,ads,android
2026-06-23 14:52:08,MSK-0034,Москва,product_view,,0,organic,android
2026-06-23 14:52:13,MSK-0113,Москва,product_view,,0,organic,android
2026-06-23 14:54:00,SPB-0077,Санкт-Петербург,visit,,0,organic,web
2026-06-23 14:55:30,EKB-0046,Екатеринбург,visit,,0,ads,android
2026-06-23 14:56:07,KZN-0122,Казань,visit,,0,organic,ios
2026-06-23 14:56:57,NSK-0003,Новосибирск,product_view,,0,ads,ios
2026-06-23 15:02:36,KZN-0020,Казань,product_view,,0,ads,ios
2026-06-23 15:02:53,MSK-0002,Москва,product_view,,0,organic,android
2026-06-23 15:02:55,KZN-0034,Казань,product_view,,0,referral,web
2026-06-23 15:03:34,MSK-0071,Москва,visit,,0,organic,web
2026-06-23 15:05:29,EKB-0018,Екатеринбург,visit,,0,organic,ios
2026-06-23 15:06:47,MSK-0034,Москва,product_view,,0,organic,android
2026-06-23 15:07:47,MSK-0071,Москва,product_view,,0,organic,web
2026-06-23 15:10:42,EKB-0046,Екатеринбург,product_view,,0,ads,android
2026-06-23 15:10:51,KZN-0053,Казань,visit,,0,organic,ios
2026-06-23 15:10:59,MSK-0242,Москва,visit,,0,referral,android
2026-06-23 15:11:28,SPB-0041,Санкт-Петербург,visit,,0,ads,web
2026-06-23 15:11:48,SPB-0077,Санкт-Петербург,product_view,,0,organic,web
2026-06-23 15:13:36,SPB-0047,Санкт-Петербург,visit,,0,organic,android
2026-06-23 15:13:46,SPB-0041,Санкт-Петербург,product_view,,0,ads,web
2026-06-23 15:19:12,MSK-0138,Москва,visit,,0,ads,android
2026-06-23 15:21:10,KZN-0008,Казань,purchase,ORD-000878,220.00,organic,android
2026-06-23 15:22:27,SPB-0047,Санкт-Петербург,product_view,,0,organic,android
2026-06-23 15:25:29,MSK-0209,Москва,visit,,0,organic,web
2026-06-23 15:25:44,EKB-0018,Екатеринбург,product_view,,0,organic,ios
2026-06-23 15:26:29,KZN-0031,Казань,visit,,0,organic,web
2026-06-23 15:26:37,KZN-0080,Казань,visit,,0,organic,android
2026-06-23 15:28:38,EKB-0046,Екатеринбург,product_view,,0,ads,android
2026-06-23 15:31:00,MSK-0138,Москва,product_view,,0,ads,android
2026-06-23 15:33:50,MSK-0071,Москва,product_view,,0,organic,web
2026-06-23 15:34:57,SPB-0173,Санкт-Петербург,visit,,0,organic,android
2026-06-23 15:39:10,MSK-0221,Москва,visit,,0,referral,android
2026-06-23 15:39:30,SPB-0035,Санкт-Петербург,visit,,0,ads,ios
2026-06-23 15:43:12,EKB-0018,Екатеринбург,product_view,,0,organic,ios
2026-06-23 15:47:20,SPB-0003,Санкт-Петербург,visit,,0,organic,ios
2026-06-23 15:48:28,MSK-0138,Москва,product_view,,0,ads,android
2026-06-23 15:54:02,KZN-0080,Казань,product_view,,0,organic,android
2026-06-23 15:55:42,NSK-0014,Новосибирск,visit,,0,organic,ios
2026-06-23 15:56:14,MSK-0258,Москва,visit,,0,organic,android
2026-06-23 16:00:38,SPB-0035,Санкт-Петербург,product_view,,0,ads,ios
2026-06-23 16:00:45,EKB-0025,Екатеринбург,visit,,0,ads,android
2026-06-23 16:01:34,SPB-0003,Санкт-Петербург,product_view,,0,organic,ios
2026-06-23 16:02:50,MSK-0221,Москва,product_view,,0,referral,android
2026-06-23 16:04:59,SPB-0078,Санкт-Петербург,visit,,0,ads,web
2026-06-23 16:07:30,MSK-0018,Москва,visit,,0,ads,android
2026-06-23 16:09:10,SPB-0078,Санкт-Петербург,product_view,,0,ads,web
2026-06-23 16:13:41,NSK-0014,Новосибирск,product_view,,0,organic,ios
2026-06-23 16:14:57,MSK-0035,Москва,visit,,0,organic,android
2026-06-23 16:16:06,KZN-0083,Казань,visit,,0,ads,ios
2026-06-23 16:16:30,SPB-0078,Санкт-Петербург,product_view,,0,ads,web
2026-06-23 16:17:33,MSK-0035,Москва,product_view,,0,organic,android
2026-06-23 16:26:59,MSK-0258,Москва,product_view,,0,organic,android
2026-06-23 16:29:21,MSK-0226,Москва,visit,,0,organic,ios
2026-06-23 16:31:40,MSK-0018,Москва,product_view,,0,ads,android
2026-06-23 16:33:10,SPB-0037,Санкт-Петербург,visit,,0,referral,web
2026-06-23 16:34:35,MSK-0048,Москва,purchase,ORD-000857,760.00,ads,ios
2026-06-23 16:36:33,MSK-0241,Москва,visit,,0,organic,web
2026-06-23 16:38:07,MSK-0062,Москва,visit,,0,organic,android
2026-06-23 16:42:13,MSK-0082,Москва,visit,,0,organic,android
2026-06-23 16:44:41,KZN-0087,Казань,visit,,0,organic,web
2026-06-23 16:49:36,KZN-0083,Казань,product_view,,0,ads,ios
2026-06-23 16:51:47,MSK-0075,Москва,visit,,0,referral,android
2026-06-23 16:51:54,MSK-0062,Москва,product_view,,0,organic,android
2026-06-23 16:52:02,SPB-0037,Санкт-Петербург,product_view,,0,referral,web
2026-06-23 16:59:57,NSK-0083,Новосибирск,visit,,0,organic,web
2026-06-23 17:01:08,EKB-0023,Екатеринбург,purchase,ORD-000889,410.00,organic,ios
2026-06-23 17:01:26,KZN-0049,Казань,visit,,0,organic,android
2026-06-23 17:02:04,EKB-0117,Екатеринбург,visit,,0,ads,ios
2026-06-23 17:03:41,EKB-0049,Екатеринбург,visit,,0,organic,android
2026-06-23 17:04:11,MSK-0062,Москва,product_view,,0,organic,android
2026-06-23 17:04:57,NSK-0091,Новосибирск,visit,,0,organic,web
2026-06-23 17:06:15,KZN-0124,Казань,visit,,0,organic,ios
2026-06-23 17:07:09,MSK-0241,Москва,product_view,,0,organic,web
2026-06-23 17:08:30,KZN-0087,Казань,product_view,,0,organic,web
2026-06-23 17:11:15,MSK-0082,Москва,product_view,,0,organic,android
2026-06-23 17:13:13,MSK-0025,Москва,visit,,0,organic,android
2026-06-23 17:16:09,MSK-0069,Москва,visit,,0,organic,web
2026-06-23 17:17:56,SPB-0031,Санкт-Петербург,visit,,0,ads,android
2026-06-23 17:18:28,SPB-0015,Санкт-Петербург,purchase,ORD-000874,430.00,organic,android
2026-06-23 17:24:14,SPB-0163,Санкт-Петербург,visit,,0,ads,android
2026-06-23 17:24:26,NSK-0015,Новосибирск,visit,,0,organic,web
2026-06-23 17:28:02,SPB-0163,Санкт-Петербург,product_view,,0,ads,android
2026-06-23 17:36:50,EKB-0049,Екатеринбург,product_view,,0,organic,android
2026-06-23 17:38:29,EKB-0011,Екатеринбург,purchase,ORD-000888,290.00,ads,android
2026-06-23 17:39:28,NSK-0023,Новосибирск,visit,,0,organic,ios
2026-06-23 17:40:02,SPB-0207,Санкт-Петербург,visit,,0,organic,android
2026-06-23 17:40:49,SPB-0163,Санкт-Петербург,product_view,,0,ads,android
2026-06-23 17:43:31,MSK-0073,Москва,visit,,0,organic,android
2026-06-23 17:49:20,MSK-0025,Москва,product_view,,0,organic,android
2026-06-23 17:50:08,EKB-0047,Екатеринбург,visit,,0,ads,android
2026-06-23 17:50:20,NSK-0011,Новосибирск,visit,,0,organic,ios
2026-06-23 17:55:46,MSK-0025,Москва,product_view,,0,organic,android
2026-06-23 17:57:34,SPB-0039,Санкт-Петербург,visit,,0,organic,web
2026-06-23 18:03:53,KZN-0026,Казань,purchase,ORD-000877,420.00,organic,android
2026-06-23 18:04:21,MSK-0073,Москва,product_view,,0,organic,android
2026-06-23 18:07:30,MSK-0230,Москва,visit,,0,ads,android
2026-06-23 18:08:20,SPB-0143,Санкт-Петербург,visit,,0,organic,android
2026-06-23 18:09:26,EKB-0038,Екатеринбург,visit,,0,organic,web
2026-06-23 18:10:10,SPB-0219,Санкт-Петербург,visit,,0,ads,android
2026-06-23 18:12:18,MSK-0249,Москва,visit,,0,ads,ios
2026-06-23 18:12:39,NSK-0011,Новосибирск,product_view,,0,organic,ios
2026-06-23 18:13:19,MSK-0073,Москва,product_view,,0,organic,android
2026-06-23 18:15:16,NSK-0023,Новосибирск,product_view,,0,organic,ios
2026-06-23 18:15:44,MSK-0030,Москва,visit,,0,ads,ios
2026-06-23 18:16:12,SPB-0039,Санкт-Петербург,product_view,,0,organic,web
2026-06-23 18:16:58,SPB-0219,Санкт-Петербург,product_view,,0,ads,android
2026-06-23 18:17:38,KZN-0016,Казань,visit,,0,organic,ios
2026-06-23 18:21:01,KZN-0016,Казань,product_view,,0,organic,ios
2026-06-23 18:21:13,SPB-0053,Санкт-Петербург,visit,,0,organic,android
2026-06-23 18:24:23,MSK-0145,Москва,visit,,0,organic,ios
2026-06-23 18:25:05,NSK-0100,Новосибирск,visit,,0,ads,android
2026-06-23 18:27:55,SPB-0053,Санкт-Петербург,product_view,,0,organic,android
2026-06-23 18:30:23,MSK-0220,Москва,visit,,0,organic,android
2026-06-23 18:31:03,EKB-0001,Екатеринбург,purchase,ORD-000886,220.00,referral,ios
2026-06-23 18:34:16,SPB-0189,Санкт-Петербург,visit,,0,organic,android
2026-06-23 18:36:33,EKB-0010,Екатеринбург,visit,,0,ads,web
2026-06-23 18:36:58,SPB-0219,Санкт-Петербург,product_view,,0,ads,android
2026-06-23 18:40:19,EKB-0113,Екатеринбург,visit,,0,organic,android
2026-06-23 18:41:53,MSK-0189,Москва,visit,,0,organic,android
2026-06-23 18:42:34,NSK-0084,Новосибирск,visit,,0,organic,web
2026-06-23 18:43:03,SPB-0225,Санкт-Петербург,visit,,0,ads,web
2026-06-23 18:43:09,MSK-0134,Москва,visit,,0,ads,android
2026-06-23 18:44:24,SPB-0053,Санкт-Петербург,purchase,ORD-000870,180.00,organic,android
2026-06-23 18:44:41,SPB-0143,Санкт-Петербург,product_view,,0,organic,android
2026-06-23 18:45:47,MSK-0249,Москва,product_view,,0,ads,ios
2026-06-23 18:49:40,KZN-0034,Казань,purchase,ORD-000880,340.00,referral,web
2026-06-23 18:50:48,MSK-0030,Москва,product_view,,0,ads,ios
2026-06-23 18:53:06,SPB-0053,Санкт-Петербург,product_view,,0,organic,android
2026-06-23 19:03:00,EKB-0010,Екатеринбург,product_view,,0,ads,web
2026-06-23 19:06:45,MSK-0134,Москва,product_view,,0,ads,android
2026-06-23 19:16:28,EKB-0113,Екатеринбург,product_view,,0,organic,android
2026-06-23 19:38:24,SPB-0007,Санкт-Петербург,purchase,ORD-000869,430.00,organic,web
2026-06-23 19:53:54,NSK-0014,Новосибирск,purchase,ORD-000892,210.00,organic,ios
2026-06-23 20:50:13,SPB-0027,Санкт-Петербург,purchase,ORD-000867,350.00,organic,android
2026-06-23 21:17:49,SPB-0039,Санкт-Петербург,purchase,ORD-000876,390.00,organic,web
2026-06-23 21:25:50,EKB-0015,Екатеринбург,purchase,ORD-000890,180.00,organic,ios
2026-06-23 21:34:12,KZN-0007,Казань,purchase,ORD-000882,300.00,ads,android
2026-06-23 21:39:58,MSK-0072,Москва,purchase,ORD-000860,880.00,organic,android
2026-06-24 02:24:31,TEST-KZN-0024,Казань,purchase,TEST-00024,140.00,test,ios
2026-06-24 02:54:48,TEST-KZN-0054,Казань,purchase,TEST-00054,140.00,test,web
2026-06-24 03:24:38,TEST-KZN-0084,Казань,purchase,TEST-00084,140.00,test,ios
2026-06-24 03:54:49,TEST-KZN-0114,Казань,purchase,TEST-00114,140.00,test,ios
2026-06-24 08:04:14,KZN-0028,Казань,visit,,0,organic,web
2026-06-24 08:07:54,EKB-0035,Екатеринбург,visit,,0,ads,android
2026-06-24 08:12:08,NSK-0032,Новосибирск,visit,,0,ads,android
2026-06-24 08:16:53,MSK-0114,Москва,visit,,0,organic,android
2026-06-24 08:18:21,EKB-0101,Екатеринбург,visit,,0,organic,android
2026-06-24 08:18:55,MSK-0208,Москва,visit,,0,referral,ios
2026-06-24 08:22:32,MSK-0133,Москва,visit,,0,organic,android
2026-06-24 08:22:39,KZN-0028,Казань,product_view,,0,organic,web
2026-06-24 08:22:48,EKB-0024,Екатеринбург,visit,,0,ads,android
2026-06-24 08:23:07,KZN-0014,Казань,visit,,0,organic,android
2026-06-24 08:25:37,EKB-0012,Екатеринбург,visit,,0,referral,android
2026-06-24 08:26:51,KZN-0090,Казань,visit,,0,organic,android
2026-06-24 08:27:16,MSK-0045,Москва,visit,,0,ads,ios
2026-06-24 08:29:05,EKB-0101,Екатеринбург,product_view,,0,organic,android
2026-06-24 08:29:25,SPB-0057,Санкт-Петербург,visit,,0,organic,android
2026-06-24 08:36:50,NSK-0032,Новосибирск,product_view,,0,ads,android
2026-06-24 08:38:44,EKB-0035,Екатеринбург,product_view,,0,ads,android
2026-06-24 08:39:59,EKB-0035,Екатеринбург,product_view,,0,ads,android
2026-06-24 08:41:58,KZN-0071,Казань,visit,,0,organic,android
2026-06-24 08:43:00,NSK-0032,Новосибирск,product_view,,0,ads,android
2026-06-24 08:43:08,MSK-0045,Москва,product_view,,0,ads,ios
2026-06-24 08:43:30,KZN-0009,Казань,visit,,0,organic,android
2026-06-24 08:45:54,SPB-0017,Санкт-Петербург,visit,,0,organic,web
2026-06-24 08:48:40,KZN-0014,Казань,product_view,,0,organic,android
2026-06-24 08:51:57,KZN-0090,Казань,product_view,,0,organic,android
2026-06-24 08:52:18,MSK-0133,Москва,product_view,,0,organic,android
2026-06-24 08:55:22,MSK-0045,Москва,product_view,,0,ads,ios
2026-06-24 08:57:41,NSK-0096,Новосибирск,visit,,0,ads,android
2026-06-24 08:59:31,NSK-0096,Новосибирск,product_view,,0,ads,android
2026-06-24 08:59:40,EKB-0012,Екатеринбург,product_view,,0,referral,android
2026-06-24 09:01:13,MSK-0102,Москва,visit,,0,referral,android
2026-06-24 09:11:48,MSK-0169,Москва,visit,,0,organic,android
2026-06-24 09:12:23,KZN-0049,Казань,visit,,0,organic,android
2026-06-24 09:12:59,SPB-0017,Санкт-Петербург,product_view,,0,organic,web
2026-06-24 09:17:00,NSK-0027,Новосибирск,visit,,0,organic,web
2026-06-24 09:20:53,SPB-0017,Санкт-Петербург,product_view,,0,organic,web
2026-06-24 09:23:02,MSK-0212,Москва,visit,,0,organic,android
2026-06-24 09:23:14,NSK-0071,Новосибирск,visit,,0,ads,android
2026-06-24 09:23:32,NSK-0003,Новосибирск,visit,,0,ads,ios
2026-06-24 09:23:49,SPB-0012,Санкт-Петербург,visit,,0,organic,android
2026-06-24 09:23:51,KZN-0049,Казань,product_view,,0,organic,android
2026-06-24 09:26:03,MSK-0091,Москва,visit,,0,organic,android
2026-06-24 09:27:26,NSK-0003,Новосибирск,product_view,,0,ads,ios
2026-06-24 09:29:44,MSK-0091,Москва,product_view,,0,organic,android
2026-06-24 09:35:04,EKB-0103,Екатеринбург,visit,,0,ads,web
2026-06-24 09:36:10,MSK-0169,Москва,product_view,,0,organic,android
2026-06-24 09:37:24,SPB-0022,Санкт-Петербург,visit,,0,organic,ios
2026-06-24 09:41:54,MSK-0041,Москва,visit,,0,referral,android
2026-06-24 09:43:34,NSK-0003,Новосибирск,product_view,,0,ads,ios
2026-06-24 09:45:23,SPB-0012,Санкт-Петербург,product_view,,0,organic,android
2026-06-24 09:50:55,MSK-0064,Москва,visit,,0,ads,ios
2026-06-24 10:01:06,EKB-0103,Екатеринбург,product_view,,0,ads,web
2026-06-24 10:03:29,KZN-0026,Казань,visit,,0,organic,android
2026-06-24 10:04:19,SPB-0022,Санкт-Петербург,product_view,,0,organic,ios
2026-06-24 10:04:19,EKB-0103,Екатеринбург,product_view,,0,ads,web
2026-06-24 10:05:26,KZN-0026,Казань,product_view,,0,organic,android
2026-06-24 10:08:56,SPB-0012,Санкт-Петербург,product_view,,0,organic,android
2026-06-24 10:09:53,NSK-0040,Новосибирск,visit,,0,referral,android
2026-06-24 10:12:04,SPB-0040,Санкт-Петербург,visit,,0,referral,ios
2026-06-24 10:12:52,SPB-0089,Санкт-Петербург,visit,,0,ads,web
2026-06-24 10:13:48,MSK-0107,Москва,visit,,0,organic,android
2026-06-24 10:15:40,MSK-0064,Москва,product_view,,0,ads,ios
2026-06-24 10:20:09,MSK-0018,Москва,purchase,ORD-000902,670.00,ads,android
2026-06-24 10:27:48,MSK-0096,Москва,visit,,0,organic,ios
2026-06-24 10:37:10,NSK-0009,Новосибирск,purchase,ORD-000933,690.00,ads,android
2026-06-24 10:43:08,SPB-0040,Санкт-Петербург,product_view,,0,referral,ios
2026-06-24 10:43:51,SPB-0089,Санкт-Петербург,product_view,,0,ads,web
2026-06-24 10:45:18,KZN-0026,Казань,product_view,,0,organic,android
2026-06-24 10:46:27,SPB-0040,Санкт-Петербург,product_view,,0,referral,ios
2026-06-24 10:47:36,MSK-0236,Москва,visit,,0,ads,web
2026-06-24 10:48:26,MSK-0107,Москва,product_view,,0,organic,android
2026-06-24 10:49:01,MSK-0144,Москва,visit,,0,organic,android
2026-06-24 10:50:59,NSK-0015,Новосибирск,purchase,ORD-000931,540.00,organic,web
2026-06-24 10:55:06,KZN-0074,Казань,visit,,0,organic,ios
2026-06-24 10:55:47,NSK-0097,Новосибирск,visit,,0,organic,web
2026-06-24 10:59:07,MSK-0236,Москва,product_view,,0,ads,web
2026-06-24 10:59:40,SPB-0075,Санкт-Петербург,visit,,0,organic,android
2026-06-24 11:08:18,MSK-0048,Москва,visit,,0,ads,ios
2026-06-24 11:11:51,NSK-0097,Новосибирск,product_view,,0,organic,web
2026-06-24 11:21:49,EKB-0096,Екатеринбург,visit,,0,ads,ios
2026-06-24 11:26:07,EKB-0050,Екатеринбург,visit,,0,organic,ios
2026-06-24 11:26:08,EKB-0045,Екатеринбург,visit,,0,organic,web
2026-06-24 11:27:17,NSK-0095,Новосибирск,visit,,0,ads,ios
2026-06-24 11:29:28,MSK-0048,Москва,product_view,,0,ads,ios
2026-06-24 11:29:55,MSK-0048,Москва,product_view,,0,ads,ios
2026-06-24 11:33:28,EKB-0054,Екатеринбург,visit,,0,organic,android
2026-06-24 11:34:55,EKB-0050,Екатеринбург,product_view,,0,organic,ios
2026-06-24 11:38:13,MSK-0077,Москва,visit,,0,referral,ios
2026-06-24 11:42:24,SPB-0026,Санкт-Петербург,visit,,0,organic,android
2026-06-24 11:43:36,SPB-0070,Санкт-Петербург,visit,,0,referral,android
2026-06-24 11:44:38,SPB-0118,Санкт-Петербург,visit,,0,organic,web
2026-06-24 11:46:27,NSK-0095,Новосибирск,product_view,,0,ads,ios
2026-06-24 11:48:03,EKB-0045,Екатеринбург,product_view,,0,organic,web
2026-06-24 11:52:26,EKB-0080,Екатеринбург,visit,,0,organic,web
2026-06-24 11:56:59,MSK-0034,Москва,visit,,0,organic,android
2026-06-24 11:57:19,SPB-0146,Санкт-Петербург,visit,,0,organic,android
2026-06-24 11:58:48,MSK-0121,Москва,visit,,0,organic,android
2026-06-24 12:00:00,SPB-0026,Санкт-Петербург,product_view,,0,organic,android
2026-06-24 12:00:24,SPB-0030,Санкт-Петербург,visit,,0,ads,android
2026-06-24 12:01:19,SPB-0070,Санкт-Петербург,product_view,,0,referral,android
2026-06-24 12:03:41,MSK-0034,Москва,product_view,,0,organic,android
2026-06-24 12:03:58,NSK-0003,Новосибирск,purchase,ORD-000930,250.00,ads,ios
2026-06-24 12:05:32,MSK-0095,Москва,visit,,0,ads,ios
2026-06-24 12:06:15,SPB-0032,Санкт-Петербург,visit,,0,organic,android
2026-06-24 12:07:15,MSK-0121,Москва,product_view,,0,organic,android
2026-06-24 12:07:44,MSK-0202,Москва,visit,,0,organic,ios
2026-06-24 12:08:10,EKB-0054,Екатеринбург,product_view,,0,organic,android
2026-06-24 12:09:18,MSK-0001,Москва,visit,,0,organic,web
2026-06-24 12:10:29,MSK-0077,Москва,product_view,,0,referral,ios
2026-06-24 12:11:51,KZN-0082,Казань,visit,,0,organic,android
2026-06-24 12:13:59,EKB-0001,Екатеринбург,purchase,ORD-000925,330.00,referral,ios
2026-06-24 12:15:01,MSK-0040,Москва,purchase,ORD-000900,320.00,ads,android
2026-06-24 12:15:16,SPB-0026,Санкт-Петербург,product_view,,0,organic,android
2026-06-24 12:18:02,KZN-0017,Казань,visit,,0,referral,android
2026-06-24 12:18:03,MSK-0077,Москва,product_view,,0,referral,ios
2026-06-24 12:21:23,MSK-0202,Москва,product_view,,0,organic,ios
2026-06-24 12:22:25,EKB-0008,Екатеринбург,visit,,0,organic,android
2026-06-24 12:23:05,NSK-0083,Новосибирск,visit,,0,organic,web
2026-06-24 12:23:13,EKB-0080,Екатеринбург,product_view,,0,organic,web
2026-06-24 12:25:59,NSK-0083,Новосибирск,product_view,,0,organic,web
2026-06-24 12:29:14,SPB-0032,Санкт-Петербург,product_view,,0,organic,android
2026-06-24 12:29:34,MSK-0001,Москва,product_view,,0,organic,web
2026-06-24 12:33:30,KZN-0017,Казань,product_view,,0,referral,android
2026-06-24 12:34:40,MSK-0009,Москва,visit,,0,organic,ios
2026-06-24 12:35:00,NSK-0087,Новосибирск,visit,,0,organic,web
2026-06-24 12:35:14,MSK-0010,Москва,purchase,ORD-000908,760.00,ads,android
2026-06-24 12:37:19,MSK-0010,Москва,visit,,0,ads,android
2026-06-24 12:42:16,NSK-0014,Новосибирск,visit,,0,organic,ios
2026-06-24 12:45:49,SPB-0140,Санкт-Петербург,visit,,0,ads,web
2026-06-24 12:52:36,SPB-0142,Санкт-Петербург,visit,,0,referral,android
2026-06-24 12:53:38,SPB-0140,Санкт-Петербург,product_view,,0,ads,web
2026-06-24 12:55:34,SPB-0049,Санкт-Петербург,visit,,0,organic,ios
2026-06-24 12:57:50,EKB-0008,Екатеринбург,product_view,,0,organic,android
2026-06-24 12:57:59,SPB-0056,Санкт-Петербург,purchase,ORD-000913,270.00,ads,ios
2026-06-24 13:00:38,MSK-0238,Москва,visit,,0,ads,android
2026-06-24 13:00:58,MSK-0040,Москва,visit,,0,ads,android
2026-06-24 13:05:03,NSK-0014,Новосибирск,product_view,,0,organic,ios
2026-06-24 13:07:41,MSK-0010,Москва,product_view,,0,ads,android
2026-06-24 13:12:20,NSK-0021,Новосибирск,visit,,0,organic,web
2026-06-24 13:13:49,SPB-0047,Санкт-Петербург,visit,,0,organic,android
2026-06-24 13:13:59,EKB-0058,Екатеринбург,visit,,0,organic,web
2026-06-24 13:14:05,MSK-0258,Москва,visit,,0,organic,android
2026-06-24 13:14:30,MSK-0238,Москва,product_view,,0,ads,android
2026-06-24 13:14:56,SPB-0140,Санкт-Петербург,product_view,,0,ads,web
2026-06-24 13:19:40,MSK-0034,Москва,purchase,ORD-000905,270.00,organic,android
2026-06-24 13:20:39,KZN-0017,Казань,purchase,ORD-000922,960.00,referral,android
2026-06-24 13:21:05,MSK-0040,Москва,product_view,,0,ads,android
2026-06-24 13:22:43,EKB-0076,Екатеринбург,visit,,0,ads,android
2026-06-24 13:22:56,MSK-0238,Москва,product_view,,0,ads,android
2026-06-24 13:29:01,SPB-0216,Санкт-Петербург,visit,,0,ads,ios
2026-06-24 13:29:03,SPB-0015,Санкт-Петербург,purchase,ORD-000912,860.00,organic,android
2026-06-24 13:29:14,NSK-0021,Новосибирск,product_view,,0,organic,web
2026-06-24 13:31:06,MSK-0031,Москва,visit,,0,organic,android
2026-06-24 13:32:51,SPB-0139,Санкт-Петербург,visit,,0,ads,android
2026-06-24 13:32:52,MSK-0284,Москва,visit,,0,ads,ios
2026-06-24 13:36:38,MSK-0258,Москва,product_view,,0,organic,android
2026-06-24 13:37:33,MSK-0040,Москва,product_view,,0,ads,android
2026-06-24 13:39:05,MSK-0164,Москва,visit,,0,ads,ios
2026-06-24 13:39:31,SPB-0012,Санкт-Петербург,purchase,ORD-000915,650.00,organic,android
2026-06-24 13:40:05,MSK-0182,Москва,visit,,0,referral,ios
2026-06-24 13:40:48,EKB-0030,Екатеринбург,visit,,0,organic,ios
2026-06-24 13:41:39,SPB-0115,Санкт-Петербург,visit,,0,ads,web
2026-06-24 13:43:26,SPB-0045,Санкт-Петербург,visit,,0,organic,ios
2026-06-24 13:53:23,MSK-0036,Москва,visit,,0,organic,ios
2026-06-24 13:53:31,KZN-0028,Казань,purchase,ORD-000920,300.00,organic,web
2026-06-24 13:53:51,MSK-0258,Москва,product_view,,0,organic,android
2026-06-24 13:54:36,EKB-0030,Екатеринбург,product_view,,0,organic,ios
2026-06-24 13:55:35,KZN-0139,Казань,visit,,0,organic,android
2026-06-24 13:57:44,SPB-0129,Санкт-Петербург,visit,,0,ads,android
2026-06-24 13:59:09,SPB-0045,Санкт-Петербург,product_view,,0,organic,ios
2026-06-24 13:59:10,SPB-0014,Санкт-Петербург,visit,,0,organic,web
2026-06-24 13:59:48,SPB-0216,Санкт-Петербург,product_view,,0,ads,ios
2026-06-24 14:00:49,KZN-0138,Казань,visit,,0,organic,web
2026-06-24 14:05:11,SPB-0056,Санкт-Петербург,visit,,0,ads,ios
2026-06-24 14:05:27,MSK-0164,Москва,product_view,,0,ads,ios
2026-06-24 14:09:12,SPB-0067,Санкт-Петербург,visit,,0,organic,android
2026-06-24 14:11:46,SPB-0056,Санкт-Петербург,product_view,,0,ads,ios
2026-06-24 14:12:47,SPB-0045,Санкт-Петербург,product_view,,0,organic,ios
2026-06-24 14:13:04,MSK-0036,Москва,product_view,,0,organic,ios
2026-06-24 14:14:39,SPB-0014,Санкт-Петербург,product_view,,0,organic,web
2026-06-24 14:16:24,SPB-0002,Санкт-Петербург,visit,,0,referral,android
2026-06-24 14:18:58,EKB-0107,Екатеринбург,visit,,0,ads,android
2026-06-24 14:19:03,MSK-0164,Москва,product_view,,0,ads,ios
2026-06-24 14:21:57,KZN-0032,Казань,purchase,ORD-000919,260.00,organic,ios
2026-06-24 14:28:56,KZN-0138,Казань,product_view,,0,organic,web
2026-06-24 14:31:53,NSK-0015,Новосибирск,purchase,ORD-000932,290.00,organic,web
2026-06-24 14:38:40,MSK-0045,Москва,purchase,ORD-000901,230.00,ads,ios
2026-06-24 14:38:58,SPB-0067,Санкт-Петербург,product_view,,0,organic,android
2026-06-24 14:40:24,SPB-0056,Санкт-Петербург,product_view,,0,ads,ios
2026-06-24 14:41:55,NSK-0014,Новосибирск,purchase,ORD-000929,290.00,organic,ios
2026-06-24 14:42:35,EKB-0107,Екатеринбург,product_view,,0,ads,android
2026-06-24 14:44:52,NSK-0085,Новосибирск,visit,,0,organic,ios
2026-06-24 14:47:18,SPB-0002,Санкт-Петербург,product_view,,0,referral,android
2026-06-24 14:52:38,NSK-0085,Новосибирск,product_view,,0,organic,ios
2026-06-24 14:54:45,NSK-0100,Новосибирск,visit,,0,ads,android
2026-06-24 15:03:15,EKB-0018,Екатеринбург,visit,,0,organic,ios
2026-06-24 15:04:09,EKB-0011,Екатеринбург,visit,,0,ads,android
2026-06-24 15:05:42,MSK-0074,Москва,purchase,ORD-000897,190.00,organic,android
2026-06-24 15:10:04,SPB-0199,Санкт-Петербург,visit,,0,referral,android
2026-06-24 15:12:21,MSK-0054,Москва,visit,,0,organic,android
2026-06-24 15:12:22,SPB-0054,Санкт-Петербург,visit,,0,organic,android
2026-06-24 15:14:30,EKB-0018,Екатеринбург,product_view,,0,organic,ios
2026-06-24 15:15:32,MSK-0054,Москва,product_view,,0,organic,android
2026-06-24 15:17:42,EKB-0010,Екатеринбург,purchase,ORD-000924,370.00,ads,web
2026-06-24 15:18:15,MSK-0018,Москва,visit,,0,ads,android
2026-06-24 15:19:15,EKB-0018,Екатеринбург,product_view,,0,organic,ios
2026-06-24 15:19:58,EKB-0095,Екатеринбург,visit,,0,organic,web
2026-06-24 15:20:04,EKB-0011,Екатеринбург,product_view,,0,ads,android
2026-06-24 15:29:28,MSK-0074,Москва,visit,,0,organic,android
2026-06-24 15:31:19,KZN-0084,Казань,visit,,0,organic,web
2026-06-24 15:33:12,MSK-0103,Москва,visit,,0,ads,android
2026-06-24 15:33:50,SPB-0168,Санкт-Петербург,visit,,0,organic,android
2026-06-24 15:38:22,SPB-0054,Санкт-Петербург,product_view,,0,organic,android
2026-06-24 15:38:54,SPB-0168,Санкт-Петербург,product_view,,0,organic,android
2026-06-24 15:39:12,MSK-0206,Москва,visit,,0,organic,ios
2026-06-24 15:40:23,KZN-0037,Казань,visit,,0,organic,android
2026-06-24 15:41:51,MSK-0018,Москва,product_view,,0,ads,android
2026-06-24 15:42:14,MSK-0206,Москва,product_view,,0,organic,ios
2026-06-24 15:43:29,MSK-0074,Москва,product_view,,0,organic,android
2026-06-24 15:45:53,SPB-0110,Санкт-Петербург,visit,,0,organic,ios
2026-06-24 15:46:44,EKB-0095,Екатеринбург,product_view,,0,organic,web
2026-06-24 15:47:04,SPB-0026,Санкт-Петербург,purchase,ORD-000916,860.00,organic,android
2026-06-24 15:47:27,KZN-0122,Казань,visit,,0,organic,ios
2026-06-24 15:55:16,MSK-0074,Москва,product_view,,0,organic,android
2026-06-24 16:03:22,KZN-0084,Казань,product_view,,0,organic,web
2026-06-24 16:05:26,EKB-0082,Екатеринбург,visit,,0,referral,android
2026-06-24 16:06:45,MSK-0103,Москва,product_view,,0,ads,android
2026-06-24 16:06:57,SPB-0045,Санкт-Петербург,purchase,ORD-000914,310.00,organic,ios
2026-06-24 16:08:25,KZN-0043,Казань,visit,,0,ads,ios
2026-06-24 16:11:16,SPB-0126,Санкт-Петербург,visit,,0,organic,ios
2026-06-24 16:12:22,KZN-0043,Казань,product_view,,0,ads,ios
2026-06-24 16:16:54,MSK-0255,Москва,visit,,0,ads,web
2026-06-24 16:17:17,KZN-0010,Казань,visit,,0,ads,android
2026-06-24 16:17:45,NSK-0046,Новосибирск,visit,,0,organic,android
2026-06-24 16:19:24,MSK-0111,Москва,visit,,0,organic,ios
2026-06-24 16:19:47,MSK-0294,Москва,visit,,0,organic,ios
2026-06-24 16:29:18,SPB-0126,Санкт-Петербург,product_view,,0,organic,ios
2026-06-24 16:29:53,KZN-0010,Казань,product_view,,0,ads,android
2026-06-24 16:30:22,EKB-0082,Екатеринбург,product_view,,0,referral,android
2026-06-24 16:30:41,EKB-0090,Екатеринбург,visit,,0,organic,ios
2026-06-24 16:30:46,EKB-0011,Екатеринбург,purchase,ORD-000927,940.00,ads,android
2026-06-24 16:31:17,MSK-0048,Москва,purchase,ORD-000898,1010.00,ads,ios
2026-06-24 16:38:03,EKB-0070,Екатеринбург,visit,,0,organic,android
2026-06-24 16:40:04,MSK-0001,Москва,purchase,ORD-000906,320.00,organic,web
2026-06-24 16:41:15,SPB-0006,Санкт-Петербург,visit,,0,referral,ios
2026-06-24 16:45:09,MSK-0294,Москва,product_view,,0,organic,ios
2026-06-24 16:45:55,EKB-0010,Екатеринбург,visit,,0,ads,web
2026-06-24 16:46:30,MSK-0111,Москва,product_view,,0,organic,ios
2026-06-24 16:46:48,EKB-0044,Екатеринбург,visit,,0,ads,android
2026-06-24 16:48:18,SPB-0031,Санкт-Петербург,visit,,0,ads,android
2026-06-24 16:48:25,SPB-0175,Санкт-Петербург,visit,,0,organic,web
2026-06-24 16:49:18,KZN-0033,Казань,visit,,0,organic,ios
2026-06-24 16:50:57,MSK-0065,Москва,purchase,ORD-000903,670.00,organic,web
2026-06-24 16:51:56,MSK-0068,Москва,visit,,0,organic,android
2026-06-24 16:58:43,MSK-0033,Москва,visit,,0,ads,ios
2026-06-24 16:58:52,EKB-0090,Екатеринбург,product_view,,0,organic,ios
2026-06-24 17:00:45,MSK-0173,Москва,visit,,0,organic,android
2026-06-24 17:01:45,KZN-0086,Казань,visit,,0,organic,ios
2026-06-24 17:01:54,SPB-0205,Санкт-Петербург,visit,,0,organic,ios
2026-06-24 17:04:03,MSK-0033,Москва,product_view,,0,ads,ios
2026-06-24 17:06:20,SPB-0175,Санкт-Петербург,product_view,,0,organic,web
2026-06-24 17:07:37,SPB-0042,Санкт-Петербург,visit,,0,organic,web
2026-06-24 17:14:10,MSK-0037,Москва,visit,,0,ads,android
2026-06-24 17:17:05,MSK-0196,Москва,visit,,0,organic,android
2026-06-24 17:17:18,EKB-0010,Екатеринбург,product_view,,0,ads,web
2026-06-24 17:18:16,SPB-0153,Санкт-Петербург,visit,,0,ads,android
2026-06-24 17:18:50,SPB-0205,Санкт-Петербург,product_view,,0,organic,ios
2026-06-24 17:20:05,KZN-0104,Казань,visit,,0,organic,android
2026-06-24 17:21:32,MSK-0068,Москва,product_view,,0,organic,android
2026-06-24 17:23:11,MSK-0298,Москва,visit,,0,ads,android
2026-06-24 17:24:33,MSK-0187,Москва,visit,,0,organic,web
2026-06-24 17:25:11,MSK-0196,Москва,product_view,,0,organic,android
2026-06-24 17:26:19,MSK-0298,Москва,product_view,,0,ads,android
2026-06-24 17:27:40,SPB-0042,Санкт-Петербург,product_view,,0,organic,web
2026-06-24 17:27:41,SPB-0167,Санкт-Петербург,visit,,0,ads,ios
2026-06-24 17:34:34,NSK-0015,Новосибирск,visit,,0,organic,web
2026-06-24 17:35:32,NSK-0035,Новосибирск,visit,,0,ads,ios
2026-06-24 17:36:43,KZN-0086,Казань,product_view,,0,organic,ios
2026-06-24 17:41:12,MSK-0228,Москва,visit,,0,ads,android
2026-06-24 17:44:14,SPB-0153,Санкт-Петербург,product_view,,0,ads,android
2026-06-24 17:45:25,KZN-0104,Казань,product_view,,0,organic,android
2026-06-24 17:46:59,EKB-0008,Екатеринбург,purchase,ORD-000928,330.00,organic,android
2026-06-24 17:47:24,KZN-0104,Казань,product_view,,0,organic,android
2026-06-24 17:48:20,MSK-0196,Москва,product_view,,0,organic,android
2026-06-24 17:50:52,MSK-0073,Москва,visit,,0,organic,android
2026-06-24 17:52:23,SPB-0034,Санкт-Петербург,visit,,0,organic,android
2026-06-24 17:52:29,NSK-0033,Новосибирск,visit,,0,ads,web
2026-06-24 17:53:25,KZN-0117,Казань,visit,,0,ads,ios
2026-06-24 17:54:43,KZN-0001,Казань,visit,,0,organic,web
2026-06-24 17:55:48,MSK-0073,Москва,product_view,,0,organic,android
2026-06-24 17:57:41,KZN-0001,Казань,product_view,,0,organic,web
2026-06-24 17:59:57,MSK-0024,Москва,visit,,0,referral,ios
2026-06-24 18:00:11,NSK-0015,Новосибирск,product_view,,0,organic,web
2026-06-24 18:00:25,MSK-0187,Москва,product_view,,0,organic,web
2026-06-24 18:04:27,MSK-0024,Москва,product_view,,0,referral,ios
2026-06-24 18:06:03,NSK-0043,Новосибирск,visit,,0,referral,web
2026-06-24 18:08:10,KZN-0103,Казань,visit,,0,organic,web
2026-06-24 18:09:39,KZN-0069,Казань,visit,,0,organic,android
2026-06-24 18:10:46,EKB-0001,Екатеринбург,visit,,0,referral,ios
2026-06-24 18:12:21,SPB-0046,Санкт-Петербург,purchase,ORD-000909,730.00,organic,android
2026-06-24 18:12:32,MSK-0066,Москва,visit,,0,organic,android
2026-06-24 18:15:05,NSK-0043,Новосибирск,product_view,,0,referral,web
2026-06-24 18:16:30,KZN-0001,Казань,product_view,,0,organic,web
2026-06-24 18:16:46,MSK-0028,Москва,visit,,0,referral,android
2026-06-24 18:19:18,MSK-0062,Москва,visit,,0,organic,android
2026-06-24 18:20:20,EKB-0001,Екатеринбург,product_view,,0,referral,ios
2026-06-24 18:20:48,SPB-0015,Санкт-Петербург,visit,,0,organic,android
2026-06-24 18:27:29,MSK-0065,Москва,visit,,0,organic,web
2026-06-24 18:29:01,NSK-0043,Новосибирск,product_view,,0,referral,web
2026-06-24 18:32:52,MSK-0062,Москва,product_view,,0,organic,android
2026-06-24 18:33:34,MSK-0178,Москва,visit,,0,ads,android
2026-06-24 18:35:14,MSK-0252,Москва,visit,,0,organic,android
2026-06-24 18:37:34,MSK-0210,Москва,visit,,0,organic,ios
2026-06-24 18:38:08,MSK-0142,Москва,visit,,0,organic,android
2026-06-24 18:38:19,SPB-0015,Санкт-Петербург,product_view,,0,organic,android
2026-06-24 18:40:00,SPB-0094,Санкт-Петербург,visit,,0,referral,android
2026-06-24 18:40:10,MSK-0040,Москва,purchase,ORD-000899,230.00,ads,android
2026-06-24 18:42:38,SPB-0046,Санкт-Петербург,visit,,0,organic,android
2026-06-24 18:42:44,MSK-0062,Москва,product_view,,0,organic,android
2026-06-24 18:42:53,NSK-0009,Новосибирск,visit,,0,ads,android
2026-06-24 18:42:58,MSK-0148,Москва,visit,,0,ads,ios
2026-06-24 18:43:40,MSK-0028,Москва,product_view,,0,referral,android
2026-06-24 18:46:41,KZN-0032,Казань,visit,,0,organic,ios
2026-06-24 18:48:45,KZN-0112,Казань,visit,,0,organic,android
2026-06-24 18:52:26,SPB-0015,Санкт-Петербург,product_view,,0,organic,android
2026-06-24 18:52:45,MSK-0065,Москва,product_view,,0,organic,web
2026-06-24 18:55:34,MSK-0278,Москва,visit,,0,ads,android
2026-06-24 18:55:40,SPB-0038,Санкт-Петербург,visit,,0,organic,android
2026-06-24 18:55:51,MSK-0210,Москва,product_view,,0,organic,ios
2026-06-24 18:57:37,MSK-0142,Москва,product_view,,0,organic,android
2026-06-24 18:59:06,KZN-0125,Казань,visit,,0,organic,android
2026-06-24 18:59:47,SPB-0152,Санкт-Петербург,visit,,0,ads,web
2026-06-24 19:05:29,SPB-0094,Санкт-Петербург,product_view,,0,referral,android
2026-06-24 19:08:08,MSK-0148,Москва,product_view,,0,ads,ios
2026-06-24 19:08:33,KZN-0112,Казань,product_view,,0,organic,android
2026-06-24 19:09:52,SPB-0152,Санкт-Петербург,product_view,,0,ads,web
2026-06-24 19:12:48,SPB-0046,Санкт-Петербург,product_view,,0,organic,android
2026-06-24 19:16:50,KZN-0032,Казань,product_view,,0,organic,ios
2026-06-24 19:18:32,NSK-0009,Новосибирск,product_view,,0,ads,android
2026-06-24 19:27:05,NSK-0009,Новосибирск,product_view,,0,ads,android
2026-06-24 19:31:47,MSK-0073,Москва,purchase,ORD-000896,1160.00,organic,android
2026-06-24 19:42:39,SPB-0054,Санкт-Петербург,purchase,ORD-000911,730.00,organic,android
2026-06-24 19:49:21,EKB-0018,Екатеринбург,purchase,ORD-000926,250.00,organic,ios
2026-06-24 20:03:49,KZN-0026,Казань,purchase,ORD-000918,180.00,organic,android
2026-06-24 20:10:01,KZN-0001,Казань,purchase,ORD-000923,1100.00,organic,web
2026-06-24 20:32:07,MSK-0064,Москва,purchase,ORD-000907,270.00,ads,ios
2026-06-24 20:49:05,SPB-0002,Санкт-Петербург,purchase,ORD-000910,180.00,referral,android
2026-06-24 21:20:48,KZN-0010,Казань,purchase,ORD-000921,840.00,ads,android
2026-06-24 21:44:49,SPB-0040,Санкт-Петербург,purchase,ORD-000917,650.00,referral,ios
2026-06-24 21:53:17,MSK-0062,Москва,purchase,ORD-000904,360.00,organic,android
2026-06-25 02:25:09,TEST-KZN-0025,Казань,purchase,TEST-00025,100.00,test,web
2026-06-25 02:55:15,TEST-KZN-0055,Казань,purchase,TEST-00055,100.00,test,ios
2026-06-25 03:25:55,TEST-KZN-0085,Казань,purchase,TEST-00085,100.00,test,android
2026-06-25 03:55:25,TEST-KZN-0115,Казань,purchase,TEST-00115,100.00,test,web
2026-06-25 08:02:36,MSK-0027,Москва,visit,,0,organic,web
2026-06-25 08:03:51,SPB-0078,Санкт-Петербург,visit,,0,ads,web
2026-06-25 08:05:36,SPB-0084,Санкт-Петербург,visit,,0,organic,android
2026-06-25 08:08:55,SPB-0144,Санкт-Петербург,visit,,0,organic,web
2026-06-25 08:15:27,MSK-0005,Москва,visit,,0,referral,ios
2026-06-25 08:17:11,SPB-0195,Санкт-Петербург,visit,,0,referral,ios
2026-06-25 08:19:56,MSK-0260,Москва,visit,,0,organic,android
2026-06-25 08:20:33,MSK-0005,Москва,product_view,,0,referral,ios
2026-06-25 08:23:23,NSK-0010,Новосибирск,visit,,0,ads,ios
2026-06-25 08:25:19,MSK-0056,Москва,visit,,0,organic,android
2026-06-25 08:28:44,NSK-0026,Новосибирск,visit,,0,organic,android
2026-06-25 08:33:50,NSK-0081,Новосибирск,visit,,0,referral,android
2026-06-25 08:34:28,MSK-0056,Москва,product_view,,0,organic,android
2026-06-25 08:34:45,NSK-0010,Новосибирск,product_view,,0,ads,ios
2026-06-25 08:35:39,SPB-0078,Санкт-Петербург,product_view,,0,ads,web
2026-06-25 08:35:57,NSK-0095,Новосибирск,visit,,0,ads,ios
2026-06-25 08:38:22,SPB-0213,Санкт-Петербург,visit,,0,organic,ios
2026-06-25 08:38:39,MSK-0260,Москва,product_view,,0,organic,android
2026-06-25 08:39:10,EKB-0035,Екатеринбург,visit,,0,ads,android
2026-06-25 08:41:19,SPB-0195,Санкт-Петербург,product_view,,0,referral,ios
2026-06-25 08:43:10,NSK-0010,Новосибирск,product_view,,0,ads,ios
2026-06-25 08:47:56,MSK-0063,Москва,visit,,0,organic,web
2026-06-25 08:49:38,NSK-0090,Новосибирск,visit,,0,organic,ios
2026-06-25 08:53:05,MSK-0275,Москва,visit,,0,ads,android
2026-06-25 08:55:50,KZN-0065,Казань,visit,,0,organic,ios
2026-06-25 08:55:53,SPB-0195,Санкт-Петербург,product_view,,0,referral,ios
2026-06-25 08:57:44,SPB-0205,Санкт-Петербург,visit,,0,organic,ios
2026-06-25 08:59:14,SPB-0205,Санкт-Петербург,product_view,,0,organic,ios
2026-06-25 09:00:40,SPB-0213,Санкт-Петербург,product_view,,0,organic,ios
2026-06-25 09:02:06,KZN-0090,Казань,visit,,0,organic,android
2026-06-25 09:03:38,MSK-0166,Москва,visit,,0,organic,android
2026-06-25 09:05:00,MSK-0056,Москва,product_view,,0,organic,android
2026-06-25 09:08:59,NSK-0095,Новосибирск,product_view,,0,ads,ios
2026-06-25 09:10:33,MSK-0166,Москва,product_view,,0,organic,android
2026-06-25 09:11:34,MSK-0063,Москва,product_view,,0,organic,web
2026-06-25 09:15:42,MSK-0146,Москва,visit,,0,ads,android
2026-06-25 09:21:50,MSK-0275,Москва,product_view,,0,ads,android
2026-06-25 09:26:18,SPB-0082,Санкт-Петербург,visit,,0,referral,web
2026-06-25 09:30:37,MSK-0063,Москва,product_view,,0,organic,web
2026-06-25 09:32:14,MSK-0166,Москва,product_view,,0,organic,android
2026-06-25 09:43:06,MSK-0016,Москва,visit,,0,ads,ios
2026-06-25 09:45:11,NSK-0030,Новосибирск,visit,,0,ads,android
2026-06-25 09:51:57,NSK-0001,Новосибирск,visit,,0,organic,android
2026-06-25 09:53:23,NSK-0044,Новосибирск,visit,,0,organic,ios
2026-06-25 09:54:13,EKB-0039,Екатеринбург,visit,,0,referral,web
2026-06-25 09:56:15,MSK-0019,Москва,visit,,0,ads,android
2026-06-25 10:04:32,MSK-0016,Москва,product_view,,0,ads,ios
2026-06-25 10:07:26,MSK-0019,Москва,product_view,,0,ads,android
2026-06-25 10:08:17,SPB-0021,Санкт-Петербург,visit,,0,organic,android
2026-06-25 10:09:58,KZN-0139,Казань,visit,,0,organic,android
2026-06-25 10:12:29,NSK-0044,Новосибирск,product_view,,0,organic,ios
2026-06-25 10:13:04,KZN-0033,Казань,purchase,ORD-000963,300.00,organic,ios
2026-06-25 10:17:24,MSK-0130,Москва,visit,,0,organic,ios
2026-06-25 10:21:19,NSK-0001,Новосибирск,product_view,,0,organic,android
2026-06-25 10:23:57,NSK-0010,Новосибирск,purchase,ORD-000972,250.00,ads,ios
2026-06-25 10:24:17,KZN-0077,Казань,visit,,0,ads,web
2026-06-25 10:25:55,EKB-0039,Екатеринбург,product_view,,0,referral,web
2026-06-25 10:28:47,MSK-0048,Москва,visit,,0,ads,ios
2026-06-25 10:31:30,SPB-0021,Санкт-Петербург,product_view,,0,organic,android
2026-06-25 10:32:42,KZN-0139,Казань,product_view,,0,organic,android
2026-06-25 10:35:40,KZN-0077,Казань,product_view,,0,ads,web
2026-06-25 10:41:28,MSK-0211,Москва,visit,,0,organic,android
2026-06-25 10:41:51,MSK-0092,Москва,visit,,0,referral,web
2026-06-25 10:47:11,MSK-0211,Москва,product_view,,0,organic,android
2026-06-25 10:47:42,MSK-0067,Москва,visit,,0,ads,web
2026-06-25 10:48:28,SPB-0075,Санкт-Петербург,visit,,0,organic,android
2026-06-25 10:50:37,SPB-0223,Санкт-Петербург,visit,,0,organic,ios
2026-06-25 10:51:50,MSK-0092,Москва,product_view,,0,referral,web
2026-06-25 10:54:33,KZN-0077,Казань,product_view,,0,ads,web
2026-06-25 10:54:47,MSK-0056,Москва,purchase,ORD-000943,670.00,organic,android
2026-06-25 10:54:48,MSK-0067,Москва,product_view,,0,ads,web
2026-06-25 10:54:52,KZN-0115,Казань,visit,,0,organic,ios
2026-06-25 10:56:09,MSK-0216,Москва,visit,,0,ads,android
2026-06-25 10:56:58,EKB-0060,Екатеринбург,visit,,0,organic,ios
2026-06-25 10:58:17,MSK-0103,Москва,visit,,0,ads,android
2026-06-25 11:00:01,MSK-0216,Москва,product_view,,0,ads,android
2026-06-25 11:04:48,SPB-0019,Санкт-Петербург,visit,,0,ads,android
2026-06-25 11:05:26,SPB-0026,Санкт-Петербург,purchase,ORD-000950,310.00,organic,android
2026-06-25 11:05:29,EKB-0060,Екатеринбург,product_view,,0,organic,ios
2026-06-25 11:10:19,MSK-0279,Москва,visit,,0,ads,web
2026-06-25 11:10:30,MSK-0103,Москва,product_view,,0,ads,android
2026-06-25 11:10:31,NSK-0059,Новосибирск,visit,,0,ads,ios
2026-06-25 11:15:24,MSK-0118,Москва,visit,,0,organic,android
2026-06-25 11:17:52,KZN-0115,Казань,product_view,,0,organic,ios
2026-06-25 11:18:07,SPB-0001,Санкт-Петербург,purchase,ORD-000956,730.00,referral,android
2026-06-25 11:18:25,SPB-0022,Санкт-Петербург,visit,,0,organic,ios
2026-06-25 11:19:49,NSK-0009,Новосибирск,purchase,ORD-000974,690.00,ads,android
2026-06-25 11:20:48,SPB-0039,Санкт-Петербург,visit,,0,organic,web
2026-06-25 11:21:11,MSK-0011,Москва,visit,,0,organic,android
2026-06-25 11:23:20,MSK-0031,Москва,visit,,0,organic,android
2026-06-25 11:23:56,SPB-0022,Санкт-Петербург,product_view,,0,organic,ios
2026-06-25 11:24:20,SPB-0025,Санкт-Петербург,visit,,0,ads,ios
2026-06-25 11:25:30,SPB-0008,Санкт-Петербург,visit,,0,ads,android
2026-06-25 11:27:33,KZN-0050,Казань,visit,,0,organic,web
2026-06-25 11:27:44,SPB-0039,Санкт-Петербург,product_view,,0,organic,web
2026-06-25 11:30:09,EKB-0014,Екатеринбург,visit,,0,organic,android
2026-06-25 11:30:26,EKB-0016,Екатеринбург,visit,,0,organic,android
2026-06-25 11:30:41,MSK-0031,Москва,product_view,,0,organic,android
2026-06-25 11:33:20,SPB-0008,Санкт-Петербург,product_view,,0,ads,android
2026-06-25 11:35:16,SPB-0019,Санкт-Петербург,product_view,,0,ads,android
2026-06-25 11:35:17,SPB-0188,Санкт-Петербург,visit,,0,organic,ios
2026-06-25 11:35:53,MSK-0001,Москва,purchase,ORD-000946,270.00,organic,web
2026-06-25 11:36:50,MSK-0040,Москва,visit,,0,ads,android
2026-06-25 11:40:31,KZN-0128,Казань,visit,,0,organic,ios
2026-06-25 11:48:54,KZN-0039,Казань,visit,,0,ads,android
2026-06-25 11:49:11,SPB-0021,Санкт-Петербург,purchase,ORD-000957,220.00,organic,android
2026-06-25 11:51:11,EKB-0014,Екатеринбург,product_view,,0,organic,android
2026-06-25 11:54:40,EKB-0040,Екатеринбург,visit,,0,organic,android
2026-06-25 11:54:57,MSK-0051,Москва,visit,,0,organic,android
2026-06-25 11:55:42,MSK-0040,Москва,product_view,,0,ads,android
2026-06-25 11:55:48,SPB-0049,Санкт-Петербург,visit,,0,organic,ios
2026-06-25 11:56:22,SPB-0047,Санкт-Петербург,visit,,0,organic,android
2026-06-25 11:57:19,NSK-0039,Новосибирск,visit,,0,organic,android
2026-06-25 11:57:54,MSK-0011,Москва,product_view,,0,organic,android
2026-06-25 11:59:13,EKB-0091,Екатеринбург,visit,,0,ads,android
2026-06-25 11:59:16,SPB-0025,Санкт-Петербург,product_view,,0,ads,ios
2026-06-25 12:02:02,KZN-0003,Казань,visit,,0,ads,web
2026-06-25 12:04:13,EKB-0014,Екатеринбург,product_view,,0,organic,android
2026-06-25 12:07:10,EKB-0026,Екатеринбург,visit,,0,referral,android
2026-06-25 12:07:29,KZN-0128,Казань,product_view,,0,organic,ios
2026-06-25 12:07:52,SPB-0188,Санкт-Петербург,product_view,,0,organic,ios
2026-06-25 12:08:36,SPB-0188,Санкт-Петербург,product_view,,0,organic,ios
2026-06-25 12:09:33,SPB-0109,Санкт-Петербург,visit,,0,organic,android
2026-06-25 12:15:50,MSK-0287,Москва,visit,,0,organic,android
2026-06-25 12:18:23,KZN-0132,Казань,visit,,0,organic,android
2026-06-25 12:19:30,SPB-0047,Санкт-Петербург,product_view,,0,organic,android
2026-06-25 12:22:59,MSK-0114,Москва,visit,,0,organic,android
2026-06-25 12:23:09,SPB-0076,Санкт-Петербург,visit,,0,referral,web
2026-06-25 12:24:32,MSK-0114,Москва,product_view,,0,organic,android
2026-06-25 12:26:42,SPB-0047,Санкт-Петербург,product_view,,0,organic,android
2026-06-25 12:27:20,NSK-0021,Новосибирск,visit,,0,organic,web
2026-06-25 12:30:34,MSK-0102,Москва,visit,,0,referral,android
2026-06-25 12:30:46,MSK-0287,Москва,product_view,,0,organic,android
2026-06-25 12:35:41,SPB-0030,Санкт-Петербург,visit,,0,ads,android
2026-06-25 12:40:46,KZN-0121,Казань,visit,,0,organic,ios
2026-06-25 12:41:02,EKB-0026,Екатеринбург,product_view,,0,referral,android
2026-06-25 12:41:58,KZN-0132,Казань,product_view,,0,organic,android
2026-06-25 12:42:28,KZN-0121,Казань,product_view,,0,organic,ios
2026-06-25 12:44:46,SPB-0076,Санкт-Петербург,product_view,,0,referral,web
2026-06-25 12:48:03,SPB-0016,Санкт-Петербург,visit,,0,referral,ios
2026-06-25 12:48:23,MSK-0026,Москва,purchase,ORD-000945,400.00,ads,android
2026-06-25 12:49:14,EKB-0021,Екатеринбург,purchase,ORD-000967,330.00,organic,android
2026-06-25 12:52:40,MSK-0102,Москва,product_view,,0,referral,android
2026-06-25 12:53:18,MSK-0102,Москва,product_view,,0,referral,android
2026-06-25 12:55:22,SPB-0030,Санкт-Петербург,product_view,,0,ads,android
2026-06-25 12:55:37,NSK-0021,Новосибирск,product_view,,0,organic,web
2026-06-25 12:56:20,SPB-0025,Санкт-Петербург,purchase,ORD-000949,860.00,ads,ios
2026-06-25 12:57:13,SPB-0140,Санкт-Петербург,visit,,0,ads,web
2026-06-25 12:57:40,SPB-0163,Санкт-Петербург,visit,,0,ads,android
2026-06-25 13:00:46,EKB-0017,Екатеринбург,purchase,ORD-000966,550.00,organic,web
2026-06-25 13:03:11,SPB-0154,Санкт-Петербург,visit,,0,referral,ios
2026-06-25 13:05:39,SPB-0076,Санкт-Петербург,product_view,,0,referral,web
2026-06-25 13:06:18,SPB-0140,Санкт-Петербург,product_view,,0,ads,web
2026-06-25 13:07:28,SPB-0042,Санкт-Петербург,visit,,0,organic,web
2026-06-25 13:10:35,EKB-0014,Екатеринбург,purchase,ORD-000969,370.00,organic,android
2026-06-25 13:14:15,EKB-0038,Екатеринбург,visit,,0,organic,web
2026-06-25 13:16:23,SPB-0042,Санкт-Петербург,product_view,,0,organic,web
2026-06-25 13:16:56,KZN-0127,Казань,visit,,0,referral,web
2026-06-25 13:17:02,SPB-0030,Санкт-Петербург,purchase,ORD-000951,570.00,ads,android
2026-06-25 13:24:05,MSK-0041,Москва,visit,,0,referral,android
2026-06-25 13:24:11,KZN-0014,Казань,visit,,0,organic,android
2026-06-25 13:27:16,NSK-0091,Новосибирск,visit,,0,organic,web
2026-06-25 13:29:29,KZN-0010,Казань,purchase,ORD-000960,260.00,ads,android
2026-06-25 13:30:50,MSK-0241,Москва,visit,,0,organic,web
2026-06-25 13:33:03,SPB-0042,Санкт-Петербург,product_view,,0,organic,web
2026-06-25 13:34:35,KZN-0021,Казань,visit,,0,ads,ios
2026-06-25 13:34:52,MSK-0041,Москва,product_view,,0,referral,android
2026-06-25 13:35:02,SPB-0154,Санкт-Петербург,product_view,,0,referral,ios
2026-06-25 13:35:37,KZN-0067,Казань,visit,,0,organic,ios
2026-06-25 13:36:13,MSK-0245,Москва,visit,,0,referral,android
2026-06-25 13:36:53,KZN-0127,Казань,product_view,,0,referral,web
2026-06-25 13:38:53,KZN-0014,Казань,product_view,,0,organic,android
2026-06-25 13:39:57,EKB-0038,Екатеринбург,product_view,,0,organic,web
2026-06-25 13:40:27,KZN-0014,Казань,purchase,ORD-000961,1100.00,organic,android
2026-06-25 13:41:45,MSK-0009,Москва,purchase,ORD-000939,590.00,organic,ios
2026-06-25 13:42:48,NSK-0009,Новосибирск,purchase,ORD-000975,690.00,ads,android
2026-06-25 13:52:19,MSK-0065,Москва,visit,,0,organic,web
2026-06-25 13:52:59,EKB-0047,Екатеринбург,visit,,0,ads,android
2026-06-25 13:53:17,MSK-0142,Москва,visit,,0,organic,android
2026-06-25 13:53:39,MSK-0088,Москва,visit,,0,organic,android
2026-06-25 13:53:39,KZN-0014,Казань,product_view,,0,organic,android
2026-06-25 13:54:17,MSK-0011,Москва,purchase,ORD-000947,320.00,organic,android
2026-06-25 13:55:03,MSK-0245,Москва,product_view,,0,referral,android
2026-06-25 13:55:28,EKB-0047,Екатеринбург,product_view,,0,ads,android
2026-06-25 13:58:19,SPB-0126,Санкт-Петербург,visit,,0,organic,ios
2026-06-25 14:00:54,NSK-0091,Новосибирск,product_view,,0,organic,web
2026-06-25 14:05:23,MSK-0142,Москва,product_view,,0,organic,android
2026-06-25 14:06:17,MSK-0009,Москва,visit,,0,organic,ios
2026-06-25 14:07:21,KZN-0021,Казань,purchase,ORD-000964,300.00,ads,ios
2026-06-25 14:08:12,KZN-0021,Казань,product_view,,0,ads,ios
2026-06-25 14:09:46,KZN-0104,Казань,visit,,0,organic,android
2026-06-25 14:10:21,KZN-0021,Казань,product_view,,0,ads,ios
2026-06-25 14:12:53,MSK-0023,Москва,visit,,0,organic,android
2026-06-25 14:14:00,MSK-0050,Москва,visit,,0,organic,ios
2026-06-25 14:15:16,EKB-0002,Екатеринбург,visit,,0,organic,android
2026-06-25 14:15:19,MSK-0009,Москва,product_view,,0,organic,ios
2026-06-25 14:17:51,MSK-0050,Москва,product_view,,0,organic,ios
2026-06-25 14:20:08,MSK-0272,Москва,visit,,0,ads,android
2026-06-25 14:21:21,MSK-0065,Москва,product_view,,0,organic,web
2026-06-25 14:24:43,MSK-0272,Москва,product_view,,0,ads,android
2026-06-25 14:25:24,KZN-0019,Казань,visit,,0,organic,web
2026-06-25 14:31:57,MSK-0294,Москва,visit,,0,organic,ios
2026-06-25 14:32:16,EKB-0002,Екатеринбург,product_view,,0,organic,android
2026-06-25 14:34:06,MSK-0060,Москва,visit,,0,organic,ios
2026-06-25 14:35:18,MSK-0050,Москва,product_view,,0,organic,ios
2026-06-25 14:37:44,MSK-0009,Москва,product_view,,0,organic,ios
2026-06-25 14:37:51,KZN-0005,Казань,visit,,0,ads,ios
2026-06-25 14:38:32,SPB-0066,Санкт-Петербург,visit,,0,referral,android
2026-06-25 14:39:59,EKB-0023,Екатеринбург,purchase,ORD-000968,330.00,organic,ios
2026-06-25 14:41:42,KZN-0005,Казань,product_view,,0,ads,ios
2026-06-25 14:42:01,MSK-0074,Москва,visit,,0,organic,android
2026-06-25 14:46:24,NSK-0050,Новосибирск,visit,,0,ads,web
2026-06-25 14:46:58,EKB-0021,Екатеринбург,visit,,0,organic,android
2026-06-25 14:53:05,MSK-0081,Москва,visit,,0,organic,android
2026-06-25 14:55:07,EKB-0008,Екатеринбург,visit,,0,organic,android
2026-06-25 14:58:09,MSK-0060,Москва,product_view,,0,organic,ios
2026-06-25 14:59:29,EKB-0021,Екатеринбург,product_view,,0,organic,android
2026-06-25 15:01:19,MSK-0294,Москва,product_view,,0,organic,ios
2026-06-25 15:05:34,KZN-0010,Казань,visit,,0,ads,android
2026-06-25 15:05:57,SPB-0001,Санкт-Петербург,visit,,0,referral,android
2026-06-25 15:06:24,EKB-0024,Екатеринбург,visit,,0,ads,android
2026-06-25 15:10:06,MSK-0060,Москва,product_view,,0,organic,ios
2026-06-25 15:11:06,SPB-0176,Санкт-Петербург,visit,,0,organic,ios
2026-06-25 15:12:50,MSK-0074,Москва,product_view,,0,organic,android
2026-06-25 15:14:40,KZN-0005,Казань,product_view,,0,ads,ios
2026-06-25 15:15:21,SPB-0176,Санкт-Петербург,product_view,,0,organic,ios
2026-06-25 15:15:38,EKB-0008,Екатеринбург,product_view,,0,organic,android
2026-06-25 15:18:34,MSK-0015,Москва,visit,,0,organic,android
2026-06-25 15:18:43,NSK-0051,Новосибирск,visit,,0,ads,android
2026-06-25 15:20:04,SPB-0122,Санкт-Петербург,visit,,0,referral,android
2026-06-25 15:20:44,MSK-0036,Москва,visit,,0,organic,ios
2026-06-25 15:21:37,NSK-0051,Новосибирск,product_view,,0,ads,android
2026-06-25 15:22:12,EKB-0021,Екатеринбург,product_view,,0,organic,android
2026-06-25 15:24:16,MSK-0081,Москва,product_view,,0,organic,android
2026-06-25 15:25:08,EKB-0008,Екатеринбург,product_view,,0,organic,android
2026-06-25 15:25:13,SPB-0011,Санкт-Петербург,visit,,0,ads,android
2026-06-25 15:26:44,KZN-0010,Казань,product_view,,0,ads,android
2026-06-25 15:27:32,SPB-0111,Санкт-Петербург,visit,,0,organic,ios
2026-06-25 15:28:54,SPB-0211,Санкт-Петербург,visit,,0,organic,ios
2026-06-25 15:33:24,NSK-0032,Новосибирск,visit,,0,ads,android
2026-06-25 15:33:49,SPB-0001,Санкт-Петербург,product_view,,0,referral,android
2026-06-25 15:34:39,KZN-0042,Казань,visit,,0,organic,ios
2026-06-25 15:37:11,EKB-0024,Екатеринбург,product_view,,0,ads,android
2026-06-25 15:38:52,SPB-0122,Санкт-Петербург,product_view,,0,referral,android
2026-06-25 15:43:23,SPB-0032,Санкт-Петербург,visit,,0,organic,android
2026-06-25 15:46:22,MSK-0036,Москва,product_view,,0,organic,ios
2026-06-25 15:47:14,MSK-0276,Москва,visit,,0,organic,ios
2026-06-25 15:48:20,KZN-0052,Казань,visit,,0,organic,android
2026-06-25 15:50:32,KZN-0042,Казань,product_view,,0,organic,ios
2026-06-25 15:57:36,EKB-0032,Екатеринбург,visit,,0,referral,ios
2026-06-25 15:58:10,MSK-0053,Москва,visit,,0,organic,ios
2026-06-25 15:58:37,KZN-0042,Казань,product_view,,0,organic,ios
2026-06-25 15:58:54,SPB-0043,Санкт-Петербург,visit,,0,organic,ios
2026-06-25 16:02:04,MSK-0053,Москва,product_view,,0,organic,ios
2026-06-25 16:05:11,KZN-0052,Казань,product_view,,0,organic,android
2026-06-25 16:06:49,EKB-0032,Екатеринбург,product_view,,0,referral,ios
2026-06-25 16:09:01,MSK-0155,Москва,visit,,0,organic,android
2026-06-25 16:11:23,EKB-0051,Екатеринбург,visit,,0,ads,android
2026-06-25 16:16:00,NSK-0045,Новосибирск,visit,,0,ads,ios
2026-06-25 16:22:14,NSK-0045,Новосибирск,product_view,,0,ads,ios
2026-06-25 16:27:11,SPB-0216,Санкт-Петербург,visit,,0,ads,ios
2026-06-25 16:27:34,SPB-0034,Санкт-Петербург,visit,,0,organic,android
2026-06-25 16:28:37,NSK-0096,Новосибирск,visit,,0,ads,android
2026-06-25 16:29:24,SPB-0034,Санкт-Петербург,product_view,,0,organic,android
2026-06-25 16:32:09,MSK-0041,Москва,purchase,ORD-000936,270.00,referral,android
2026-06-25 16:35:59,MSK-0063,Москва,purchase,ORD-000934,670.00,organic,web
2026-06-25 16:36:30,SPB-0216,Санкт-Петербург,product_view,,0,ads,ios
2026-06-25 16:36:50,SPB-0178,Санкт-Петербург,visit,,0,referral,web
2026-06-25 16:37:25,KZN-0086,Казань,visit,,0,organic,ios
2026-06-25 16:42:18,SPB-0152,Санкт-Петербург,visit,,0,ads,web
2026-06-25 16:42:40,EKB-0041,Екатеринбург,visit,,0,ads,ios
2026-06-25 16:43:02,MSK-0155,Москва,product_view,,0,organic,android
2026-06-25 16:43:35,NSK-0096,Новосибирск,product_view,,0,ads,android
2026-06-25 16:45:21,MSK-0119,Москва,visit,,0,organic,ios
2026-06-25 16:46:35,SPB-0047,Санкт-Петербург,purchase,ORD-000948,310.00,organic,android
2026-06-25 16:49:04,EKB-0003,Екатеринбург,visit,,0,organic,android
2026-06-25 16:49:18,MSK-0009,Москва,purchase,ORD-000938,320.00,organic,ios
2026-06-25 16:51:11,EKB-0120,Екатеринбург,visit,,0,organic,web
2026-06-25 16:51:23,EKB-0117,Екатеринбург,visit,,0,ads,ios
2026-06-25 16:54:08,NSK-0096,Новосибирск,product_view,,0,ads,android
2026-06-25 16:54:26,MSK-0259,Москва,visit,,0,organic,android
2026-06-25 16:55:36,EKB-0003,Екатеринбург,product_view,,0,organic,android
2026-06-25 16:57:33,MSK-0117,Москва,visit,,0,organic,ios
2026-06-25 16:59:45,SPB-0029,Санкт-Петербург,visit,,0,referral,ios
2026-06-25 17:02:49,MSK-0094,Москва,visit,,0,ads,android
2026-06-25 17:03:23,MSK-0005,Москва,purchase,ORD-000937,230.00,referral,ios
2026-06-25 17:07:09,MSK-0054,Москва,visit,,0,organic,android
2026-06-25 17:07:41,EKB-0120,Екатеринбург,product_view,,0,organic,web
2026-06-25 17:10:09,SPB-0034,Санкт-Петербург,product_view,,0,organic,android
2026-06-25 17:12:14,MSK-0054,Москва,product_view,,0,organic,android
2026-06-25 17:12:33,MSK-0104,Москва,visit,,0,ads,ios
2026-06-25 17:13:48,MSK-0259,Москва,product_view,,0,organic,android
2026-06-25 17:15:38,MSK-0104,Москва,product_view,,0,ads,ios
2026-06-25 17:15:44,KZN-0004,Казань,visit,,0,organic,android
2026-06-25 17:16:06,NSK-0009,Новосибирск,visit,,0,ads,android
2026-06-25 17:17:06,MSK-0094,Москва,product_view,,0,ads,android
2026-06-25 17:17:58,MSK-0026,Москва,visit,,0,ads,android
2026-06-25 17:20:21,MSK-0054,Москва,product_view,,0,organic,android
2026-06-25 17:20:21,SPB-0073,Санкт-Петербург,visit,,0,ads,web
2026-06-25 17:24:36,MSK-0267,Москва,visit,,0,organic,ios
2026-06-25 17:26:22,KZN-0004,Казань,product_view,,0,organic,android
2026-06-25 17:29:51,KZN-0066,Казань,visit,,0,organic,web
2026-06-25 17:30:08,NSK-0009,Новосибирск,product_view,,0,ads,android
2026-06-25 17:33:15,EKB-0068,Екатеринбург,visit,,0,organic,android
2026-06-25 17:33:31,KZN-0084,Казань,visit,,0,organic,web
2026-06-25 17:36:42,MSK-0026,Москва,product_view,,0,ads,android
2026-06-25 17:37:31,MSK-0030,Москва,purchase,ORD-000935,760.00,ads,ios
2026-06-25 17:37:31,NSK-0024,Новосибирск,visit,,0,organic,android
2026-06-25 17:39:06,SPB-0073,Санкт-Петербург,product_view,,0,ads,web
2026-06-25 17:39:38,EKB-0070,Екатеринбург,visit,,0,organic,android
2026-06-25 17:41:43,EKB-0017,Екатеринбург,visit,,0,organic,web
2026-06-25 17:43:54,SPB-0026,Санкт-Петербург,visit,,0,organic,android
2026-06-25 17:51:03,SPB-0067,Санкт-Петербург,visit,,0,organic,android
2026-06-25 17:51:16,EKB-0070,Екатеринбург,product_view,,0,organic,android
2026-06-25 17:51:31,SPB-0108,Санкт-Петербург,visit,,0,organic,android
2026-06-25 17:51:43,SPB-0026,Санкт-Петербург,product_view,,0,organic,android
2026-06-25 17:52:12,KZN-0084,Казань,product_view,,0,organic,web
2026-06-25 17:52:33,EKB-0023,Екатеринбург,visit,,0,organic,ios
2026-06-25 17:55:45,NSK-0009,Новосибирск,product_view,,0,ads,android
2026-06-25 17:57:36,MSK-0267,Москва,product_view,,0,organic,ios
2026-06-25 17:58:01,NSK-0046,Новосибирск,visit,,0,organic,android
2026-06-25 17:58:08,MSK-0001,Москва,visit,,0,organic,web
2026-06-25 17:59:21,KZN-0004,Казань,product_view,,0,organic,android
2026-06-25 17:59:30,MSK-0194,Москва,visit,,0,organic,android
2026-06-25 18:00:16,SPB-0073,Санкт-Петербург,product_view,,0,ads,web
2026-06-25 18:00:51,MSK-0046,Москва,visit,,0,ads,android
2026-06-25 18:02:12,SPB-0026,Санкт-Петербург,product_view,,0,organic,android
2026-06-25 18:03:34,MSK-0273,Москва,visit,,0,organic,android
2026-06-25 18:04:58,MSK-0066,Москва,visit,,0,organic,android
2026-06-25 18:05:56,EKB-0017,Екатеринбург,product_view,,0,organic,web
2026-06-25 18:07:04,MSK-0030,Москва,visit,,0,ads,ios
2026-06-25 18:08:48,NSK-0046,Новосибирск,product_view,,0,organic,android
2026-06-25 18:10:49,MSK-0194,Москва,product_view,,0,organic,android
2026-06-25 18:11:09,NSK-0024,Новосибирск,product_view,,0,organic,android
2026-06-25 18:11:42,MSK-0075,Москва,visit,,0,referral,android
2026-06-25 18:12:03,EKB-0095,Екатеринбург,visit,,0,organic,web
2026-06-25 18:12:19,MSK-0066,Москва,product_view,,0,organic,android
2026-06-25 18:18:22,NSK-0010,Новосибирск,purchase,ORD-000973,690.00,ads,ios
2026-06-25 18:18:49,MSK-0001,Москва,product_view,,0,organic,web
2026-06-25 18:21:23,EKB-0023,Екатеринбург,product_view,,0,organic,ios
2026-06-25 18:25:35,NSK-0023,Новосибирск,visit,,0,organic,ios
2026-06-25 18:29:32,MSK-0030,Москва,product_view,,0,ads,ios
2026-06-25 18:32:46,MSK-0075,Москва,product_view,,0,referral,android
2026-06-25 18:33:42,KZN-0011,Казань,visit,,0,ads,android
2026-06-25 18:34:41,MSK-0052,Москва,visit,,0,organic,android
2026-06-25 18:50:51,NSK-0023,Новосибирск,product_view,,0,organic,ios
2026-06-25 18:51:17,KZN-0033,Казань,visit,,0,organic,ios
2026-06-25 18:53:50,KZN-0089,Казань,visit,,0,organic,android
2026-06-25 18:54:43,SPB-0110,Санкт-Петербург,visit,,0,organic,ios
2026-06-25 18:57:23,MSK-0261,Москва,visit,,0,organic,web
2026-06-25 18:58:05,SPB-0039,Санкт-Петербург,purchase,ORD-000953,570.00,organic,web
2026-06-25 18:59:04,KZN-0018,Казань,visit,,0,ads,android
2026-06-25 19:03:21,NSK-0023,Новосибирск,product_view,,0,organic,ios
2026-06-25 19:07:08,KZN-0011,Казань,product_view,,0,ads,android
2026-06-25 19:11:25,SPB-0022,Санкт-Петербург,purchase,ORD-000954,390.00,organic,ios
2026-06-25 19:12:36,KZN-0033,Казань,product_view,,0,organic,ios
2026-06-25 19:13:58,MSK-0261,Москва,product_view,,0,organic,web
2026-06-25 19:19:00,EKB-0026,Екатеринбург,purchase,ORD-000965,370.00,referral,android
2026-06-25 19:19:16,KZN-0018,Казань,product_view,,0,ads,android
2026-06-25 19:22:43,MSK-0019,Москва,purchase,ORD-000940,1010.00,ads,android
2026-06-25 19:36:58,MSK-0054,Москва,purchase,ORD-000944,440.00,organic,android
2026-06-25 19:45:03,NSK-0023,Новосибирск,purchase,ORD-000971,330.00,organic,ios
2026-06-25 20:00:32,MSK-0075,Москва,purchase,ORD-000942,320.00,referral,android
2026-06-25 20:11:45,MSK-0019,Москва,purchase,ORD-000941,760.00,ads,android
2026-06-25 20:30:10,KZN-0005,Казань,purchase,ORD-000962,300.00,ads,ios
2026-06-25 20:37:41,NSK-0001,Новосибирск,purchase,ORD-000970,400.00,organic,android
2026-06-25 21:19:09,SPB-0001,Санкт-Петербург,purchase,ORD-000955,650.00,referral,android
2026-06-25 21:43:03,SPB-0034,Санкт-Петербург,purchase,ORD-000952,270.00,organic,android
2026-06-25 21:44:05,KZN-0004,Казань,purchase,ORD-000959,560.00,organic,android
2026-06-25 21:45:45,KZN-0004,Казань,purchase,ORD-000958,640.00,organic,android
2026-06-26 02:26:48,TEST-KZN-0026,Казань,purchase,TEST-00026,110.00,test,ios
2026-06-26 02:56:09,TEST-KZN-0056,Казань,purchase,TEST-00056,110.00,test,web
2026-06-26 03:26:28,TEST-KZN-0086,Казань,purchase,TEST-00086,110.00,test,ios
2026-06-26 03:56:55,TEST-KZN-0116,Казань,purchase,TEST-00116,110.00,test,android
2026-06-26 08:00:12,MSK-0062,Москва,visit,,0,organic,android
2026-06-26 08:00:30,MSK-0074,Москва,visit,,0,organic,android
2026-06-26 08:00:42,MSK-0261,Москва,visit,,0,organic,web
2026-06-26 08:01:16,MSK-0088,Москва,visit,,0,organic,android
2026-06-26 08:07:28,MSK-0074,Москва,product_view,,0,organic,android
2026-06-26 08:10:44,MSK-0089,Москва,visit,,0,organic,android
2026-06-26 08:19:41,MSK-0261,Москва,product_view,,0,organic,web
2026-06-26 08:21:27,MSK-0241,Москва,visit,,0,organic,web
2026-06-26 08:22:04,MSK-0062,Москва,product_view,,0,organic,android
2026-06-26 08:23:05,MSK-0149,Москва,visit,,0,organic,android
2026-06-26 08:23:50,MSK-0089,Москва,product_view,,0,organic,android
2026-06-26 08:24:21,EKB-0024,Екатеринбург,visit,,0,ads,android
2026-06-26 08:26:55,SPB-0055,Санкт-Петербург,visit,,0,ads,android
2026-06-26 08:29:22,EKB-0103,Екатеринбург,visit,,0,ads,web
2026-06-26 08:33:59,EKB-0120,Екатеринбург,visit,,0,organic,web
2026-06-26 08:35:02,MSK-0041,Москва,visit,,0,referral,android
2026-06-26 08:35:07,SPB-0218,Санкт-Петербург,visit,,0,organic,web
2026-06-26 08:35:37,EKB-0024,Екатеринбург,product_view,,0,ads,android
2026-06-26 08:37:23,EKB-0015,Екатеринбург,visit,,0,organic,ios
2026-06-26 08:37:43,EKB-0024,Екатеринбург,product_view,,0,ads,android
2026-06-26 08:38:59,MSK-0042,Москва,visit,,0,organic,web
2026-06-26 08:39:15,SPB-0221,Санкт-Петербург,visit,,0,ads,android
2026-06-26 08:39:17,SPB-0004,Санкт-Петербург,visit,,0,ads,android
2026-06-26 08:43:24,SPB-0221,Санкт-Петербург,product_view,,0,ads,android
2026-06-26 08:52:00,EKB-0015,Екатеринбург,product_view,,0,organic,ios
2026-06-26 08:56:25,KZN-0026,Казань,visit,,0,organic,android
2026-06-26 08:58:21,SPB-0055,Санкт-Петербург,product_view,,0,ads,android
2026-06-26 08:59:30,EKB-0022,Екатеринбург,visit,,0,organic,ios
2026-06-26 09:01:12,EKB-0015,Екатеринбург,product_view,,0,organic,ios
2026-06-26 09:03:05,SPB-0004,Санкт-Петербург,product_view,,0,ads,android
2026-06-26 09:07:38,MSK-0042,Москва,product_view,,0,organic,web
2026-06-26 09:08:00,KZN-0026,Казань,product_view,,0,organic,android
2026-06-26 09:09:48,SPB-0034,Санкт-Петербург,visit,,0,organic,android
2026-06-26 09:12:46,EKB-0022,Екатеринбург,product_view,,0,organic,ios
2026-06-26 09:14:33,NSK-0091,Новосибирск,visit,,0,organic,web
2026-06-26 09:15:57,SPB-0108,Санкт-Петербург,visit,,0,organic,android
2026-06-26 09:20:03,SPB-0127,Санкт-Петербург,visit,,0,organic,android
2026-06-26 09:24:50,SPB-0127,Санкт-Петербург,product_view,,0,organic,android
2026-06-26 09:26:51,MSK-0267,Москва,visit,,0,organic,ios
2026-06-26 09:27:37,MSK-0021,Москва,visit,,0,organic,android
2026-06-26 09:30:23,MSK-0015,Москва,visit,,0,organic,android
2026-06-26 09:30:37,KZN-0014,Казань,visit,,0,organic,android
2026-06-26 09:30:46,MSK-0011,Москва,visit,,0,organic,android
2026-06-26 09:33:59,SPB-0034,Санкт-Петербург,product_view,,0,organic,android
2026-06-26 09:39:01,SPB-0154,Санкт-Петербург,visit,,0,referral,ios
2026-06-26 09:39:47,SPB-0186,Санкт-Петербург,visit,,0,organic,android
2026-06-26 09:42:14,MSK-0002,Москва,visit,,0,organic,android
2026-06-26 09:42:42,EKB-0115,Екатеринбург,visit,,0,organic,android
2026-06-26 09:43:56,MSK-0165,Москва,visit,,0,organic,ios
2026-06-26 09:45:04,SPB-0125,Санкт-Петербург,visit,,0,organic,android
2026-06-26 09:48:11,MSK-0147,Москва,visit,,0,organic,web
2026-06-26 09:51:37,MSK-0021,Москва,product_view,,0,organic,android
2026-06-26 09:54:17,NSK-0020,Новосибирск,visit,,0,organic,android
2026-06-26 09:54:25,SPB-0186,Санкт-Петербург,product_view,,0,organic,android
2026-06-26 09:55:01,SPB-0049,Санкт-Петербург,visit,,0,organic,ios
2026-06-26 09:56:09,SPB-0009,Санкт-Петербург,visit,,0,organic,ios
2026-06-26 09:56:12,MSK-0015,Москва,product_view,,0,organic,android
2026-06-26 09:58:37,MSK-0011,Москва,product_view,,0,organic,android
2026-06-26 09:59:48,MSK-0165,Москва,product_view,,0,organic,ios
2026-06-26 10:00:27,NSK-0092,Новосибирск,visit,,0,ads,ios
2026-06-26 10:01:33,KZN-0014,Казань,product_view,,0,organic,android
2026-06-26 10:01:54,MSK-0076,Москва,visit,,0,organic,web
2026-06-26 10:02:57,MSK-0002,Москва,product_view,,0,organic,android
2026-06-26 10:04:32,MSK-0147,Москва,product_view,,0,organic,web
2026-06-26 10:04:57,KZN-0007,Казань,purchase,ORD-001004,220.00,ads,android
2026-06-26 10:05:59,MSK-0173,Москва,visit,,0,organic,android
2026-06-26 10:09:11,MSK-0183,Москва,visit,,0,referral,android
2026-06-26 10:10:15,MSK-0068,Москва,purchase,ORD-000979,1010.00,organic,android
2026-06-26 10:12:02,SPB-0154,Санкт-Петербург,product_view,,0,referral,ios
2026-06-26 10:13:34,SPB-0082,Санкт-Петербург,visit,,0,referral,web
2026-06-26 10:13:49,SPB-0031,Санкт-Петербург,purchase,ORD-001000,390.00,ads,android
2026-06-26 10:16:46,NSK-0020,Новосибирск,product_view,,0,organic,android
2026-06-26 10:18:25,NSK-0027,Новосибирск,visit,,0,organic,web
2026-06-26 10:18:29,SPB-0049,Санкт-Петербург,product_view,,0,organic,ios
2026-06-26 10:23:12,MSK-0147,Москва,product_view,,0,organic,web
2026-06-26 10:23:46,MSK-0076,Москва,product_view,,0,organic,web
2026-06-26 10:27:56,SPB-0074,Санкт-Петербург,visit,,0,ads,ios
2026-06-26 10:28:23,MSK-0173,Москва,product_view,,0,organic,android
2026-06-26 10:30:39,NSK-0053,Новосибирск,visit,,0,ads,ios
2026-06-26 10:30:42,MSK-0013,Москва,visit,,0,ads,web
2026-06-26 10:37:02,MSK-0183,Москва,product_view,,0,referral,android
2026-06-26 10:40:22,NSK-0012,Новосибирск,purchase,ORD-001019,290.00,organic,android
2026-06-26 10:43:04,MSK-0076,Москва,product_view,,0,organic,web
2026-06-26 10:43:55,SPB-0105,Санкт-Петербург,visit,,0,organic,android
2026-06-26 10:45:07,KZN-0108,Казань,visit,,0,ads,android
2026-06-26 10:45:10,MSK-0045,Москва,visit,,0,ads,ios
2026-06-26 10:46:55,SPB-0105,Санкт-Петербург,product_view,,0,organic,android
2026-06-26 10:47:32,MSK-0013,Москва,product_view,,0,ads,web
2026-06-26 10:48:00,MSK-0053,Москва,visit,,0,organic,ios
2026-06-26 10:50:16,KZN-0007,Казань,visit,,0,ads,android
2026-06-26 10:50:40,NSK-0053,Новосибирск,product_view,,0,ads,ios
2026-06-26 10:51:47,SPB-0021,Санкт-Петербург,visit,,0,organic,android
2026-06-26 10:54:11,SPB-0074,Санкт-Петербург,product_view,,0,ads,ios
2026-06-26 10:56:39,KZN-0136,Казань,visit,,0,ads,ios
2026-06-26 10:58:00,MSK-0038,Москва,visit,,0,organic,android
2026-06-26 10:59:54,KZN-0128,Казань,visit,,0,organic,ios
2026-06-26 11:02:23,MSK-0053,Москва,product_view,,0,organic,ios
2026-06-26 11:02:52,NSK-0054,Новосибирск,visit,,0,organic,ios
2026-06-26 11:04:39,EKB-0055,Екатеринбург,visit,,0,referral,ios
2026-06-26 11:05:41,SPB-0165,Санкт-Петербург,visit,,0,organic,ios
2026-06-26 11:07:46,KZN-0007,Казань,product_view,,0,ads,android
2026-06-26 11:08:29,KZN-0021,Казань,visit,,0,ads,ios
2026-06-26 11:11:07,NSK-0004,Новосибирск,visit,,0,ads,ios
2026-06-26 11:12:14,NSK-0054,Новосибирск,product_view,,0,organic,ios
2026-06-26 11:12:37,SPB-0035,Санкт-Петербург,visit,,0,ads,ios
2026-06-26 11:14:29,MSK-0045,Москва,product_view,,0,ads,ios
2026-06-26 11:15:22,KZN-0048,Казань,visit,,0,organic,ios
2026-06-26 11:16:55,SPB-0183,Санкт-Петербург,visit,,0,organic,android
2026-06-26 11:16:57,KZN-0044,Казань,visit,,0,ads,android
2026-06-26 11:18:04,SPB-0035,Санкт-Петербург,product_view,,0,ads,ios
2026-06-26 11:19:08,KZN-0019,Казань,visit,,0,organic,web
2026-06-26 11:22:50,KZN-0021,Казань,product_view,,0,ads,ios
2026-06-26 11:23:44,MSK-0007,Москва,visit,,0,organic,ios
2026-06-26 11:23:52,SPB-0021,Санкт-Петербург,product_view,,0,organic,android
2026-06-26 11:23:54,MSK-0254,Москва,visit,,0,organic,ios
2026-06-26 11:24:57,KZN-0043,Казань,visit,,0,ads,ios
2026-06-26 11:25:45,EKB-0052,Екатеринбург,visit,,0,ads,web
2026-06-26 11:27:44,KZN-0048,Казань,product_view,,0,organic,ios
2026-06-26 11:29:52,KZN-0136,Казань,product_view,,0,ads,ios
2026-06-26 11:29:55,SPB-0162,Санкт-Петербург,visit,,0,organic,ios
2026-06-26 11:30:31,SPB-0132,Санкт-Петербург,visit,,0,organic,android
2026-06-26 11:32:58,MSK-0021,Москва,purchase,ORD-000982,360.00,organic,android
2026-06-26 11:33:36,EKB-0052,Екатеринбург,product_view,,0,ads,web
2026-06-26 11:34:10,MSK-0055,Москва,visit,,0,ads,android
2026-06-26 11:34:42,SPB-0189,Санкт-Петербург,visit,,0,organic,android
2026-06-26 11:34:43,SPB-0165,Санкт-Петербург,product_view,,0,organic,ios
2026-06-26 11:36:26,KZN-0043,Казань,product_view,,0,ads,ios
2026-06-26 11:36:30,MSK-0252,Москва,visit,,0,organic,android
2026-06-26 11:38:56,MSK-0167,Москва,visit,,0,organic,android
2026-06-26 11:42:29,MSK-0007,Москва,product_view,,0,organic,ios
2026-06-26 11:43:10,MSK-0167,Москва,product_view,,0,organic,android
2026-06-26 11:50:38,MSK-0127,Москва,visit,,0,ads,web
2026-06-26 11:51:06,MSK-0007,Москва,product_view,,0,organic,ios
2026-06-26 11:53:57,KZN-0109,Казань,visit,,0,ads,ios
2026-06-26 11:54:12,SPB-0034,Санкт-Петербург,purchase,ORD-000994,270.00,organic,android
2026-06-26 11:54:38,EKB-0079,Екатеринбург,visit,,0,organic,web
2026-06-26 11:57:44,MSK-0136,Москва,visit,,0,ads,android
2026-06-26 11:58:24,EKB-0023,Екатеринбург,visit,,0,organic,ios
2026-06-26 11:58:49,SPB-0163,Санкт-Петербург,visit,,0,ads,android
2026-06-26 12:00:25,SPB-0031,Санкт-Петербург,visit,,0,ads,android
2026-06-26 12:03:30,SPB-0162,Санкт-Петербург,product_view,,0,organic,ios
2026-06-26 12:04:37,SPB-0132,Санкт-Петербург,product_view,,0,organic,android
2026-06-26 12:04:42,MSK-0055,Москва,product_view,,0,ads,android
2026-06-26 12:05:01,SPB-0189,Санкт-Петербург,product_view,,0,organic,android
2026-06-26 12:05:55,SPB-0196,Санкт-Петербург,visit,,0,referral,android
2026-06-26 12:07:45,MSK-0167,Москва,product_view,,0,organic,android
2026-06-26 12:09:14,KZN-0012,Казань,visit,,0,referral,ios
2026-06-26 12:11:01,SPB-0140,Санкт-Петербург,visit,,0,ads,web
2026-06-26 12:11:06,KZN-0109,Казань,product_view,,0,ads,ios
2026-06-26 12:16:35,SPB-0031,Санкт-Петербург,product_view,,0,ads,android
2026-06-26 12:17:35,EKB-0038,Екатеринбург,visit,,0,organic,web
2026-06-26 12:23:00,SPB-0031,Санкт-Петербург,product_view,,0,ads,android
2026-06-26 12:23:03,EKB-0026,Екатеринбург,visit,,0,referral,android
2026-06-26 12:23:39,NSK-0021,Новосибирск,visit,,0,organic,web
2026-06-26 12:24:08,MSK-0127,Москва,product_view,,0,ads,web
2026-06-26 12:25:33,KZN-0011,Казань,visit,,0,ads,android
2026-06-26 12:25:50,EKB-0023,Екатеринбург,product_view,,0,organic,ios
2026-06-26 12:26:10,KZN-0012,Казань,product_view,,0,referral,ios
2026-06-26 12:28:42,EKB-0015,Екатеринбург,purchase,ORD-001011,250.00,organic,ios
2026-06-26 12:29:57,MSK-0074,Москва,purchase,ORD-000986,880.00,organic,android
2026-06-26 12:31:39,MSK-0010,Москва,purchase,ORD-000988,880.00,ads,android
2026-06-26 12:33:03,KZN-0115,Казань,visit,,0,organic,ios
2026-06-26 12:34:51,EKB-0053,Екатеринбург,visit,,0,organic,android
2026-06-26 12:37:47,NSK-0021,Новосибирск,product_view,,0,organic,web
2026-06-26 12:40:16,MSK-0235,Москва,visit,,0,organic,android
2026-06-26 12:40:17,EKB-0053,Екатеринбург,product_view,,0,organic,android
2026-06-26 12:41:06,EKB-0111,Екатеринбург,visit,,0,organic,web
2026-06-26 12:43:42,SPB-0012,Санкт-Петербург,visit,,0,organic,android
2026-06-26 12:45:09,SPB-0033,Санкт-Петербург,visit,,0,ads,ios
2026-06-26 12:50:49,EKB-0038,Екатеринбург,product_view,,0,organic,web
2026-06-26 12:51:32,MSK-0017,Москва,purchase,ORD-000984,760.00,organic,web
2026-06-26 12:56:06,KZN-0011,Казань,product_view,,0,ads,android
2026-06-26 12:57:16,SPB-0012,Санкт-Петербург,product_view,,0,organic,android
2026-06-26 12:58:15,SPB-0033,Санкт-Петербург,product_view,,0,ads,ios
2026-06-26 13:01:12,MSK-0072,Москва,purchase,ORD-000985,320.00,organic,android
2026-06-26 13:01:13,SPB-0204,Санкт-Петербург,visit,,0,ads,ios
2026-06-26 13:01:56,EKB-0020,Екатеринбург,visit,,0,ads,ios
2026-06-26 13:08:18,KZN-0006,Казань,visit,,0,organic,ios
2026-06-26 13:08:42,EKB-0011,Екатеринбург,visit,,0,ads,android
2026-06-26 13:10:02,EKB-0111,Екатеринбург,product_view,,0,organic,web
2026-06-26 13:12:57,SPB-0090,Санкт-Петербург,visit,,0,organic,android
2026-06-26 13:13:51,EKB-0093,Екатеринбург,visit,,0,ads,android
2026-06-26 13:15:14,MSK-0235,Москва,product_view,,0,organic,android
2026-06-26 13:15:33,KZN-0006,Казань,product_view,,0,organic,ios
2026-06-26 13:18:21,KZN-0006,Казань,purchase,ORD-001009,180.00,organic,ios
2026-06-26 13:18:24,EKB-0089,Екатеринбург,visit,,0,organic,android
2026-06-26 13:20:23,EKB-0036,Екатеринбург,visit,,0,organic,ios
2026-06-26 13:21:43,EKB-0011,Екатеринбург,product_view,,0,ads,android
2026-06-26 13:23:26,EKB-0020,Екатеринбург,product_view,,0,ads,ios
2026-06-26 13:26:19,SPB-0017,Санкт-Петербург,visit,,0,organic,web
2026-06-26 13:28:54,EKB-0093,Екатеринбург,product_view,,0,ads,android
2026-06-26 13:32:13,NSK-0021,Новосибирск,purchase,ORD-001018,210.00,organic,web
2026-06-26 13:36:03,EKB-0011,Екатеринбург,product_view,,0,ads,android
2026-06-26 13:36:49,KZN-0045,Казань,visit,,0,referral,android
2026-06-26 13:36:55,SPB-0090,Санкт-Петербург,product_view,,0,organic,android
2026-06-26 13:37:43,SPB-0017,Санкт-Петербург,product_view,,0,organic,web
2026-06-26 13:38:32,NSK-0012,Новосибирск,visit,,0,organic,android
2026-06-26 13:39:09,SPB-0035,Санкт-Петербург,purchase,ORD-001002,350.00,ads,ios
2026-06-26 13:39:27,SPB-0017,Санкт-Петербург,product_view,,0,organic,web
2026-06-26 13:40:00,KZN-0032,Казань,visit,,0,organic,ios
2026-06-26 13:40:09,EKB-0119,Екатеринбург,visit,,0,organic,ios
2026-06-26 13:41:19,EKB-0089,Екатеринбург,product_view,,0,organic,android
2026-06-26 13:42:19,MSK-0113,Москва,visit,,0,organic,android
2026-06-26 13:43:13,NSK-0012,Новосибирск,product_view,,0,organic,android
2026-06-26 13:45:08,MSK-0113,Москва,product_view,,0,organic,android
2026-06-26 13:46:15,NSK-0049,Новосибирск,visit,,0,referral,ios
2026-06-26 13:46:34,KZN-0024,Казань,purchase,ORD-001003,340.00,ads,ios
2026-06-26 13:47:15,KZN-0042,Казань,visit,,0,organic,ios
2026-06-26 13:50:42,MSK-0014,Москва,purchase,ORD-000980,760.00,organic,android
2026-06-26 13:51:17,NSK-0096,Новосибирск,visit,,0,ads,android
2026-06-26 13:51:49,SPB-0167,Санкт-Петербург,visit,,0,ads,ios
2026-06-26 13:54:47,SPB-0192,Санкт-Петербург,visit,,0,organic,web
2026-06-26 13:57:43,KZN-0032,Казань,product_view,,0,organic,ios
2026-06-26 13:59:21,SPB-0061,Санкт-Петербург,visit,,0,ads,android
2026-06-26 14:01:38,KZN-0032,Казань,product_view,,0,organic,ios
2026-06-26 14:02:36,SPB-0138,Санкт-Петербург,visit,,0,referral,ios
2026-06-26 14:02:58,KZN-0003,Казань,visit,,0,ads,web
2026-06-26 14:05:50,EKB-0037,Екатеринбург,visit,,0,organic,ios
2026-06-26 14:08:46,SPB-0167,Санкт-Петербург,product_view,,0,ads,ios
2026-06-26 14:10:21,NSK-0021,Новосибирск,purchase,ORD-001017,810.00,organic,web
2026-06-26 14:13:11,EKB-0024,Екатеринбург,purchase,ORD-001012,330.00,ads,android
2026-06-26 14:13:52,MSK-0249,Москва,visit,,0,ads,ios
2026-06-26 14:17:15,NSK-0049,Новосибирск,product_view,,0,referral,ios
2026-06-26 14:17:56,MSK-0005,Москва,visit,,0,referral,ios
2026-06-26 14:18:09,MSK-0210,Москва,visit,,0,organic,ios
2026-06-26 14:19:31,SPB-0192,Санкт-Петербург,product_view,,0,organic,web
2026-06-26 14:22:11,EKB-0005,Екатеринбург,visit,,0,organic,android
2026-06-26 14:23:07,SPB-0002,Санкт-Петербург,purchase,ORD-000996,220.00,referral,android
2026-06-26 14:24:03,NSK-0026,Новосибирск,visit,,0,organic,android
2026-06-26 14:26:48,KZN-0133,Казань,visit,,0,referral,android
2026-06-26 14:29:03,SPB-0156,Санкт-Петербург,visit,,0,organic,ios
2026-06-26 14:34:23,EKB-0011,Екатеринбург,purchase,ORD-001014,1080.00,ads,android
2026-06-26 14:35:14,SPB-0167,Санкт-Петербург,product_view,,0,ads,ios
2026-06-26 14:39:01,SPB-0103,Санкт-Петербург,visit,,0,referral,android
2026-06-26 14:39:22,MSK-0002,Москва,purchase,ORD-000983,1160.00,organic,android
2026-06-26 14:41:41,SPB-0103,Санкт-Петербург,product_view,,0,referral,android
2026-06-26 14:42:24,NSK-0080,Новосибирск,visit,,0,ads,ios
2026-06-26 14:44:05,MSK-0295,Москва,visit,,0,organic,android
2026-06-26 14:44:07,SPB-0156,Санкт-Петербург,product_view,,0,organic,ios
2026-06-26 14:50:11,KZN-0101,Казань,visit,,0,referral,ios
2026-06-26 14:53:00,NSK-0063,Новосибирск,visit,,0,referral,android
2026-06-26 14:55:01,MSK-0134,Москва,visit,,0,ads,android
2026-06-26 14:56:07,NSK-0080,Новосибирск,product_view,,0,ads,ios
2026-06-26 14:56:54,MSK-0019,Москва,visit,,0,ads,android
2026-06-26 14:58:30,NSK-0001,Новосибирск,visit,,0,organic,android
2026-06-26 14:58:35,EKB-0005,Екатеринбург,product_view,,0,organic,android
2026-06-26 15:03:15,MSK-0295,Москва,product_view,,0,organic,android
2026-06-26 15:03:18,NSK-0040,Новосибирск,visit,,0,referral,android
2026-06-26 15:04:08,NSK-0052,Новосибирск,visit,,0,organic,android
2026-06-26 15:06:19,MSK-0019,Москва,product_view,,0,ads,android
2026-06-26 15:10:05,MSK-0251,Москва,visit,,0,organic,android
2026-06-26 15:11:55,NSK-0077,Новосибирск,visit,,0,ads,ios
2026-06-26 15:12:37,KZN-0011,Казань,purchase,ORD-001008,720.00,ads,android
2026-06-26 15:12:38,NSK-0001,Новосибирск,product_view,,0,organic,android
2026-06-26 15:14:10,KZN-0139,Казань,visit,,0,organic,android
2026-06-26 15:16:11,KZN-0062,Казань,visit,,0,organic,ios
2026-06-26 15:19:01,MSK-0276,Москва,visit,,0,organic,ios
2026-06-26 15:21:38,NSK-0040,Новосибирск,product_view,,0,referral,android
2026-06-26 15:25:38,KZN-0062,Казань,product_view,,0,organic,ios
2026-06-26 15:31:27,SPB-0002,Санкт-Петербург,visit,,0,referral,android
2026-06-26 15:32:30,NSK-0001,Новосибирск,product_view,,0,organic,android
2026-06-26 15:32:55,MSK-0251,Москва,product_view,,0,organic,android
2026-06-26 15:34:14,MSK-0066,Москва,visit,,0,organic,android
2026-06-26 15:34:16,KZN-0010,Казань,visit,,0,ads,android
2026-06-26 15:34:34,SPB-0040,Санкт-Петербург,visit,,0,referral,ios
2026-06-26 15:37:42,MSK-0003,Москва,purchase,ORD-000976,230.00,referral,android
2026-06-26 15:41:04,MSK-0276,Москва,product_view,,0,organic,ios
2026-06-26 15:43:06,SPB-0067,Санкт-Петербург,visit,,0,organic,android
2026-06-26 15:44:45,KZN-0139,Казань,product_view,,0,organic,android
2026-06-26 15:46:16,MSK-0065,Москва,visit,,0,organic,web
2026-06-26 15:49:40,SPB-0040,Санкт-Петербург,product_view,,0,referral,ios
2026-06-26 15:51:00,SPB-0164,Санкт-Петербург,visit,,0,organic,android
2026-06-26 15:52:11,SPB-0079,Санкт-Петербург,visit,,0,ads,android
2026-06-26 15:52:45,MSK-0276,Москва,product_view,,0,organic,ios
2026-06-26 15:54:44,MSK-0273,Москва,visit,,0,organic,android
2026-06-26 15:59:46,EKB-0009,Екатеринбург,visit,,0,organic,android
2026-06-26 16:02:02,SPB-0002,Санкт-Петербург,product_view,,0,referral,android
2026-06-26 16:06:12,MSK-0035,Москва,visit,,0,organic,android
2026-06-26 16:07:50,SPB-0040,Санкт-Петербург,product_view,,0,referral,ios
2026-06-26 16:10:28,SPB-0067,Санкт-Петербург,product_view,,0,organic,android
2026-06-26 16:10:31,MSK-0007,Москва,purchase,ORD-000978,400.00,organic,ios
2026-06-26 16:13:01,MSK-0085,Москва,visit,,0,organic,ios
2026-06-26 16:14:12,MSK-0053,Москва,purchase,ORD-000990,590.00,organic,ios
2026-06-26 16:16:04,MSK-0131,Москва,visit,,0,ads,ios
2026-06-26 16:18:52,MSK-0181,Москва,visit,,0,ads,ios
2026-06-26 16:26:48,MSK-0068,Москва,visit,,0,organic,android
2026-06-26 16:29:00,NSK-0043,Новосибирск,visit,,0,referral,web
2026-06-26 16:30:35,MSK-0072,Москва,visit,,0,organic,android
2026-06-26 16:32:37,EKB-0006,Екатеринбург,visit,,0,organic,android
2026-06-26 16:33:51,NSK-0051,Новосибирск,visit,,0,ads,android
2026-06-26 16:36:50,MSK-0242,Москва,visit,,0,referral,android
2026-06-26 16:37:56,KZN-0129,Казань,visit,,0,referral,android
2026-06-26 16:38:43,MSK-0085,Москва,product_view,,0,organic,ios
2026-06-26 16:39:08,MSK-0050,Москва,visit,,0,organic,ios
2026-06-26 16:39:30,MSK-0014,Москва,visit,,0,organic,android
2026-06-26 16:39:35,MSK-0106,Москва,visit,,0,ads,android
2026-06-26 16:39:40,MSK-0072,Москва,product_view,,0,organic,android
2026-06-26 16:47:30,SPB-0001,Санкт-Петербург,visit,,0,referral,android
2026-06-26 16:49:52,MSK-0014,Москва,product_view,,0,organic,android
2026-06-26 16:56:02,KZN-0060,Казань,visit,,0,referral,android
2026-06-26 16:56:24,MSK-0068,Москва,product_view,,0,organic,android
2026-06-26 16:57:50,MSK-0072,Москва,product_view,,0,organic,android
2026-06-26 16:58:13,MSK-0242,Москва,product_view,,0,referral,android
2026-06-26 17:01:04,KZN-0030,Казань,visit,,0,ads,android
2026-06-26 17:01:19,MSK-0124,Москва,visit,,0,referral,android
2026-06-26 17:01:49,SPB-0040,Санкт-Петербург,purchase,ORD-000999,270.00,referral,ios
2026-06-26 17:02:11,EKB-0032,Екатеринбург,visit,,0,referral,ios
2026-06-26 17:02:36,MSK-0231,Москва,visit,,0,organic,android
2026-06-26 17:03:30,MSK-0050,Москва,product_view,,0,organic,ios
2026-06-26 17:04:21,EKB-0006,Екатеринбург,product_view,,0,organic,android
2026-06-26 17:04:52,SPB-0064,Санкт-Петербург,visit,,0,organic,ios
2026-06-26 17:08:12,MSK-0299,Москва,visit,,0,organic,android
2026-06-26 17:11:02,KZN-0060,Казань,product_view,,0,referral,android
2026-06-26 17:13:24,SPB-0031,Санкт-Петербург,purchase,ORD-001001,350.00,ads,android
2026-06-26 17:15:14,MSK-0299,Москва,product_view,,0,organic,android
2026-06-26 17:17:27,MSK-0014,Москва,product_view,,0,organic,android
2026-06-26 17:21:17,MSK-0079,Москва,visit,,0,ads,android
2026-06-26 17:23:08,SPB-0001,Санкт-Петербург,product_view,,0,referral,android
2026-06-26 17:24:38,KZN-0002,Казань,visit,,0,ads,android
2026-06-26 17:27:33,KZN-0072,Казань,visit,,0,organic,web
2026-06-26 17:28:22,MSK-0189,Москва,visit,,0,organic,android
2026-06-26 17:28:49,SPB-0215,Санкт-Петербург,visit,,0,ads,ios
2026-06-26 17:34:48,MSK-0231,Москва,product_view,,0,organic,android
2026-06-26 17:37:27,MSK-0231,Москва,product_view,,0,organic,android
2026-06-26 17:37:43,KZN-0072,Казань,product_view,,0,organic,web
2026-06-26 17:38:03,NSK-0007,Новосибирск,visit,,0,organic,ios
2026-06-26 17:38:25,NSK-0020,Новосибирск,purchase,ORD-001020,360.00,organic,android
2026-06-26 17:39:38,KZN-0002,Казань,product_view,,0,ads,android
2026-06-26 17:48:04,KZN-0024,Казань,visit,,0,ads,ios
2026-06-26 17:50:03,MSK-0079,Москва,product_view,,0,ads,android
2026-06-26 17:50:29,SPB-0215,Санкт-Петербург,product_view,,0,ads,ios
2026-06-26 17:50:37,SPB-0026,Санкт-Петербург,visit,,0,organic,android
2026-06-26 17:54:20,MSK-0061,Москва,visit,,0,organic,android
2026-06-26 17:55:12,SPB-0033,Санкт-Петербург,purchase,ORD-000998,390.00,ads,ios
2026-06-26 17:57:26,MSK-0017,Москва,visit,,0,organic,web
2026-06-26 18:01:38,MSK-0061,Москва,product_view,,0,organic,android
2026-06-26 18:01:58,NSK-0073,Новосибирск,visit,,0,organic,android
2026-06-26 18:02:18,SPB-0026,Санкт-Петербург,product_view,,0,organic,android
2026-06-26 18:04:28,MSK-0224,Москва,visit,,0,organic,ios
2026-06-26 18:05:00,KZN-0024,Казань,product_view,,0,ads,ios
2026-06-26 18:09:49,KZN-0021,Казань,purchase,ORD-001005,560.00,ads,ios
2026-06-26 18:10:30,NSK-0073,Новосибирск,product_view,,0,organic,android
2026-06-26 18:10:53,MSK-0004,Москва,visit,,0,referral,ios
2026-06-26 18:11:31,MSK-0116,Москва,visit,,0,organic,android
2026-06-26 18:12:40,SPB-0026,Санкт-Петербург,product_view,,0,organic,android
2026-06-26 18:13:00,SPB-0118,Санкт-Петербург,visit,,0,organic,web
2026-06-26 18:14:11,MSK-0224,Москва,product_view,,0,organic,ios
2026-06-26 18:14:47,SPB-0212,Санкт-Петербург,visit,,0,organic,android
2026-06-26 18:15:16,SPB-0047,Санкт-Петербург,purchase,ORD-000993,430.00,organic,android
2026-06-26 18:16:03,MSK-0004,Москва,product_view,,0,referral,ios
2026-06-26 18:17:30,MSK-0061,Москва,product_view,,0,organic,android
2026-06-26 18:19:53,MSK-0224,Москва,product_view,,0,organic,ios
2026-06-26 18:21:52,MSK-0017,Москва,product_view,,0,organic,web
2026-06-26 18:26:25,EKB-0006,Екатеринбург,purchase,ORD-001013,250.00,organic,android
2026-06-26 18:27:50,MSK-0007,Москва,purchase,ORD-000977,590.00,organic,ios
2026-06-26 18:29:42,SPB-0212,Санкт-Петербург,product_view,,0,organic,android
2026-06-26 18:30:09,MSK-0004,Москва,product_view,,0,referral,ios
2026-06-26 18:31:35,MSK-0116,Москва,product_view,,0,organic,android
2026-06-26 18:39:20,SPB-0098,Санкт-Петербург,visit,,0,organic,android
2026-06-26 18:42:48,MSK-0017,Москва,product_view,,0,organic,web
2026-06-26 18:47:20,EKB-0069,Екатеринбург,visit,,0,referral,android
2026-06-26 18:52:05,MSK-0086,Москва,visit,,0,organic,android
2026-06-26 18:53:30,MSK-0003,Москва,visit,,0,referral,android
2026-06-26 18:54:58,MSK-0010,Москва,visit,,0,ads,android
2026-06-26 18:55:14,SPB-0098,Санкт-Петербург,product_view,,0,organic,android
2026-06-26 18:57:16,MSK-0003,Москва,product_view,,0,referral,android
2026-06-26 18:57:33,SPB-0033,Санкт-Петербург,purchase,ORD-000997,860.00,ads,ios
2026-06-26 18:57:38,SPB-0047,Санкт-Петербург,visit,,0,organic,android
2026-06-26 19:02:51,EKB-0069,Екатеринбург,product_view,,0,referral,android
2026-06-26 19:10:14,SPB-0047,Санкт-Петербург,product_view,,0,organic,android
2026-06-26 19:13:03,MSK-0010,Москва,product_view,,0,ads,android
2026-06-26 19:14:37,SPB-0098,Санкт-Петербург,product_view,,0,organic,android
2026-06-26 19:18:17,EKB-0023,Екатеринбург,purchase,ORD-001010,330.00,organic,ios
2026-06-26 19:27:52,SPB-0002,Санкт-Петербург,purchase,ORD-000995,860.00,referral,android
2026-06-26 20:29:16,SPB-0017,Санкт-Петербург,purchase,ORD-000991,730.00,organic,web
2026-06-26 20:34:48,SPB-0001,Санкт-Петербург,purchase,ORD-000992,220.00,referral,android
2026-06-26 20:51:54,KZN-0002,Казань,purchase,ORD-001007,260.00,ads,android
2026-06-26 20:54:55,MSK-0021,Москва,purchase,ORD-000981,670.00,organic,android
2026-06-26 20:57:00,MSK-0004,Москва,purchase,ORD-000989,590.00,referral,ios
2026-06-26 20:58:32,KZN-0021,Казань,purchase,ORD-001006,300.00,ads,ios
2026-06-26 21:05:17,MSK-0074,Москва,purchase,ORD-000987,1010.00,organic,android
2026-06-26 21:40:59,NSK-0001,Новосибирск,purchase,ORD-001015,250.00,organic,android
2026-06-26 22:13:35,NSK-0001,Новосибирск,purchase,ORD-001016,610.00,organic,android
2026-06-27 02:27:19,TEST-KZN-0027,Казань,purchase,TEST-00027,120.00,test,ios
2026-06-27 02:57:37,TEST-KZN-0057,Казань,purchase,TEST-00057,120.00,test,ios
2026-06-27 03:27:58,TEST-KZN-0087,Казань,purchase,TEST-00087,120.00,test,web
2026-06-27 03:57:07,TEST-KZN-0117,Казань,purchase,TEST-00117,120.00,test,android
2026-06-27 08:03:30,KZN-0005,Казань,visit,,0,ads,ios
2026-06-27 08:13:09,MSK-0189,Москва,visit,,0,organic,android
2026-06-27 08:13:23,NSK-0023,Новосибирск,visit,,0,organic,ios
2026-06-27 08:17:30,SPB-0062,Санкт-Петербург,visit,,0,organic,web
2026-06-27 08:18:53,KZN-0005,Казань,product_view,,0,ads,ios
2026-06-27 08:21:09,KZN-0026,Казань,visit,,0,organic,android
2026-06-27 08:21:33,NSK-0023,Новосибирск,product_view,,0,organic,ios
2026-06-27 08:22:34,SPB-0179,Санкт-Петербург,visit,,0,organic,ios
2026-06-27 08:26:25,EKB-0058,Екатеринбург,visit,,0,organic,web
2026-06-27 08:28:49,KZN-0026,Казань,product_view,,0,organic,android
2026-06-27 08:32:04,SPB-0062,Санкт-Петербург,product_view,,0,organic,web
2026-06-27 08:32:07,KZN-0070,Казань,visit,,0,ads,android
2026-06-27 08:35:31,NSK-0078,Новосибирск,visit,,0,organic,web
2026-06-27 08:46:59,MSK-0184,Москва,visit,,0,organic,web
2026-06-27 08:50:16,EKB-0012,Екатеринбург,visit,,0,referral,android
2026-06-27 08:50:51,SPB-0179,Санкт-Петербург,product_view,,0,organic,ios
2026-06-27 08:51:12,NSK-0078,Новосибирск,product_view,,0,organic,web
2026-06-27 08:51:52,KZN-0062,Казань,visit,,0,organic,ios
2026-06-27 08:55:47,KZN-0070,Казань,product_view,,0,ads,android
2026-06-27 08:58:36,MSK-0065,Москва,visit,,0,organic,web
2026-06-27 09:01:49,SPB-0082,Санкт-Петербург,visit,,0,referral,web
2026-06-27 09:01:50,EKB-0070,Екатеринбург,visit,,0,organic,android
2026-06-27 09:04:19,EKB-0038,Екатеринбург,visit,,0,organic,web
2026-06-27 09:05:54,SPB-0026,Санкт-Петербург,visit,,0,organic,android
2026-06-27 09:09:32,KZN-0062,Казань,product_view,,0,organic,ios
2026-06-27 09:11:33,SPB-0122,Санкт-Петербург,visit,,0,referral,android
2026-06-27 09:11:47,KZN-0104,Казань,visit,,0,organic,android
2026-06-27 09:18:44,SPB-0076,Санкт-Петербург,visit,,0,referral,web
2026-06-27 09:20:56,KZN-0104,Казань,product_view,,0,organic,android
2026-06-27 09:22:13,SPB-0026,Санкт-Петербург,product_view,,0,organic,android
2026-06-27 09:22:46,SPB-0076,Санкт-Петербург,product_view,,0,referral,web
2026-06-27 09:22:47,SPB-0122,Санкт-Петербург,product_view,,0,referral,android
2026-06-27 09:23:44,EKB-0038,Екатеринбург,product_view,,0,organic,web
2026-06-27 09:29:14,KZN-0104,Казань,product_view,,0,organic,android
2026-06-27 09:30:18,KZN-0121,Казань,visit,,0,organic,ios
2026-06-27 09:34:39,MSK-0272,Москва,visit,,0,ads,android
2026-06-27 09:36:46,MSK-0066,Москва,visit,,0,organic,android
2026-06-27 09:40:58,MSK-0283,Москва,visit,,0,ads,ios
2026-06-27 09:41:00,EKB-0089,Екатеринбург,visit,,0,organic,android
2026-06-27 09:45:42,NSK-0015,Новосибирск,visit,,0,organic,web
2026-06-27 09:47:17,EKB-0025,Екатеринбург,visit,,0,ads,android
2026-06-27 09:47:18,KZN-0126,Казань,visit,,0,organic,ios
2026-06-27 09:48:49,NSK-0015,Новосибирск,product_view,,0,organic,web
2026-06-27 09:49:08,MSK-0283,Москва,product_view,,0,ads,ios
2026-06-27 09:50:04,KZN-0006,Казань,visit,,0,organic,ios
2026-06-27 09:50:22,MSK-0296,Москва,visit,,0,organic,ios
2026-06-27 09:57:12,EKB-0025,Екатеринбург,product_view,,0,ads,android
2026-06-27 09:58:20,KZN-0116,Казань,visit,,0,ads,ios
2026-06-27 10:00:49,MSK-0176,Москва,visit,,0,ads,android
2026-06-27 10:01:31,SPB-0072,Санкт-Петербург,visit,,0,organic,ios
2026-06-27 10:04:46,MSK-0066,Москва,product_view,,0,organic,android
2026-06-27 10:05:59,SPB-0037,Санкт-Петербург,purchase,ORD-001045,650.00,referral,web
2026-06-27 10:09:46,MSK-0272,Москва,product_view,,0,ads,android
2026-06-27 10:10:08,NSK-0085,Новосибирск,visit,,0,organic,ios
2026-06-27 10:10:15,KZN-0006,Казань,product_view,,0,organic,ios
2026-06-27 10:11:45,MSK-0173,Москва,visit,,0,organic,android
2026-06-27 10:12:16,KZN-0116,Казань,product_view,,0,ads,ios
2026-06-27 10:12:39,MSK-0176,Москва,product_view,,0,ads,android
2026-06-27 10:17:15,EKB-0074,Екатеринбург,visit,,0,referral,ios
2026-06-27 10:17:45,SPB-0074,Санкт-Петербург,visit,,0,ads,ios
2026-06-27 10:20:05,SPB-0092,Санкт-Петербург,visit,,0,organic,web
2026-06-27 10:24:23,MSK-0126,Москва,visit,,0,organic,ios
2026-06-27 10:24:57,MSK-0033,Москва,visit,,0,ads,ios
2026-06-27 10:25:19,EKB-0025,Екатеринбург,product_view,,0,ads,android
2026-06-27 10:26:08,SPB-0048,Санкт-Петербург,visit,,0,organic,android
2026-06-27 10:26:33,MSK-0033,Москва,product_view,,0,ads,ios
2026-06-27 10:28:09,SPB-0027,Санкт-Петербург,visit,,0,organic,android
2026-06-27 10:30:39,SPB-0092,Санкт-Петербург,product_view,,0,organic,web
2026-06-27 10:31:30,MSK-0277,Москва,visit,,0,organic,android
2026-06-27 10:34:40,SPB-0166,Санкт-Петербург,visit,,0,organic,android
2026-06-27 10:41:51,MSK-0059,Москва,purchase,ORD-001032,880.00,organic,ios
2026-06-27 10:42:32,MSK-0099,Москва,visit,,0,ads,ios
2026-06-27 10:43:40,EKB-0043,Екатеринбург,visit,,0,organic,android
2026-06-27 10:44:06,SPB-0166,Санкт-Петербург,product_view,,0,organic,android
2026-06-27 10:44:11,KZN-0127,Казань,visit,,0,referral,web
2026-06-27 10:46:41,MSK-0034,Москва,visit,,0,organic,android
2026-06-27 10:47:11,KZN-0127,Казань,product_view,,0,referral,web
2026-06-27 10:47:55,SPB-0048,Санкт-Петербург,product_view,,0,organic,android
2026-06-27 10:48:55,SPB-0170,Санкт-Петербург,visit,,0,organic,ios
2026-06-27 10:50:45,MSK-0229,Москва,visit,,0,organic,ios
2026-06-27 10:51:57,SPB-0048,Санкт-Петербург,product_view,,0,organic,android
2026-06-27 10:53:31,EKB-0074,Екатеринбург,product_view,,0,referral,ios
2026-06-27 10:54:21,MSK-0167,Москва,visit,,0,organic,android
2026-06-27 10:55:43,NSK-0015,Новосибирск,purchase,ORD-001063,250.00,organic,web
2026-06-27 10:56:08,SPB-0048,Санкт-Петербург,purchase,ORD-001038,180.00,organic,android
2026-06-27 10:59:32,NSK-0038,Новосибирск,visit,,0,organic,ios
2026-06-27 11:00:02,MSK-0034,Москва,product_view,,0,organic,android
2026-06-27 11:02:54,KZN-0017,Казань,visit,,0,referral,android
2026-06-27 11:03:13,SPB-0166,Санкт-Петербург,product_view,,0,organic,android
2026-06-27 11:03:59,SPB-0133,Санкт-Петербург,visit,,0,ads,android
2026-06-27 11:07:39,MSK-0229,Москва,product_view,,0,organic,ios
2026-06-27 11:08:36,SPB-0170,Санкт-Петербург,product_view,,0,organic,ios
2026-06-27 11:13:28,MSK-0021,Москва,purchase,ORD-001028,230.00,organic,android
2026-06-27 11:14:34,SPB-0056,Санкт-Петербург,purchase,ORD-001036,270.00,ads,ios
2026-06-27 11:14:36,KZN-0103,Казань,visit,,0,organic,web
2026-06-27 11:15:23,NSK-0074,Новосибирск,visit,,0,ads,web
2026-06-27 11:17:36,NSK-0038,Новосибирск,product_view,,0,organic,ios
2026-06-27 11:18:22,MSK-0034,Москва,product_view,,0,organic,android
2026-06-27 11:18:42,SPB-0164,Санкт-Петербург,visit,,0,organic,android
2026-06-27 11:19:44,KZN-0103,Казань,product_view,,0,organic,web
2026-06-27 11:21:08,KZN-0031,Казань,purchase,ORD-001047,220.00,organic,web
2026-06-27 11:21:12,SPB-0156,Санкт-Петербург,visit,,0,organic,ios
2026-06-27 11:23:10,EKB-0030,Екатеринбург,visit,,0,organic,ios
2026-06-27 11:25:13,EKB-0030,Екатеринбург,product_view,,0,organic,ios
2026-06-27 11:25:59,MSK-0289,Москва,visit,,0,organic,android
2026-06-27 11:26:03,MSK-0246,Москва,visit,,0,ads,ios
2026-06-27 11:28:05,KZN-0006,Казань,purchase,ORD-001050,640.00,organic,ios
2026-06-27 11:28:44,MSK-0246,Москва,product_view,,0,ads,ios
2026-06-27 11:29:04,MSK-0276,Москва,visit,,0,organic,ios
2026-06-27 11:29:18,NSK-0014,Новосибирск,visit,,0,organic,ios
2026-06-27 11:29:40,SPB-0156,Санкт-Петербург,product_view,,0,organic,ios
2026-06-27 11:29:42,KZN-0017,Казань,product_view,,0,referral,android
2026-06-27 11:30:02,EKB-0101,Екатеринбург,visit,,0,organic,android
2026-06-27 11:33:58,NSK-0005,Новосибирск,visit,,0,referral,android
2026-06-27 11:34:58,KZN-0083,Казань,visit,,0,ads,ios
2026-06-27 11:37:57,MSK-0266,Москва,visit,,0,organic,ios
2026-06-27 11:38:50,EKB-0101,Екатеринбург,product_view,,0,organic,android
2026-06-27 11:39:15,KZN-0083,Казань,product_view,,0,ads,ios
2026-06-27 11:39:52,EKB-0030,Екатеринбург,purchase,ORD-001057,710.00,organic,ios
2026-06-27 11:42:18,NSK-0014,Новосибирск,product_view,,0,organic,ios
2026-06-27 11:42:57,NSK-0038,Новосибирск,product_view,,0,organic,ios
2026-06-27 11:43:55,KZN-0029,Казань,purchase,ORD-001048,960.00,ads,ios
2026-06-27 11:46:11,MSK-0153,Москва,visit,,0,organic,web
2026-06-27 11:49:50,MSK-0278,Москва,visit,,0,ads,android
2026-06-27 11:53:03,SPB-0114,Санкт-Петербург,visit,,0,referral,web
2026-06-27 11:54:36,SPB-0088,Санкт-Петербург,visit,,0,organic,web
2026-06-27 11:54:53,NSK-0014,Новосибирск,product_view,,0,organic,ios
2026-06-27 11:56:33,SPB-0114,Санкт-Петербург,product_view,,0,referral,web
2026-06-27 11:56:51,SPB-0167,Санкт-Петербург,visit,,0,ads,ios
2026-06-27 12:07:19,SPB-0088,Санкт-Петербург,product_view,,0,organic,web
2026-06-27 12:09:04,SPB-0099,Санкт-Петербург,visit,,0,organic,android
2026-06-27 12:12:26,MSK-0278,Москва,product_view,,0,ads,android
2026-06-27 12:14:20,EKB-0001,Екатеринбург,visit,,0,referral,ios
2026-06-27 12:16:45,SPB-0188,Санкт-Петербург,visit,,0,organic,ios
2026-06-27 12:18:17,SPB-0167,Санкт-Петербург,product_view,,0,ads,ios
2026-06-27 12:18:50,MSK-0013,Москва,visit,,0,ads,web
2026-06-27 12:21:30,MSK-0026,Москва,visit,,0,ads,android
2026-06-27 12:21:58,KZN-0029,Казань,visit,,0,ads,ios
2026-06-27 12:22:08,SPB-0088,Санкт-Петербург,product_view,,0,organic,web
2026-06-27 12:24:34,MSK-0179,Москва,visit,,0,referral,android
2026-06-27 12:25:38,SPB-0099,Санкт-Петербург,product_view,,0,organic,android
2026-06-27 12:26:27,NSK-0043,Новосибирск,visit,,0,referral,web
2026-06-27 12:27:10,SPB-0051,Санкт-Петербург,purchase,ORD-001040,650.00,organic,ios
2026-06-27 12:28:49,NSK-0025,Новосибирск,purchase,ORD-001059,210.00,ads,android
2026-06-27 12:29:40,NSK-0043,Новосибирск,product_view,,0,referral,web
2026-06-27 12:31:32,MSK-0067,Москва,visit,,0,ads,web
2026-06-27 12:32:43,MSK-0026,Москва,product_view,,0,ads,android
2026-06-27 12:33:19,KZN-0029,Казань,product_view,,0,ads,ios
2026-06-27 12:33:47,EKB-0099,Екатеринбург,visit,,0,organic,ios
2026-06-27 12:34:24,MSK-0072,Москва,visit,,0,organic,android
2026-06-27 12:34:52,MSK-0101,Москва,visit,,0,ads,android
2026-06-27 12:35:01,MSK-0068,Москва,purchase,ORD-001021,760.00,organic,android
2026-06-27 12:35:11,MSK-0203,Москва,visit,,0,referral,android
2026-06-27 12:37:21,SPB-0127,Санкт-Петербург,visit,,0,organic,android
2026-06-27 12:40:14,EKB-0001,Екатеринбург,product_view,,0,referral,ios
2026-06-27 12:41:27,SPB-0008,Санкт-Петербург,visit,,0,ads,android
2026-06-27 12:42:01,MSK-0013,Москва,product_view,,0,ads,web
2026-06-27 12:43:09,SPB-0188,Санкт-Петербург,product_view,,0,organic,ios
2026-06-27 12:43:15,MSK-0169,Москва,visit,,0,organic,android
2026-06-27 12:44:46,SPB-0127,Санкт-Петербург,product_view,,0,organic,android
2026-06-27 12:45:13,SPB-0137,Санкт-Петербург,visit,,0,referral,android
2026-06-27 12:45:23,MSK-0072,Москва,product_view,,0,organic,android
2026-06-27 12:46:04,MSK-0067,Москва,product_view,,0,ads,web
2026-06-27 12:46:54,SPB-0012,Санкт-Петербург,visit,,0,organic,android
2026-06-27 12:47:15,KZN-0029,Казань,product_view,,0,ads,ios
2026-06-27 12:47:27,KZN-0122,Казань,visit,,0,organic,ios
2026-06-27 12:48:36,SPB-0037,Санкт-Петербург,visit,,0,referral,web
2026-06-27 12:49:48,EKB-0098,Екатеринбург,visit,,0,referral,web
2026-06-27 12:52:28,MSK-0072,Москва,product_view,,0,organic,android
2026-06-27 12:54:17,EKB-0008,Екатеринбург,visit,,0,organic,android
2026-06-27 12:55:21,MSK-0179,Москва,product_view,,0,referral,android
2026-06-27 12:57:56,SPB-0202,Санкт-Петербург,visit,,0,organic,android
2026-06-27 13:00:54,MSK-0059,Москва,purchase,ORD-001033,880.00,organic,ios
2026-06-27 13:01:53,SPB-0045,Санкт-Петербург,visit,,0,organic,ios
2026-06-27 13:03:46,SPB-0037,Санкт-Петербург,product_view,,0,referral,web
2026-06-27 13:05:10,EKB-0088,Екатеринбург,visit,,0,referral,android
2026-06-27 13:06:31,NSK-0049,Новосибирск,visit,,0,referral,ios
2026-06-27 13:07:25,MSK-0169,Москва,product_view,,0,organic,android
2026-06-27 13:07:37,SPB-0008,Санкт-Петербург,product_view,,0,ads,android
2026-06-27 13:07:53,SPB-0008,Санкт-Петербург,product_view,,0,ads,android
2026-06-27 13:10:55,MSK-0203,Москва,product_view,,0,referral,android
2026-06-27 13:15:14,EKB-0008,Екатеринбург,product_view,,0,organic,android
2026-06-27 13:16:04,NSK-0082,Новосибирск,visit,,0,referral,android
2026-06-27 13:17:37,KZN-0133,Казань,visit,,0,referral,android
2026-06-27 13:18:14,SPB-0045,Санкт-Петербург,product_view,,0,organic,ios
2026-06-27 13:26:47,MSK-0162,Москва,visit,,0,ads,ios
2026-06-27 13:33:39,NSK-0049,Новосибирск,product_view,,0,referral,ios
2026-06-27 13:33:44,MSK-0069,Москва,purchase,ORD-001030,320.00,organic,web
2026-06-27 13:35:50,MSK-0162,Москва,product_view,,0,ads,ios
2026-06-27 13:36:14,EKB-0114,Екатеринбург,visit,,0,ads,android
2026-06-27 13:37:14,NSK-0049,Новосибирск,product_view,,0,referral,ios
2026-06-27 13:37:26,SPB-0078,Санкт-Петербург,visit,,0,ads,web
2026-06-27 13:37:52,MSK-0019,Москва,purchase,ORD-001026,760.00,ads,android
2026-06-27 13:38:02,NSK-0082,Новосибирск,product_view,,0,referral,android
2026-06-27 13:42:38,MSK-0241,Москва,visit,,0,organic,web
2026-06-27 13:48:27,MSK-0263,Москва,visit,,0,organic,android
2026-06-27 13:58:22,EKB-0114,Екатеринбург,product_view,,0,ads,android
2026-06-27 13:59:27,KZN-0140,Казань,visit,,0,organic,web
2026-06-27 14:00:16,MSK-0031,Москва,visit,,0,organic,android
2026-06-27 14:00:18,SPB-0035,Санкт-Петербург,purchase,ORD-001042,570.00,ads,ios
2026-06-27 14:00:19,SPB-0056,Санкт-Петербург,visit,,0,ads,ios
2026-06-27 14:01:19,MSK-0263,Москва,product_view,,0,organic,android
2026-06-27 14:01:47,NSK-0052,Новосибирск,visit,,0,organic,android
2026-06-27 14:04:46,MSK-0059,Москва,visit,,0,organic,ios
2026-06-27 14:09:37,KZN-0140,Казань,product_view,,0,organic,web
2026-06-27 14:10:07,MSK-0031,Москва,product_view,,0,organic,android
2026-06-27 14:10:51,MSK-0061,Москва,visit,,0,organic,android
2026-06-27 14:11:25,MSK-0273,Москва,visit,,0,organic,android
2026-06-27 14:12:27,MSK-0021,Москва,visit,,0,organic,android
2026-06-27 14:13:27,SPB-0056,Санкт-Петербург,product_view,,0,ads,ios
2026-06-27 14:13:28,NSK-0011,Новосибирск,visit,,0,organic,ios
2026-06-27 14:17:14,NSK-0052,Новосибирск,product_view,,0,organic,android
2026-06-27 14:18:29,EKB-0072,Екатеринбург,visit,,0,organic,ios
2026-06-27 14:19:42,NSK-0011,Новосибирск,product_view,,0,organic,ios
2026-06-27 14:21:47,KZN-0026,Казань,purchase,ORD-001046,560.00,organic,android
2026-06-27 14:26:30,KZN-0010,Казань,visit,,0,ads,android
2026-06-27 14:32:37,MSK-0202,Москва,visit,,0,organic,ios
2026-06-27 14:35:43,EKB-0004,Екатеринбург,visit,,0,ads,web
2026-06-27 14:36:24,MSK-0021,Москва,product_view,,0,organic,android
2026-06-27 14:37:56,MSK-0059,Москва,product_view,,0,organic,ios
2026-06-27 14:38:46,SPB-0118,Санкт-Петербург,visit,,0,organic,web
2026-06-27 14:40:26,NSK-0011,Новосибирск,purchase,ORD-001062,1060.00,organic,ios
2026-06-27 14:40:45,MSK-0187,Москва,visit,,0,organic,web
2026-06-27 14:40:56,SPB-0056,Санкт-Петербург,product_view,,0,ads,ios
2026-06-27 14:41:13,MSK-0061,Москва,product_view,,0,organic,android
2026-06-27 14:41:40,MSK-0075,Москва,visit,,0,referral,android
2026-06-27 14:41:40,MSK-0200,Москва,visit,,0,organic,ios
2026-06-27 14:44:29,MSK-0003,Москва,visit,,0,referral,android
2026-06-27 14:44:44,MSK-0273,Москва,product_view,,0,organic,android
2026-06-27 14:44:45,KZN-0010,Казань,product_view,,0,ads,android
2026-06-27 14:45:32,MSK-0063,Москва,visit,,0,organic,web
2026-06-27 14:47:22,MSK-0003,Москва,product_view,,0,referral,android
2026-06-27 14:47:46,SPB-0046,Санкт-Петербург,purchase,ORD-001041,350.00,organic,android
2026-06-27 14:49:14,SPB-0046,Санкт-Петербург,visit,,0,organic,android
2026-06-27 14:52:49,MSK-0200,Москва,product_view,,0,organic,ios
2026-06-27 14:54:34,EKB-0004,Екатеринбург,product_view,,0,ads,web
2026-06-27 14:59:06,SPB-0148,Санкт-Петербург,visit,,0,organic,web
2026-06-27 15:01:05,SPB-0046,Санкт-Петербург,product_view,,0,organic,android
2026-06-27 15:01:35,SPB-0178,Санкт-Петербург,visit,,0,referral,web
2026-06-27 15:02:34,NSK-0079,Новосибирск,visit,,0,ads,ios
2026-06-27 15:02:45,NSK-0050,Новосибирск,visit,,0,ads,web
2026-06-27 15:04:49,EKB-0007,Екатеринбург,visit,,0,organic,android
2026-06-27 15:11:57,EKB-0007,Екатеринбург,product_view,,0,organic,android
2026-06-27 15:13:40,MSK-0063,Москва,product_view,,0,organic,web
2026-06-27 15:14:40,NSK-0079,Новосибирск,product_view,,0,ads,ios
2026-06-27 15:18:24,SPB-0148,Санкт-Петербург,product_view,,0,organic,web
2026-06-27 15:20:33,MSK-0063,Москва,product_view,,0,organic,web
2026-06-27 15:20:41,SPB-0028,Санкт-Петербург,purchase,ORD-001039,570.00,ads,web
2026-06-27 15:23:47,MSK-0227,Москва,visit,,0,ads,android
2026-06-27 15:24:09,MSK-0010,Москва,visit,,0,ads,android
2026-06-27 15:25:20,MSK-0218,Москва,visit,,0,ads,ios
2026-06-27 15:26:58,NSK-0050,Новосибирск,product_view,,0,ads,web
2026-06-27 15:28:37,KZN-0060,Казань,visit,,0,referral,android
2026-06-27 15:33:26,SPB-0178,Санкт-Петербург,product_view,,0,referral,web
2026-06-27 15:33:40,SPB-0148,Санкт-Петербург,product_view,,0,organic,web
2026-06-27 15:34:13,MSK-0227,Москва,product_view,,0,ads,android
2026-06-27 15:35:16,NSK-0014,Новосибирск,purchase,ORD-001060,690.00,organic,ios
2026-06-27 15:39:29,NSK-0061,Новосибирск,visit,,0,ads,ios
2026-06-27 15:40:13,MSK-0002,Москва,visit,,0,organic,android
2026-06-27 15:40:33,SPB-0056,Санкт-Петербург,purchase,ORD-001037,390.00,ads,ios
2026-06-27 15:41:54,SPB-0094,Санкт-Петербург,visit,,0,referral,android
2026-06-27 15:48:28,MSK-0010,Москва,product_view,,0,ads,android
2026-06-27 15:49:05,SPB-0203,Санкт-Петербург,visit,,0,ads,android
2026-06-27 15:52:21,KZN-0041,Казань,visit,,0,organic,android
2026-06-27 15:52:38,KZN-0005,Казань,purchase,ORD-001052,840.00,ads,ios
2026-06-27 15:54:42,EKB-0106,Екатеринбург,visit,,0,organic,android
2026-06-27 15:55:18,EKB-0062,Екатеринбург,visit,,0,organic,android
2026-06-27 15:57:38,EKB-0031,Екатеринбург,visit,,0,organic,ios
2026-06-27 15:58:03,EKB-0085,Екатеринбург,visit,,0,organic,ios
2026-06-27 15:58:59,KZN-0048,Казань,visit,,0,organic,ios
2026-06-27 15:59:09,KZN-0100,Казань,visit,,0,organic,android
2026-06-27 15:59:59,NSK-0031,Новосибирск,visit,,0,ads,android
2026-06-27 16:01:11,EKB-0031,Екатеринбург,product_view,,0,organic,ios
2026-06-27 16:02:13,SPB-0160,Санкт-Петербург,visit,,0,referral,ios
2026-06-27 16:03:00,MSK-0227,Москва,product_view,,0,ads,android
2026-06-27 16:04:45,KZN-0060,Казань,product_view,,0,referral,android
2026-06-27 16:05:11,SPB-0094,Санкт-Петербург,product_view,,0,referral,android
2026-06-27 16:06:10,MSK-0002,Москва,product_view,,0,organic,android
2026-06-27 16:06:51,EKB-0082,Екатеринбург,visit,,0,referral,android
2026-06-27 16:08:20,NSK-0010,Новосибирск,visit,,0,ads,ios
2026-06-27 16:08:48,KZN-0059,Казань,visit,,0,organic,ios
2026-06-27 16:10:00,NSK-0010,Новосибирск,product_view,,0,ads,ios
2026-06-27 16:11:35,NSK-0031,Новосибирск,product_view,,0,ads,android
2026-06-27 16:14:41,EKB-0082,Екатеринбург,product_view,,0,referral,android
2026-06-27 16:15:01,MSK-0002,Москва,product_view,,0,organic,android
2026-06-27 16:17:59,SPB-0203,Санкт-Петербург,product_view,,0,ads,android
2026-06-27 16:18:45,KZN-0100,Казань,product_view,,0,organic,android
2026-06-27 16:22:42,NSK-0020,Новосибирск,visit,,0,organic,android
2026-06-27 16:24:00,MSK-0010,Москва,purchase,ORD-001023,760.00,ads,android
2026-06-27 16:25:23,KZN-0059,Казань,product_view,,0,organic,ios
2026-06-27 16:39:47,KZN-0031,Казань,visit,,0,organic,web
2026-06-27 16:42:40,EKB-0079,Екатеринбург,visit,,0,organic,web
2026-06-27 16:42:58,MSK-0106,Москва,visit,,0,ads,android
2026-06-27 16:43:26,EKB-0001,Екатеринбург,purchase,ORD-001055,290.00,referral,ios
2026-06-27 16:44:02,SPB-0035,Санкт-Петербург,visit,,0,ads,ios
2026-06-27 16:45:21,MSK-0077,Москва,visit,,0,referral,ios
2026-06-27 16:47:03,SPB-0035,Санкт-Петербург,product_view,,0,ads,ios
2026-06-27 16:48:20,SPB-0034,Санкт-Петербург,visit,,0,organic,android
2026-06-27 16:51:27,MSK-0094,Москва,visit,,0,ads,android
2026-06-27 16:56:51,SPB-0002,Санкт-Петербург,visit,,0,referral,android
2026-06-27 16:58:16,MSK-0033,Москва,purchase,ORD-001024,1010.00,ads,ios
2026-06-27 17:01:18,MSK-0077,Москва,product_view,,0,referral,ios
2026-06-27 17:03:34,KZN-0065,Казань,visit,,0,organic,ios
2026-06-27 17:04:06,MSK-0180,Москва,visit,,0,organic,ios
2026-06-27 17:04:46,MSK-0049,Москва,visit,,0,organic,android
2026-06-27 17:06:34,MSK-0048,Москва,visit,,0,ads,ios
2026-06-27 17:06:42,MSK-0069,Москва,visit,,0,organic,web
2026-06-27 17:07:12,KZN-0031,Казань,product_view,,0,organic,web
2026-06-27 17:07:22,MSK-0106,Москва,product_view,,0,ads,android
2026-06-27 17:09:33,MSK-0094,Москва,product_view,,0,ads,android
2026-06-27 17:09:39,MSK-0106,Москва,product_view,,0,ads,android
2026-06-27 17:10:05,SPB-0195,Санкт-Петербург,visit,,0,referral,ios
2026-06-27 17:10:13,KZN-0021,Казань,visit,,0,ads,ios
2026-06-27 17:11:30,KZN-0090,Казань,visit,,0,organic,android
2026-06-27 17:11:35,MSK-0226,Москва,visit,,0,organic,ios
2026-06-27 17:11:35,SPB-0035,Санкт-Петербург,product_view,,0,ads,ios
2026-06-27 17:12:00,MSK-0049,Москва,product_view,,0,organic,android
2026-06-27 17:12:42,KZN-0021,Казань,product_view,,0,ads,ios
2026-06-27 17:13:08,EKB-0079,Екатеринбург,product_view,,0,organic,web
2026-06-27 17:13:41,KZN-0031,Казань,product_view,,0,organic,web
2026-06-27 17:14:40,MSK-0019,Москва,visit,,0,ads,android
2026-06-27 17:14:53,KZN-0065,Казань,product_view,,0,organic,ios
2026-06-27 17:16:27,KZN-0023,Казань,purchase,ORD-001051,560.00,organic,web
2026-06-27 17:17:38,MSK-0226,Москва,product_view,,0,organic,ios
2026-06-27 17:17:40,MSK-0180,Москва,product_view,,0,organic,ios
2026-06-27 17:18:32,MSK-0048,Москва,product_view,,0,ads,ios
2026-06-27 17:18:54,KZN-0065,Казань,product_view,,0,organic,ios
2026-06-27 17:24:17,SPB-0181,Санкт-Петербург,visit,,0,referral,web
2026-06-27 17:27:48,SPB-0190,Санкт-Петербург,visit,,0,ads,ios
2026-06-27 17:28:26,KZN-0023,Казань,visit,,0,organic,web
2026-06-27 17:28:33,SPB-0008,Санкт-Петербург,purchase,ORD-001043,430.00,ads,android
2026-06-27 17:28:57,EKB-0008,Екатеринбург,purchase,ORD-001058,370.00,organic,android
2026-06-27 17:32:47,SPB-0195,Санкт-Петербург,product_view,,0,referral,ios
2026-06-27 17:32:58,MSK-0186,Москва,visit,,0,ads,android
2026-06-27 17:33:22,KZN-0139,Казань,visit,,0,organic,android
2026-06-27 17:35:14,MSK-0188,Москва,visit,,0,referral,ios
2026-06-27 17:38:57,MSK-0005,Москва,visit,,0,referral,ios
2026-06-27 17:40:09,MSK-0191,Москва,visit,,0,referral,ios
2026-06-27 17:40:32,MSK-0069,Москва,product_view,,0,organic,web
2026-06-27 17:40:37,EKB-0025,Екатеринбург,purchase,ORD-001053,630.00,ads,android
2026-06-27 17:43:58,SPB-0181,Санкт-Петербург,product_view,,0,referral,web
2026-06-27 17:49:23,MSK-0016,Москва,visit,,0,ads,ios
2026-06-27 17:49:26,MSK-0019,Москва,product_view,,0,ads,android
2026-06-27 17:50:39,KZN-0087,Казань,visit,,0,organic,web
2026-06-27 17:50:39,NSK-0007,Новосибирск,visit,,0,organic,ios
2026-06-27 17:50:59,KZN-0139,Казань,product_view,,0,organic,android
2026-06-27 17:51:29,KZN-0023,Казань,product_view,,0,organic,web
2026-06-27 17:52:41,SPB-0126,Санкт-Петербург,visit,,0,organic,ios
2026-06-27 17:53:09,MSK-0171,Москва,visit,,0,organic,android
2026-06-27 17:53:34,SPB-0051,Санкт-Петербург,visit,,0,organic,ios
2026-06-27 17:53:35,SPB-0181,Санкт-Петербург,product_view,,0,referral,web
2026-06-27 17:54:06,SPB-0185,Санкт-Петербург,visit,,0,organic,android
2026-06-27 17:54:32,MSK-0016,Москва,product_view,,0,ads,ios
2026-06-27 17:54:47,EKB-0108,Екатеринбург,visit,,0,organic,android
2026-06-27 17:56:41,MSK-0068,Москва,visit,,0,organic,android
2026-06-27 17:56:58,SPB-0212,Санкт-Петербург,visit,,0,organic,android
2026-06-27 17:57:48,SPB-0051,Санкт-Петербург,product_view,,0,organic,ios
2026-06-27 17:59:14,SPB-0004,Санкт-Петербург,visit,,0,ads,android
2026-06-27 17:59:24,MSK-0186,Москва,product_view,,0,ads,android
2026-06-27 17:59:38,MSK-0172,Москва,visit,,0,organic,ios
2026-06-27 18:00:03,SPB-0190,Санкт-Петербург,product_view,,0,ads,ios
2026-06-27 18:04:11,MSK-0016,Москва,purchase,ORD-001027,1160.00,ads,ios
2026-06-27 18:04:11,SPB-0185,Санкт-Петербург,product_view,,0,organic,android
2026-06-27 18:05:07,NSK-0007,Новосибирск,product_view,,0,organic,ios
2026-06-27 18:05:12,EKB-0097,Екатеринбург,visit,,0,ads,android
2026-06-27 18:05:47,MSK-0046,Москва,visit,,0,ads,android
2026-06-27 18:06:18,KZN-0087,Казань,product_view,,0,organic,web
2026-06-27 18:06:19,KZN-0087,Казань,product_view,,0,organic,web
2026-06-27 18:06:35,NSK-0095,Новосибирск,visit,,0,ads,ios
2026-06-27 18:08:37,EKB-0108,Екатеринбург,product_view,,0,organic,android
2026-06-27 18:08:51,MSK-0171,Москва,product_view,,0,organic,android
2026-06-27 18:13:58,SPB-0208,Санкт-Петербург,visit,,0,ads,web
2026-06-27 18:15:59,SPB-0087,Санкт-Петербург,visit,,0,organic,web
2026-06-27 18:16:57,MSK-0073,Москва,visit,,0,organic,android
2026-06-27 18:18:19,EKB-0097,Екатеринбург,product_view,,0,ads,android
2026-06-27 18:18:59,MSK-0091,Москва,visit,,0,organic,android
2026-06-27 18:19:58,MSK-0046,Москва,product_view,,0,ads,android
2026-06-27 18:20:44,NSK-0007,Новосибирск,product_view,,0,organic,ios
2026-06-27 18:20:50,KZN-0051,Казань,visit,,0,organic,ios
2026-06-27 18:20:53,NSK-0025,Новосибирск,visit,,0,ads,android
2026-06-27 18:23:15,MSK-0068,Москва,product_view,,0,organic,android
2026-06-27 18:24:28,MSK-0050,Москва,visit,,0,organic,ios
2026-06-27 18:29:53,SPB-0004,Санкт-Петербург,product_view,,0,ads,android
2026-06-27 18:30:36,SPB-0028,Санкт-Петербург,visit,,0,ads,web
2026-06-27 18:31:02,EKB-0009,Екатеринбург,visit,,0,organic,android
2026-06-27 18:31:18,MSK-0016,Москва,product_view,,0,ads,ios
2026-06-27 18:31:32,MSK-0091,Москва,product_view,,0,organic,android
2026-06-27 18:32:20,MSK-0244,Москва,visit,,0,ads,android
2026-06-27 18:32:20,SPB-0153,Санкт-Петербург,visit,,0,ads,android
2026-06-27 18:33:50,NSK-0059,Новосибирск,visit,,0,ads,ios
2026-06-27 18:34:57,NSK-0025,Новосибирск,product_view,,0,ads,android
2026-06-27 18:38:58,KZN-0051,Казань,product_view,,0,organic,ios
2026-06-27 18:44:57,KZN-0043,Казань,visit,,0,ads,ios
2026-06-27 18:45:28,EKB-0009,Екатеринбург,product_view,,0,organic,android
2026-06-27 18:46:23,SPB-0087,Санкт-Петербург,product_view,,0,organic,web
2026-06-27 18:48:02,EKB-0009,Екатеринбург,product_view,,0,organic,android
2026-06-27 18:49:36,EKB-0009,Екатеринбург,purchase,ORD-001054,820.00,organic,android
2026-06-27 18:49:39,SPB-0140,Санкт-Петербург,visit,,0,ads,web
2026-06-27 18:53:02,NSK-0012,Новосибирск,visit,,0,organic,android
2026-06-27 18:53:57,MSK-0090,Москва,visit,,0,referral,android
2026-06-27 18:55:45,KZN-0088,Казань,visit,,0,organic,android
2026-06-27 19:00:05,SPB-0153,Санкт-Петербург,product_view,,0,ads,android
2026-06-27 19:00:47,SPB-0028,Санкт-Петербург,product_view,,0,ads,web
2026-06-27 19:01:49,KZN-0088,Казань,product_view,,0,organic,android
2026-06-27 19:05:07,SPB-0028,Санкт-Петербург,product_view,,0,ads,web
2026-06-27 19:20:07,SPB-0140,Санкт-Петербург,product_view,,0,ads,web
2026-06-27 19:42:32,MSK-0049,Москва,purchase,ORD-001031,270.00,organic,android
2026-06-27 19:50:23,NSK-0011,Новосибирск,purchase,ORD-001061,290.00,organic,ios
2026-06-27 20:23:14,MSK-0021,Москва,purchase,ORD-001029,760.00,organic,android
2026-06-27 20:37:13,KZN-0029,Казань,purchase,ORD-001049,260.00,ads,ios
2026-06-27 20:38:15,MSK-0061,Москва,purchase,ORD-001034,320.00,organic,android
2026-06-27 20:43:43,EKB-0001,Екатеринбург,purchase,ORD-001056,290.00,referral,ios
2026-06-27 20:47:47,MSK-0048,Москва,purchase,ORD-001035,590.00,ads,ios
2026-06-27 21:09:21,MSK-0034,Москва,purchase,ORD-001022,230.00,organic,android
2026-06-27 21:34:13,SPB-0004,Санкт-Петербург,purchase,ORD-001044,730.00,ads,android
2026-06-27 21:57:35,MSK-0003,Москва,purchase,ORD-001025,760.00,referral,android
2026-06-28 02:28:40,TEST-KZN-0028,Казань,purchase,TEST-00028,130.00,test,android
2026-06-28 02:58:37,TEST-KZN-0058,Казань,purchase,TEST-00058,130.00,test,ios
2026-06-28 03:28:22,TEST-KZN-0088,Казань,purchase,TEST-00088,130.00,test,android
2026-06-28 03:58:16,TEST-KZN-0118,Казань,purchase,TEST-00118,130.00,test,ios
2026-06-28 08:01:02,EKB-0030,Екатеринбург,visit,,0,organic,ios
2026-06-28 08:04:18,EKB-0060,Екатеринбург,visit,,0,organic,ios
2026-06-28 08:07:28,SPB-0001,Санкт-Петербург,visit,,0,referral,android
2026-06-28 08:10:01,EKB-0023,Екатеринбург,visit,,0,organic,ios
2026-06-28 08:12:17,EKB-0119,Екатеринбург,visit,,0,organic,ios
2026-06-28 08:14:03,KZN-0051,Казань,visit,,0,organic,ios
2026-06-28 08:15:29,MSK-0207,Москва,visit,,0,organic,android
2026-06-28 08:20:01,EKB-0025,Екатеринбург,visit,,0,ads,android
2026-06-28 08:20:44,SPB-0159,Санкт-Петербург,visit,,0,ads,ios
2026-06-28 08:23:03,EKB-0023,Екатеринбург,product_view,,0,organic,ios
2026-06-28 08:23:18,KZN-0036,Казань,visit,,0,organic,ios
2026-06-28 08:25:22,MSK-0054,Москва,visit,,0,organic,android
2026-06-28 08:26:03,SPB-0001,Санкт-Петербург,product_view,,0,referral,android
2026-06-28 08:28:43,SPB-0193,Санкт-Петербург,visit,,0,organic,web
2026-06-28 08:29:46,MSK-0080,Москва,visit,,0,ads,ios
2026-06-28 08:30:24,EKB-0030,Екатеринбург,product_view,,0,organic,ios
2026-06-28 08:33:13,MSK-0054,Москва,product_view,,0,organic,android
2026-06-28 08:37:11,MSK-0277,Москва,visit,,0,organic,android
2026-06-28 08:38:50,MSK-0207,Москва,product_view,,0,organic,android
2026-06-28 08:40:54,SPB-0220,Санкт-Петербург,visit,,0,organic,ios
2026-06-28 08:45:56,MSK-0054,Москва,product_view,,0,organic,android
2026-06-28 08:46:26,SPB-0159,Санкт-Петербург,product_view,,0,ads,ios
2026-06-28 08:48:59,EKB-0022,Екатеринбург,visit,,0,organic,ios
2026-06-28 08:50:41,MSK-0073,Москва,visit,,0,organic,android
2026-06-28 08:53:45,KZN-0074,Казань,visit,,0,organic,ios
2026-06-28 08:57:22,SPB-0220,Санкт-Петербург,product_view,,0,organic,ios
2026-06-28 08:58:42,EKB-0017,Екатеринбург,visit,,0,organic,web
2026-06-28 09:01:10,KZN-0122,Казань,visit,,0,organic,ios
2026-06-28 09:08:43,KZN-0065,Казань,visit,,0,organic,ios
2026-06-28 09:11:38,EKB-0022,Екатеринбург,product_view,,0,organic,ios
2026-06-28 09:12:58,KZN-0019,Казань,visit,,0,organic,web
2026-06-28 09:13:11,EKB-0017,Екатеринбург,product_view,,0,organic,web
2026-06-28 09:16:16,MSK-0223,Москва,visit,,0,organic,ios
2026-06-28 09:23:50,KZN-0019,Казань,product_view,,0,organic,web
2026-06-28 09:24:08,KZN-0074,Казань,product_view,,0,organic,ios
2026-06-28 09:24:25,KZN-0019,Казань,product_view,,0,organic,web
2026-06-28 09:25:07,SPB-0095,Санкт-Петербург,visit,,0,organic,android
2026-06-28 09:25:50,MSK-0139,Москва,visit,,0,organic,ios
2026-06-28 09:26:41,MSK-0073,Москва,product_view,,0,organic,android
2026-06-28 09:27:48,MSK-0139,Москва,product_view,,0,organic,ios
2026-06-28 09:29:57,EKB-0053,Екатеринбург,visit,,0,organic,android
2026-06-28 09:30:57,EKB-0022,Екатеринбург,product_view,,0,organic,ios
2026-06-28 09:31:43,NSK-0019,Новосибирск,visit,,0,ads,web
2026-06-28 09:41:21,SPB-0019,Санкт-Петербург,visit,,0,ads,android
2026-06-28 09:41:58,MSK-0183,Москва,visit,,0,referral,android
2026-06-28 09:42:53,EKB-0053,Екатеринбург,product_view,,0,organic,android
2026-06-28 09:48:08,MSK-0223,Москва,product_view,,0,organic,ios
2026-06-28 09:50:56,SPB-0012,Санкт-Петербург,visit,,0,organic,android
2026-06-28 09:54:38,SPB-0095,Санкт-Петербург,product_view,,0,organic,android
2026-06-28 09:58:41,SPB-0019,Санкт-Петербург,product_view,,0,ads,android
2026-06-28 09:59:41,SPB-0012,Санкт-Петербург,product_view,,0,organic,android
2026-06-28 10:02:51,MSK-0068,Москва,visit,,0,organic,android
2026-06-28 10:03:39,NSK-0019,Новосибирск,product_view,,0,ads,web
2026-06-28 10:08:51,NSK-0069,Новосибирск,visit,,0,organic,web
2026-06-28 10:13:48,MSK-0068,Москва,product_view,,0,organic,android
2026-06-28 10:15:34,MSK-0068,Москва,product_view,,0,organic,android
2026-06-28 10:18:02,MSK-0200,Москва,visit,,0,organic,ios
2026-06-28 10:25:16,MSK-0259,Москва,visit,,0,organic,android
2026-06-28 10:26:20,MSK-0200,Москва,product_view,,0,organic,ios
2026-06-28 10:27:36,MSK-0259,Москва,product_view,,0,organic,android
2026-06-28 10:30:07,MSK-0013,Москва,visit,,0,ads,web
2026-06-28 10:30:36,MSK-0013,Москва,purchase,ORD-001066,270.00,ads,web
2026-06-28 10:33:15,MSK-0013,Москва,product_view,,0,ads,web
2026-06-28 10:50:50,KZN-0120,Казань,visit,,0,organic,ios
2026-06-28 10:54:22,EKB-0004,Екатеринбург,purchase,ORD-001103,180.00,ads,web
2026-06-28 10:55:20,KZN-0088,Казань,visit,,0,organic,android
2026-06-28 10:57:44,NSK-0100,Новосибирск,visit,,0,ads,android
2026-06-28 11:04:20,MSK-0066,Москва,purchase,ORD-001072,590.00,organic,android
2026-06-28 11:05:40,MSK-0022,Москва,visit,,0,organic,android
2026-06-28 11:07:00,NSK-0100,Новосибирск,product_view,,0,ads,android
2026-06-28 11:07:22,SPB-0007,Санкт-Петербург,visit,,0,organic,web
2026-06-28 11:10:35,MSK-0095,Москва,visit,,0,ads,ios
2026-06-28 11:10:57,KZN-0120,Казань,product_view,,0,organic,ios
2026-06-28 11:12:05,MSK-0095,Москва,product_view,,0,ads,ios
2026-06-28 11:12:06,EKB-0073,Екатеринбург,visit,,0,ads,web
2026-06-28 11:12:43,MSK-0047,Москва,visit,,0,organic,ios
2026-06-28 11:21:24,SPB-0007,Санкт-Петербург,product_view,,0,organic,web
2026-06-28 11:23:43,NSK-0082,Новосибирск,visit,,0,referral,android
2026-06-28 11:24:28,SPB-0090,Санкт-Петербург,visit,,0,organic,android
2026-06-28 11:28:01,SPB-0181,Санкт-Петербург,visit,,0,referral,web
2026-06-28 11:28:44,KZN-0088,Казань,product_view,,0,organic,android
2026-06-28 11:32:06,SPB-0053,Санкт-Петербург,visit,,0,organic,android
2026-06-28 11:35:11,KZN-0025,Казань,purchase,ORD-001097,220.00,organic,android
2026-06-28 11:37:26,MSK-0048,Москва,purchase,ORD-001073,590.00,ads,ios
2026-06-28 11:37:39,SPB-0103,Санкт-Петербург,visit,,0,referral,android
2026-06-28 11:45:09,SPB-0203,Санкт-Петербург,visit,,0,ads,android
2026-06-28 11:46:14,NSK-0015,Новосибирск,visit,,0,organic,web
2026-06-28 11:47:56,KZN-0056,Казань,visit,,0,organic,ios
2026-06-28 11:50:36,MSK-0170,Москва,visit,,0,referral,web
2026-06-28 11:51:04,SPB-0053,Санкт-Петербург,product_view,,0,organic,android
2026-06-28 11:51:08,NSK-0082,Новосибирск,product_view,,0,referral,android
2026-06-28 11:52:06,SPB-0181,Санкт-Петербург,product_view,,0,referral,web
2026-06-28 11:52:15,KZN-0135,Казань,visit,,0,organic,ios
2026-06-28 11:53:08,SPB-0059,Санкт-Петербург,visit,,0,ads,web
2026-06-28 11:54:50,KZN-0135,Казань,product_view,,0,organic,ios
2026-06-28 11:58:54,SPB-0056,Санкт-Петербург,visit,,0,ads,ios
2026-06-28 11:59:56,SPB-0090,Санкт-Петербург,product_view,,0,organic,android
2026-06-28 12:04:32,SPB-0074,Санкт-Петербург,visit,,0,ads,ios
2026-06-28 12:09:08,NSK-0015,Новосибирск,product_view,,0,organic,web
2026-06-28 12:11:48,KZN-0137,Казань,visit,,0,ads,android
2026-06-28 12:17:01,EKB-0057,Екатеринбург,visit,,0,organic,android
2026-06-28 12:17:11,MSK-0170,Москва,product_view,,0,referral,web
2026-06-28 12:17:33,EKB-0030,Екатеринбург,purchase,ORD-001099,290.00,organic,ios
2026-06-28 12:17:48,MSK-0054,Москва,purchase,ORD-001069,880.00,organic,android
2026-06-28 12:20:08,MSK-0050,Москва,purchase,ORD-001075,590.00,organic,ios
2026-06-28 12:30:50,KZN-0014,Казань,visit,,0,organic,android
2026-06-28 12:34:26,MSK-0265,Москва,visit,,0,organic,android
2026-06-28 12:35:23,KZN-0098,Казань,visit,,0,organic,android
2026-06-28 12:37:27,EKB-0096,Екатеринбург,visit,,0,ads,ios
2026-06-28 12:37:43,KZN-0022,Казань,purchase,ORD-001095,960.00,organic,web
2026-06-28 12:41:14,MSK-0132,Москва,visit,,0,referral,android
2026-06-28 12:42:42,EKB-0031,Екатеринбург,visit,,0,organic,ios
2026-06-28 12:44:40,EKB-0057,Екатеринбург,product_view,,0,organic,android
2026-06-28 12:49:26,NSK-0026,Новосибирск,visit,,0,organic,android
2026-06-28 12:53:04,MSK-0009,Москва,visit,,0,organic,ios
2026-06-28 12:55:20,NSK-0013,Новосибирск,visit,,0,ads,web
2026-06-28 12:59:45,KZN-0019,Казань,purchase,ORD-001094,640.00,organic,web
2026-06-28 13:00:56,NSK-0013,Новосибирск,product_view,,0,ads,web
2026-06-28 13:02:46,KZN-0098,Казань,product_view,,0,organic,android
2026-06-28 13:03:51,EKB-0031,Екатеринбург,product_view,,0,organic,ios
2026-06-28 13:05:45,EKB-0096,Екатеринбург,product_view,,0,ads,ios
2026-06-28 13:06:48,KZN-0098,Казань,product_view,,0,organic,android
2026-06-28 13:07:35,MSK-0265,Москва,product_view,,0,organic,android
2026-06-28 13:11:45,KZN-0016,Казань,visit,,0,organic,ios
2026-06-28 13:12:45,EKB-0078,Екатеринбург,visit,,0,referral,android
2026-06-28 13:15:43,KZN-0016,Казань,product_view,,0,organic,ios
2026-06-28 13:16:03,MSK-0009,Москва,product_view,,0,organic,ios
2026-06-28 13:16:16,EKB-0078,Екатеринбург,product_view,,0,referral,android
2026-06-28 13:17:20,SPB-0001,Санкт-Петербург,purchase,ORD-001085,430.00,referral,android
2026-06-28 13:20:14,NSK-0026,Новосибирск,product_view,,0,organic,android
2026-06-28 13:20:52,EKB-0031,Екатеринбург,product_view,,0,organic,ios
2026-06-28 13:23:46,MSK-0036,Москва,visit,,0,organic,ios
2026-06-28 13:27:16,MSK-0117,Москва,visit,,0,organic,ios
2026-06-28 13:27:40,MSK-0036,Москва,product_view,,0,organic,ios
2026-06-28 13:28:16,MSK-0222,Москва,visit,,0,ads,web
2026-06-28 13:30:49,SPB-0140,Санкт-Петербург,visit,,0,ads,web
2026-06-28 13:37:03,SPB-0092,Санкт-Петербург,visit,,0,organic,web
2026-06-28 13:42:06,MSK-0024,Москва,visit,,0,referral,ios
2026-06-28 13:44:20,SPB-0140,Санкт-Петербург,product_view,,0,ads,web
2026-06-28 13:45:00,MSK-0073,Москва,purchase,ORD-001077,360.00,organic,android
2026-06-28 13:50:34,MSK-0117,Москва,product_view,,0,organic,ios
2026-06-28 13:53:38,MSK-0024,Москва,product_view,,0,referral,ios
2026-06-28 13:57:07,SPB-0092,Санкт-Петербург,product_view,,0,organic,web
2026-06-28 13:58:35,MSK-0243,Москва,visit,,0,organic,ios
2026-06-28 13:59:12,NSK-0008,Новосибирск,visit,,0,organic,android
2026-06-28 14:02:32,MSK-0222,Москва,product_view,,0,ads,web
2026-06-28 14:02:42,NSK-0008,Новосибирск,product_view,,0,organic,android
2026-06-28 14:15:34,MSK-0245,Москва,visit,,0,referral,android
2026-06-28 14:17:39,NSK-0037,Новосибирск,visit,,0,organic,android
2026-06-28 14:24:20,NSK-0037,Новосибирск,product_view,,0,organic,android
2026-06-28 14:25:11,NSK-0048,Новосибирск,visit,,0,organic,web
2026-06-28 14:27:36,SPB-0034,Санкт-Петербург,visit,,0,organic,android
2026-06-28 14:29:04,MSK-0029,Москва,visit,,0,ads,ios
2026-06-28 14:30:55,SPB-0007,Санкт-Петербург,purchase,ORD-001086,350.00,organic,web
2026-06-28 14:34:33,SPB-0132,Санкт-Петербург,visit,,0,organic,android
2026-06-28 14:34:35,MSK-0214,Москва,visit,,0,referral,ios
2026-06-28 14:37:43,MSK-0245,Москва,product_view,,0,referral,android
2026-06-28 14:38:46,MSK-0129,Москва,visit,,0,ads,ios
2026-06-28 14:38:58,MSK-0029,Москва,product_view,,0,ads,ios
2026-06-28 14:40:18,SPB-0132,Санкт-Петербург,product_view,,0,organic,android
2026-06-28 14:48:06,KZN-0075,Казань,visit,,0,organic,android
2026-06-28 14:49:35,MSK-0245,Москва,product_view,,0,referral,android
2026-06-28 14:50:17,SPB-0164,Санкт-Петербург,visit,,0,organic,android
2026-06-28 14:50:53,NSK-0048,Новосибирск,product_view,,0,organic,web
2026-06-28 14:50:59,SPB-0022,Санкт-Петербург,visit,,0,organic,ios
2026-06-28 14:52:57,NSK-0023,Новосибирск,visit,,0,organic,ios
2026-06-28 14:53:37,SPB-0112,Санкт-Петербург,visit,,0,organic,ios
2026-06-28 14:54:27,EKB-0030,Екатеринбург,purchase,ORD-001100,370.00,organic,ios
2026-06-28 14:54:48,SPB-0011,Санкт-Петербург,visit,,0,ads,android
2026-06-28 14:58:02,SPB-0026,Санкт-Петербург,visit,,0,organic,android
2026-06-28 15:01:11,SPB-0034,Санкт-Петербург,product_view,,0,organic,android
2026-06-28 15:03:20,NSK-0013,Новосибирск,purchase,ORD-001105,290.00,ads,web
2026-06-28 15:04:52,SPB-0034,Санкт-Петербург,purchase,ORD-001083,860.00,organic,android
2026-06-28 15:08:44,EKB-0019,Екатеринбург,visit,,0,ads,android
2026-06-28 15:09:05,SPB-0022,Санкт-Петербург,product_view,,0,organic,ios
2026-06-28 15:10:23,KZN-0016,Казань,purchase,ORD-001096,960.00,organic,ios
2026-06-28 15:13:39,SPB-0014,Санкт-Петербург,purchase,ORD-001088,270.00,organic,web
2026-06-28 15:14:19,MSK-0005,Москва,visit,,0,referral,ios
2026-06-28 15:14:36,KZN-0075,Казань,product_view,,0,organic,android
2026-06-28 15:16:30,SPB-0034,Санкт-Петербург,purchase,ORD-001082,310.00,organic,android
2026-06-28 15:17:50,SPB-0164,Санкт-Петербург,product_view,,0,organic,android
2026-06-28 15:19:46,SPB-0206,Санкт-Петербург,visit,,0,organic,ios
2026-06-28 15:25:47,NSK-0023,Новосибирск,product_view,,0,organic,ios
2026-06-28 15:27:45,NSK-0013,Новосибирск,purchase,ORD-001106,690.00,ads,web
2026-06-28 15:28:12,MSK-0024,Москва,purchase,ORD-001070,360.00,referral,ios
2026-06-28 15:28:13,NSK-0079,Новосибирск,visit,,0,ads,ios
2026-06-28 15:28:32,NSK-0036,Новосибирск,visit,,0,organic,ios
2026-06-28 15:35:45,KZN-0022,Казань,visit,,0,organic,web
2026-06-28 15:37:54,MSK-0115,Москва,visit,,0,referral,android
2026-06-28 15:38:39,EKB-0019,Екатеринбург,product_view,,0,ads,android
2026-06-28 15:41:38,SPB-0014,Санкт-Петербург,visit,,0,organic,web
2026-06-28 15:44:19,MSK-0021,Москва,visit,,0,organic,android
2026-06-28 15:47:57,NSK-0079,Новосибирск,product_view,,0,ads,ios
2026-06-28 15:49:49,MSK-0021,Москва,product_view,,0,organic,android
2026-06-28 15:50:49,MSK-0153,Москва,visit,,0,organic,web
2026-06-28 15:51:08,SPB-0021,Санкт-Петербург,visit,,0,organic,android
2026-06-28 15:52:05,NSK-0019,Новосибирск,purchase,ORD-001111,920.00,ads,web
2026-06-28 15:55:58,SPB-0021,Санкт-Петербург,product_view,,0,organic,android
2026-06-28 15:56:25,SPB-0023,Санкт-Петербург,visit,,0,organic,ios
2026-06-28 15:58:07,MSK-0083,Москва,visit,,0,ads,android
2026-06-28 15:59:18,SPB-0053,Санкт-Петербург,purchase,ORD-001078,220.00,organic,android
2026-06-28 16:00:50,EKB-0003,Екатеринбург,visit,,0,organic,android
2026-06-28 16:03:07,MSK-0116,Москва,visit,,0,organic,android
2026-06-28 16:03:47,NSK-0036,Новосибирск,product_view,,0,organic,ios
2026-06-28 16:04:45,KZN-0022,Казань,product_view,,0,organic,web
2026-06-28 16:04:54,NSK-0036,Новосибирск,product_view,,0,organic,ios
2026-06-28 16:05:00,SPB-0186,Санкт-Петербург,visit,,0,organic,android
2026-06-28 16:07:38,SPB-0021,Санкт-Петербург,product_view,,0,organic,android
2026-06-28 16:07:41,SPB-0014,Санкт-Петербург,product_view,,0,organic,web
2026-06-28 16:10:09,KZN-0022,Казань,product_view,,0,organic,web
2026-06-28 16:11:04,MSK-0253,Москва,visit,,0,ads,web
2026-06-28 16:13:17,SPB-0023,Санкт-Петербург,product_view,,0,organic,ios
2026-06-28 16:16:59,MSK-0020,Москва,visit,,0,ads,android
2026-06-28 16:19:31,MSK-0116,Москва,product_view,,0,organic,android
2026-06-28 16:22:34,MSK-0068,Москва,purchase,ORD-001068,760.00,organic,android
2026-06-28 16:22:48,SPB-0014,Санкт-Петербург,product_view,,0,organic,web
2026-06-28 16:24:48,NSK-0028,Новосибирск,visit,,0,organic,android
2026-06-28 16:24:54,MSK-0048,Москва,visit,,0,ads,ios
2026-06-28 16:26:21,MSK-0020,Москва,product_view,,0,ads,android
2026-06-28 16:27:29,SPB-0186,Санкт-Петербург,product_view,,0,organic,android
2026-06-28 16:29:08,MSK-0083,Москва,product_view,,0,ads,android
2026-06-28 16:35:29,SPB-0035,Санкт-Петербург,visit,,0,ads,ios
2026-06-28 16:36:09,KZN-0057,Казань,visit,,0,ads,android
2026-06-28 16:37:31,MSK-0253,Москва,product_view,,0,ads,web
2026-06-28 16:38:08,MSK-0048,Москва,product_view,,0,ads,ios
2026-06-28 16:38:38,EKB-0091,Екатеринбург,visit,,0,ads,android
2026-06-28 16:38:49,MSK-0050,Москва,visit,,0,organic,ios
2026-06-28 16:39:41,SPB-0176,Санкт-Петербург,visit,,0,organic,ios
2026-06-28 16:43:00,SPB-0039,Санкт-Петербург,visit,,0,organic,web
2026-06-28 16:44:28,SPB-0053,Санкт-Петербург,purchase,ORD-001079,180.00,organic,android
2026-06-28 16:46:37,SPB-0072,Санкт-Петербург,visit,,0,organic,ios
2026-06-28 16:47:43,KZN-0005,Казань,visit,,0,ads,ios
2026-06-28 16:47:46,NSK-0028,Новосибирск,product_view,,0,organic,android
2026-06-28 16:50:32,MSK-0048,Москва,product_view,,0,ads,ios
2026-06-28 16:55:43,NSK-0046,Новосибирск,visit,,0,organic,android
2026-06-28 16:55:52,KZN-0025,Казань,visit,,0,organic,android
2026-06-28 17:02:17,MSK-0050,Москва,product_view,,0,organic,ios
2026-06-28 17:03:08,KZN-0052,Казань,visit,,0,organic,android
2026-06-28 17:03:38,KZN-0057,Казань,product_view,,0,ads,android
2026-06-28 17:03:54,KZN-0005,Казань,product_view,,0,ads,ios
2026-06-28 17:07:54,MSK-0184,Москва,visit,,0,organic,web
2026-06-28 17:08:42,MSK-0066,Москва,visit,,0,organic,android
2026-06-28 17:09:59,SPB-0176,Санкт-Петербург,product_view,,0,organic,ios
2026-06-28 17:10:03,KZN-0011,Казань,visit,,0,ads,android
2026-06-28 17:10:25,EKB-0038,Екатеринбург,visit,,0,organic,web
2026-06-28 17:12:38,KZN-0005,Казань,product_view,,0,ads,ios
2026-06-28 17:13:31,KZN-0011,Казань,product_view,,0,ads,android
2026-06-28 17:15:57,KZN-0025,Казань,product_view,,0,organic,android
2026-06-28 17:16:30,SPB-0049,Санкт-Петербург,visit,,0,organic,ios
2026-06-28 17:17:37,MSK-0210,Москва,visit,,0,organic,ios
2026-06-28 17:18:09,EKB-0055,Екатеринбург,visit,,0,referral,ios
2026-06-28 17:21:21,MSK-0003,Москва,visit,,0,referral,android
2026-06-28 17:22:01,SPB-0049,Санкт-Петербург,product_view,,0,organic,ios
2026-06-28 17:23:57,MSK-0156,Москва,visit,,0,ads,android
2026-06-28 17:25:06,MSK-0066,Москва,product_view,,0,organic,android
2026-06-28 17:27:56,MSK-0066,Москва,product_view,,0,organic,android
2026-06-28 17:28:09,MSK-0261,Москва,visit,,0,organic,web
2026-06-28 17:31:15,KZN-0052,Казань,product_view,,0,organic,android
2026-06-28 17:34:02,SPB-0071,Санкт-Петербург,visit,,0,referral,android
2026-06-28 17:34:33,SPB-0212,Санкт-Петербург,visit,,0,organic,android
2026-06-28 17:35:50,EKB-0055,Екатеринбург,product_view,,0,referral,ios
2026-06-28 17:36:52,SPB-0021,Санкт-Петербург,purchase,ORD-001081,390.00,organic,android
2026-06-28 17:38:21,EKB-0014,Екатеринбург,purchase,ORD-001102,220.00,organic,android
2026-06-28 17:41:20,NSK-0065,Новосибирск,visit,,0,organic,android
2026-06-28 17:45:06,SPB-0086,Санкт-Петербург,visit,,0,referral,android
2026-06-28 17:45:15,MSK-0021,Москва,purchase,ORD-001065,670.00,organic,android
2026-06-28 17:48:12,SPB-0155,Санкт-Петербург,visit,,0,ads,android
2026-06-28 17:49:31,NSK-0062,Новосибирск,visit,,0,organic,android
2026-06-28 17:49:52,MSK-0003,Москва,product_view,,0,referral,android
2026-06-28 17:53:40,MSK-0109,Москва,visit,,0,ads,android
2026-06-28 17:57:47,KZN-0118,Казань,visit,,0,referral,android
2026-06-28 17:58:10,SPB-0075,Санкт-Петербург,visit,,0,organic,android
2026-06-28 17:58:59,EKB-0007,Екатеринбург,visit,,0,organic,android
2026-06-28 18:00:29,MSK-0059,Москва,visit,,0,organic,ios
2026-06-28 18:01:32,SPB-0015,Санкт-Петербург,visit,,0,organic,android
2026-06-28 18:02:14,MSK-0246,Москва,visit,,0,ads,ios
2026-06-28 18:03:37,NSK-0019,Новосибирск,purchase,ORD-001110,250.00,ads,web
2026-06-28 18:05:20,MSK-0059,Москва,product_view,,0,organic,ios
2026-06-28 18:07:45,MSK-0169,Москва,visit,,0,organic,android
2026-06-28 18:08:34,EKB-0061,Екатеринбург,visit,,0,ads,android
2026-06-28 18:10:18,MSK-0109,Москва,product_view,,0,ads,android
2026-06-28 18:10:31,EKB-0014,Екатеринбург,visit,,0,organic,android
2026-06-28 18:12:57,SPB-0086,Санкт-Петербург,product_view,,0,referral,android
2026-06-28 18:13:58,MSK-0082,Москва,visit,,0,organic,android
2026-06-28 18:14:25,EKB-0004,Екатеринбург,visit,,0,ads,web
2026-06-28 18:16:26,KZN-0110,Казань,visit,,0,ads,web
2026-06-28 18:16:27,KZN-0026,Казань,visit,,0,organic,android
2026-06-28 18:19:40,MSK-0169,Москва,product_view,,0,organic,android
2026-06-28 18:19:47,EKB-0004,Екатеринбург,product_view,,0,ads,web
2026-06-28 18:20:41,KZN-0133,Казань,visit,,0,referral,android
2026-06-28 18:25:32,MSK-0007,Москва,visit,,0,organic,ios
2026-06-28 18:25:55,MSK-0127,Москва,visit,,0,ads,web
2026-06-28 18:27:18,SPB-0015,Санкт-Петербург,product_view,,0,organic,android
2026-06-28 18:28:37,EKB-0007,Екатеринбург,product_view,,0,organic,android
2026-06-28 18:32:15,MSK-0246,Москва,product_view,,0,ads,ios
2026-06-28 18:32:25,MSK-0059,Москва,product_view,,0,organic,ios
2026-06-28 18:33:14,KZN-0034,Казань,visit,,0,referral,web
2026-06-28 18:33:42,EKB-0014,Екатеринбург,product_view,,0,organic,android
2026-06-28 18:34:37,MSK-0082,Москва,product_view,,0,organic,android
2026-06-28 18:34:38,EKB-0022,Екатеринбург,purchase,ORD-001101,1080.00,organic,ios
2026-06-28 18:35:46,MSK-0127,Москва,product_view,,0,ads,web
2026-06-28 18:35:51,EKB-0014,Екатеринбург,product_view,,0,organic,android
2026-06-28 18:36:04,NSK-0035,Новосибирск,visit,,0,ads,ios
2026-06-28 18:37:20,MSK-0070,Москва,visit,,0,organic,android
2026-06-28 18:39:21,MSK-0070,Москва,product_view,,0,organic,android
2026-06-28 18:39:54,KZN-0110,Казань,product_view,,0,ads,web
2026-06-28 18:40:12,SPB-0021,Санкт-Петербург,purchase,ORD-001080,350.00,organic,android
2026-06-28 18:40:48,MSK-0197,Москва,visit,,0,ads,android
2026-06-28 18:42:18,MSK-0073,Москва,purchase,ORD-001076,190.00,organic,android
2026-06-28 18:42:29,KZN-0005,Казань,purchase,ORD-001092,720.00,ads,ios
2026-06-28 18:43:29,MSK-0122,Москва,visit,,0,organic,android
2026-06-28 18:46:01,MSK-0122,Москва,product_view,,0,organic,android
2026-06-28 18:50:27,MSK-0007,Москва,product_view,,0,organic,ios
2026-06-28 18:51:10,EKB-0019,Екатеринбург,purchase,ORD-001098,710.00,ads,android
2026-06-28 18:51:16,SPB-0023,Санкт-Петербург,purchase,ORD-001089,270.00,organic,ios
2026-06-28 18:51:17,MSK-0114,Москва,visit,,0,organic,android
2026-06-28 18:51:43,SPB-0032,Санкт-Петербург,visit,,0,organic,android
2026-06-28 18:51:56,MSK-0169,Москва,product_view,,0,organic,android
2026-06-28 18:52:49,NSK-0080,Новосибирск,visit,,0,ads,ios
2026-06-28 18:52:57,MSK-0075,Москва,visit,,0,referral,android
2026-06-28 18:59:23,NSK-0080,Новосибирск,product_view,,0,ads,ios
2026-06-28 19:01:02,MSK-0122,Москва,product_view,,0,organic,android
2026-06-28 19:01:41,MSK-0075,Москва,product_view,,0,referral,android
2026-06-28 19:01:47,MSK-0197,Москва,product_view,,0,ads,android
2026-06-28 19:04:27,KZN-0034,Казань,product_view,,0,referral,web
2026-06-28 19:10:22,SPB-0019,Санкт-Петербург,purchase,ORD-001084,430.00,ads,android
2026-06-28 19:10:35,NSK-0080,Новосибирск,product_view,,0,ads,ios
2026-06-28 19:12:54,NSK-0035,Новосибирск,product_view,,0,ads,ios
2026-06-28 19:17:32,MSK-0020,Москва,purchase,ORD-001071,880.00,ads,android
2026-06-28 19:27:43,MSK-0114,Москва,product_view,,0,organic,android
2026-06-28 19:38:28,SPB-0014,Санкт-Петербург,purchase,ORD-001087,390.00,organic,web
2026-06-28 19:50:40,KZN-0005,Казань,purchase,ORD-001091,300.00,ads,ios
2026-06-28 20:01:27,NSK-0015,Новосибирск,purchase,ORD-001108,250.00,organic,web
2026-06-28 20:08:27,SPB-0023,Санкт-Петербург,purchase,ORD-001090,980.00,organic,ios
2026-06-28 20:16:43,KZN-0011,Казань,purchase,ORD-001093,720.00,ads,android
2026-06-28 20:55:45,MSK-0068,Москва,purchase,ORD-001067,230.00,organic,android
2026-06-28 20:57:19,NSK-0008,Новосибирск,purchase,ORD-001107,690.00,organic,android
2026-06-28 21:25:51,MSK-0059,Москва,purchase,ORD-001064,1010.00,organic,ios
2026-06-28 21:49:51,NSK-0015,Новосибирск,purchase,ORD-001109,920.00,organic,web
2026-06-28 22:10:55,EKB-0004,Екатеринбург,purchase,ORD-001104,820.00,ads,web
2026-06-28 22:13:57,MSK-0048,Москва,purchase,ORD-001074,590.00,ads,ios
2026-06-29 02:29:30,TEST-KZN-0029,Казань,purchase,TEST-00029,140.00,test,web
2026-06-29 02:59:44,TEST-KZN-0059,Казань,purchase,TEST-00059,140.00,test,android
2026-06-29 03:29:42,TEST-KZN-0089,Казань,purchase,TEST-00089,140.00,test,android
2026-06-29 03:59:20,TEST-KZN-0119,Казань,purchase,TEST-00119,140.00,test,android
2026-06-29 08:00:07,NSK-0069,Новосибирск,visit,,0,organic,web
2026-06-29 08:06:23,MSK-0103,Москва,visit,,0,ads,android
2026-06-29 08:08:17,MSK-0200,Москва,visit,,0,organic,ios
2026-06-29 08:09:45,KZN-0034,Казань,visit,,0,referral,web
2026-06-29 08:12:25,SPB-0144,Санкт-Петербург,visit,,0,organic,web
2026-06-29 08:19:00,EKB-0023,Екатеринбург,visit,,0,organic,ios
2026-06-29 08:19:17,SPB-0144,Санкт-Петербург,product_view,,0,organic,web
2026-06-29 08:22:46,SPB-0023,Санкт-Петербург,visit,,0,organic,ios
2026-06-29 08:25:20,MSK-0177,Москва,visit,,0,organic,ios
2026-06-29 08:27:16,MSK-0080,Москва,visit,,0,ads,ios
2026-06-29 08:30:45,MSK-0200,Москва,product_view,,0,organic,ios
2026-06-29 08:33:42,KZN-0034,Казань,product_view,,0,referral,web
2026-06-29 08:35:10,KZN-0051,Казань,visit,,0,organic,ios
2026-06-29 08:45:29,EKB-0023,Екатеринбург,product_view,,0,organic,ios
2026-06-29 08:46:55,SPB-0063,Санкт-Петербург,visit,,0,organic,android
2026-06-29 08:47:22,SPB-0023,Санкт-Петербург,product_view,,0,organic,ios
2026-06-29 08:51:08,KZN-0034,Казань,product_view,,0,referral,web
2026-06-29 08:52:37,SPB-0071,Санкт-Петербург,visit,,0,referral,android
2026-06-29 08:54:19,EKB-0023,Екатеринбург,product_view,,0,organic,ios
2026-06-29 08:56:09,MSK-0042,Москва,visit,,0,organic,web
2026-06-29 08:57:52,SPB-0070,Санкт-Петербург,visit,,0,referral,android
2026-06-29 09:01:53,SPB-0193,Санкт-Петербург,visit,,0,organic,web
2026-06-29 09:05:03,SPB-0225,Санкт-Петербург,visit,,0,ads,web
2026-06-29 09:06:11,SPB-0021,Санкт-Петербург,visit,,0,organic,android
2026-06-29 09:06:43,EKB-0073,Екатеринбург,visit,,0,ads,web
2026-06-29 09:07:18,KZN-0014,Казань,visit,,0,organic,android
2026-06-29 09:07:18,EKB-0019,Екатеринбург,visit,,0,ads,android
2026-06-29 09:11:56,KZN-0097,Казань,visit,,0,ads,ios
2026-06-29 09:12:10,MSK-0131,Москва,visit,,0,ads,ios
2026-06-29 09:14:06,MSK-0084,Москва,visit,,0,ads,ios
2026-06-29 09:17:01,KZN-0014,Казань,product_view,,0,organic,android
2026-06-29 09:18:15,SPB-0021,Санкт-Петербург,product_view,,0,organic,android
2026-06-29 09:20:38,KZN-0010,Казань,visit,,0,ads,android
2026-06-29 09:24:40,KZN-0126,Казань,visit,,0,organic,ios
2026-06-29 09:25:20,SPB-0193,Санкт-Петербург,product_view,,0,organic,web
2026-06-29 09:25:26,MSK-0057,Москва,visit,,0,referral,android
2026-06-29 09:25:50,KZN-0010,Казань,product_view,,0,ads,android
2026-06-29 09:30:52,MSK-0196,Москва,visit,,0,organic,android
2026-06-29 09:31:08,EKB-0008,Екатеринбург,visit,,0,organic,android
2026-06-29 09:31:19,SPB-0193,Санкт-Петербург,product_view,,0,organic,web
2026-06-29 09:31:36,MSK-0042,Москва,product_view,,0,organic,web
2026-06-29 09:36:53,NSK-0039,Новосибирск,visit,,0,organic,android
2026-06-29 09:37:06,SPB-0021,Санкт-Петербург,product_view,,0,organic,android
2026-06-29 09:38:40,NSK-0039,Новосибирск,product_view,,0,organic,android
2026-06-29 09:41:54,MSK-0131,Москва,product_view,,0,ads,ios
2026-06-29 09:44:07,MSK-0057,Москва,product_view,,0,referral,android
2026-06-29 09:48:36,SPB-0107,Санкт-Петербург,visit,,0,referral,ios
2026-06-29 09:50:20,MSK-0057,Москва,product_view,,0,referral,android
2026-06-29 09:52:08,MSK-0196,Москва,product_view,,0,organic,android
2026-06-29 09:55:59,MSK-0143,Москва,visit,,0,organic,ios
2026-06-29 09:59:09,MSK-0143,Москва,product_view,,0,organic,ios
2026-06-29 10:00:21,EKB-0008,Екатеринбург,product_view,,0,organic,android
2026-06-29 10:05:09,KZN-0125,Казань,visit,,0,organic,android
2026-06-29 10:14:56,MSK-0046,Москва,visit,,0,ads,android
2026-06-29 10:16:03,EKB-0012,Екатеринбург,purchase,ORD-001143,370.00,referral,android
2026-06-29 10:18:26,SPB-0046,Санкт-Петербург,purchase,ORD-001128,430.00,organic,android
2026-06-29 10:22:23,SPB-0207,Санкт-Петербург,visit,,0,organic,android
2026-06-29 10:23:09,NSK-0011,Новосибирск,purchase,ORD-001149,1060.00,organic,ios
2026-06-29 10:24:02,MSK-0046,Москва,product_view,,0,ads,android
2026-06-29 10:24:30,SPB-0178,Санкт-Петербург,visit,,0,referral,web
2026-06-29 10:32:46,NSK-0008,Новосибирск,visit,,0,organic,android
2026-06-29 10:33:19,NSK-0076,Новосибирск,visit,,0,ads,ios
2026-06-29 10:37:56,SPB-0131,Санкт-Петербург,visit,,0,organic,ios
2026-06-29 10:39:23,NSK-0076,Новосибирск,product_view,,0,ads,ios
2026-06-29 10:39:45,SPB-0018,Санкт-Петербург,visit,,0,organic,web
2026-06-29 10:42:45,SPB-0207,Санкт-Петербург,product_view,,0,organic,android
2026-06-29 10:43:35,MSK-0063,Москва,visit,,0,organic,web
2026-06-29 10:45:44,NSK-0008,Новосибирск,product_view,,0,organic,android
2026-06-29 10:49:35,SPB-0131,Санкт-Петербург,product_view,,0,organic,ios
2026-06-29 10:49:55,SPB-0135,Санкт-Петербург,visit,,0,referral,android
2026-06-29 10:54:50,MSK-0046,Москва,product_view,,0,ads,android
2026-06-29 10:56:22,MSK-0063,Москва,product_view,,0,organic,web
2026-06-29 10:56:39,SPB-0024,Санкт-Петербург,visit,,0,ads,ios
2026-06-29 11:03:20,SPB-0182,Санкт-Петербург,visit,,0,referral,android
2026-06-29 11:03:38,MSK-0024,Москва,purchase,ORD-001121,360.00,referral,ios
2026-06-29 11:19:09,MSK-0044,Москва,visit,,0,organic,ios
2026-06-29 11:23:24,MSK-0008,Москва,visit,,0,organic,android
2026-06-29 11:23:41,EKB-0054,Екатеринбург,visit,,0,organic,android
2026-06-29 11:27:54,MSK-0142,Москва,visit,,0,organic,android
2026-06-29 11:29:19,EKB-0054,Екатеринбург,product_view,,0,organic,android
2026-06-29 11:31:15,EKB-0078,Екатеринбург,visit,,0,referral,android
2026-06-29 11:36:52,KZN-0028,Казань,visit,,0,organic,web
2026-06-29 11:46:34,KZN-0004,Казань,visit,,0,organic,android
2026-06-29 11:48:12,KZN-0023,Казань,visit,,0,organic,web
2026-06-29 11:48:14,KZN-0028,Казань,product_view,,0,organic,web
2026-06-29 11:49:48,KZN-0004,Казань,product_view,,0,organic,android
2026-06-29 11:57:01,MSK-0008,Москва,product_view,,0,organic,android
2026-06-29 12:00:09,SPB-0023,Санкт-Петербург,purchase,ORD-001135,860.00,organic,ios
2026-06-29 12:02:59,MSK-0093,Москва,visit,,0,organic,web
2026-06-29 12:03:45,MSK-0245,Москва,visit,,0,referral,android
2026-06-29 12:03:53,MSK-0142,Москва,product_view,,0,organic,android
2026-06-29 12:04:39,MSK-0117,Москва,visit,,0,organic,ios
2026-06-29 12:06:39,SPB-0031,Санкт-Петербург,purchase,ORD-001133,730.00,ads,android
2026-06-29 12:06:50,KZN-0028,Казань,product_view,,0,organic,web
2026-06-29 12:08:26,MSK-0064,Москва,visit,,0,ads,ios
2026-06-29 12:08:42,KZN-0004,Казань,product_view,,0,organic,android
2026-06-29 12:15:29,SPB-0031,Санкт-Петербург,purchase,ORD-001134,310.00,ads,android
2026-06-29 12:16:50,MSK-0068,Москва,purchase,ORD-001118,760.00,organic,android
2026-06-29 12:18:41,KZN-0007,Казань,purchase,ORD-001138,340.00,ads,android
2026-06-29 12:19:04,MSK-0009,Москва,visit,,0,organic,ios
2026-06-29 12:19:09,MSK-0064,Москва,product_view,,0,ads,ios
2026-06-29 12:19:44,MSK-0024,Москва,visit,,0,referral,ios
2026-06-29 12:20:01,MSK-0245,Москва,product_view,,0,referral,android
2026-06-29 12:23:31,SPB-0037,Санкт-Петербург,visit,,0,referral,web
2026-06-29 12:23:51,SPB-0027,Санкт-Петербург,visit,,0,organic,android
2026-06-29 12:28:20,MSK-0226,Москва,visit,,0,organic,ios
2026-06-29 12:29:41,NSK-0003,Новосибирск,visit,,0,ads,ios
2026-06-29 12:37:25,MSK-0119,Москва,visit,,0,organic,ios
2026-06-29 12:37:42,MSK-0093,Москва,product_view,,0,organic,web
2026-06-29 12:38:32,NSK-0003,Новосибирск,product_view,,0,ads,ios
2026-06-29 12:41:37,KZN-0062,Казань,visit,,0,organic,ios
2026-06-29 12:42:45,MSK-0024,Москва,product_view,,0,referral,ios
2026-06-29 12:42:51,MSK-0064,Москва,product_view,,0,ads,ios
2026-06-29 12:47:26,SPB-0037,Санкт-Петербург,product_view,,0,referral,web
2026-06-29 12:47:40,MSK-0181,Москва,visit,,0,ads,ios
2026-06-29 12:47:54,MSK-0009,Москва,product_view,,0,organic,ios
2026-06-29 12:49:57,SPB-0027,Санкт-Петербург,product_view,,0,organic,android
2026-06-29 12:51:43,SPB-0037,Санкт-Петербург,product_view,,0,referral,web
2026-06-29 12:52:10,NSK-0012,Новосибирск,visit,,0,organic,android
2026-06-29 12:53:32,NSK-0019,Новосибирск,visit,,0,ads,web
2026-06-29 12:54:14,MSK-0119,Москва,product_view,,0,organic,ios
2026-06-29 13:00:44,NSK-0048,Новосибирск,visit,,0,organic,web
2026-06-29 13:02:05,KZN-0062,Казань,product_view,,0,organic,ios
2026-06-29 13:03:40,KZN-0062,Казань,product_view,,0,organic,ios
2026-06-29 13:04:09,MSK-0181,Москва,product_view,,0,ads,ios
2026-06-29 13:04:10,MSK-0061,Москва,purchase,ORD-001125,590.00,organic,android
2026-06-29 13:06:49,KZN-0005,Казань,visit,,0,ads,ios
2026-06-29 13:07:23,KZN-0114,Казань,visit,,0,organic,ios
2026-06-29 13:08:06,MSK-0029,Москва,purchase,ORD-001112,670.00,ads,ios
2026-06-29 13:09:54,NSK-0012,Новосибирск,product_view,,0,organic,android
2026-06-29 13:10:09,SPB-0202,Санкт-Петербург,visit,,0,organic,android
2026-06-29 13:10:33,KZN-0005,Казань,product_view,,0,ads,ios
2026-06-29 13:12:45,EKB-0007,Екатеринбург,visit,,0,organic,android
2026-06-29 13:14:37,MSK-0181,Москва,product_view,,0,ads,ios
2026-06-29 13:14:40,SPB-0202,Санкт-Петербург,product_view,,0,organic,android
2026-06-29 13:22:09,SPB-0017,Санкт-Петербург,visit,,0,organic,web
2026-06-29 13:22:32,KZN-0005,Казань,product_view,,0,ads,ios
2026-06-29 13:23:28,NSK-0019,Новосибирск,product_view,,0,ads,web
2026-06-29 13:25:03,KZN-0022,Казань,visit,,0,organic,web
2026-06-29 13:27:06,MSK-0053,Москва,purchase,ORD-001114,270.00,organic,ios
2026-06-29 13:36:23,KZN-0030,Казань,purchase,ORD-001136,220.00,ads,android
2026-06-29 13:39:05,EKB-0007,Екатеринбург,product_view,,0,organic,android
2026-06-29 13:39:56,SPB-0202,Санкт-Петербург,product_view,,0,organic,android
2026-06-29 13:45:02,SPB-0077,Санкт-Петербург,visit,,0,organic,web
2026-06-29 13:46:21,MSK-0012,Москва,visit,,0,ads,ios
2026-06-29 13:49:03,SPB-0077,Санкт-Петербург,product_view,,0,organic,web
2026-06-29 13:49:29,KZN-0106,Казань,visit,,0,organic,ios
2026-06-29 13:50:47,MSK-0046,Москва,purchase,ORD-001123,670.00,ads,android
2026-06-29 13:52:09,KZN-0106,Казань,product_view,,0,organic,ios
2026-06-29 13:52:11,SPB-0013,Санкт-Петербург,visit,,0,organic,web
2026-06-29 13:53:04,KZN-0022,Казань,product_view,,0,organic,web
2026-06-29 13:56:32,SPB-0013,Санкт-Петербург,product_view,,0,organic,web
2026-06-29 13:58:51,SPB-0033,Санкт-Петербург,visit,,0,ads,ios
2026-06-29 13:59:21,MSK-0066,Москва,visit,,0,organic,android
2026-06-29 13:59:34,KZN-0007,Казань,visit,,0,ads,android
2026-06-29 14:08:30,MSK-0012,Москва,product_view,,0,ads,ios
2026-06-29 14:09:12,KZN-0034,Казань,purchase,ORD-001140,260.00,referral,web
2026-06-29 14:13:06,SPB-0033,Санкт-Петербург,product_view,,0,ads,ios
2026-06-29 14:14:09,EKB-0033,Екатеринбург,visit,,0,ads,ios
2026-06-29 14:17:03,MSK-0066,Москва,product_view,,0,organic,android
2026-06-29 14:28:18,MSK-0028,Москва,purchase,ORD-001115,1010.00,referral,android
2026-06-29 14:29:55,KZN-0007,Казань,product_view,,0,ads,android
2026-06-29 14:33:31,KZN-0007,Казань,product_view,,0,ads,android
2026-06-29 14:35:48,MSK-0029,Москва,visit,,0,ads,ios
2026-06-29 14:46:49,MSK-0198,Москва,visit,,0,organic,android
2026-06-29 14:47:59,MSK-0223,Москва,visit,,0,organic,ios
2026-06-29 14:48:18,EKB-0023,Екатеринбург,purchase,ORD-001147,290.00,organic,ios
2026-06-29 14:48:24,MSK-0029,Москва,product_view,,0,ads,ios
2026-06-29 14:51:18,MSK-0297,Москва,visit,,0,ads,android
2026-06-29 14:53:59,EKB-0020,Екатеринбург,visit,,0,ads,ios
2026-06-29 14:54:33,MSK-0029,Москва,product_view,,0,ads,ios
2026-06-29 14:57:41,MSK-0205,Москва,visit,,0,organic,ios
2026-06-29 14:58:43,MSK-0057,Москва,purchase,ORD-001113,670.00,referral,android
2026-06-29 15:05:15,MSK-0297,Москва,product_view,,0,ads,android
2026-06-29 15:07:34,KZN-0071,Казань,visit,,0,organic,android
2026-06-29 15:12:21,KZN-0042,Казань,visit,,0,organic,ios
2026-06-29 15:14:03,KZN-0071,Казань,product_view,,0,organic,android
2026-06-29 15:15:08,NSK-0014,Новосибирск,visit,,0,organic,ios
2026-06-29 15:16:39,EKB-0020,Екатеринбург,product_view,,0,ads,ios
2026-06-29 15:17:20,MSK-0061,Москва,visit,,0,organic,android
2026-06-29 15:17:33,MSK-0198,Москва,product_view,,0,organic,android
2026-06-29 15:20:07,KZN-0022,Казань,purchase,ORD-001142,560.00,organic,web
2026-06-29 15:20:59,MSK-0028,Москва,purchase,ORD-001116,400.00,referral,android
2026-06-29 15:24:02,KZN-0042,Казань,product_view,,0,organic,ios
2026-06-29 15:27:38,SPB-0065,Санкт-Петербург,visit,,0,referral,web
2026-06-29 15:30:45,SPB-0046,Санкт-Петербург,visit,,0,organic,android
2026-06-29 15:30:53,MSK-0010,Москва,visit,,0,ads,android
2026-06-29 15:34:45,MSK-0037,Москва,visit,,0,ads,android
2026-06-29 15:36:05,KZN-0030,Казань,visit,,0,ads,android
2026-06-29 15:37:20,MSK-0216,Москва,visit,,0,ads,android
2026-06-29 15:39:07,MSK-0216,Москва,product_view,,0,ads,android
2026-06-29 15:41:43,SPB-0146,Санкт-Петербург,visit,,0,organic,android
2026-06-29 15:43:44,SPB-0046,Санкт-Петербург,product_view,,0,organic,android
2026-06-29 15:44:04,SPB-0108,Санкт-Петербург,visit,,0,organic,android
2026-06-29 15:47:17,SPB-0108,Санкт-Петербург,product_view,,0,organic,android
2026-06-29 15:49:42,MSK-0061,Москва,product_view,,0,organic,android
2026-06-29 15:54:19,KZN-0030,Казань,product_view,,0,ads,android
2026-06-29 15:57:35,SPB-0065,Санкт-Петербург,product_view,,0,referral,web
2026-06-29 15:57:50,MSK-0037,Москва,product_view,,0,ads,android
2026-06-29 15:58:36,SPB-0108,Санкт-Петербург,product_view,,0,organic,android
2026-06-29 15:59:48,SPB-0186,Санкт-Петербург,visit,,0,organic,android
2026-06-29 16:02:39,MSK-0061,Москва,product_view,,0,organic,android
2026-06-29 16:03:10,NSK-0012,Новосибирск,purchase,ORD-001152,210.00,organic,android
2026-06-29 16:03:11,EKB-0057,Екатеринбург,visit,,0,organic,android
2026-06-29 16:06:13,KZN-0070,Казань,visit,,0,ads,android
2026-06-29 16:08:47,SPB-0002,Санкт-Петербург,visit,,0,referral,android
2026-06-29 16:10:01,SPB-0002,Санкт-Петербург,product_view,,0,referral,android
2026-06-29 16:10:23,SPB-0186,Санкт-Петербург,product_view,,0,organic,android
2026-06-29 16:12:24,NSK-0015,Новосибирск,visit,,0,organic,web
2026-06-29 16:14:55,MSK-0028,Москва,visit,,0,referral,android
2026-06-29 16:19:12,NSK-0008,Новосибирск,purchase,ORD-001150,360.00,organic,android
2026-06-29 16:19:14,SPB-0125,Санкт-Петербург,visit,,0,organic,android
2026-06-29 16:22:37,SPB-0125,Санкт-Петербург,product_view,,0,organic,android
2026-06-29 16:23:24,EKB-0017,Екатеринбург,visit,,0,organic,web
2026-06-29 16:26:53,MSK-0170,Москва,visit,,0,referral,web
2026-06-29 16:27:15,EKB-0017,Екатеринбург,product_view,,0,organic,web
2026-06-29 16:28:52,MSK-0028,Москва,product_view,,0,referral,android
2026-06-29 16:29:13,EKB-0049,Екатеринбург,visit,,0,organic,android
2026-06-29 16:29:52,MSK-0134,Москва,visit,,0,ads,android
2026-06-29 16:30:24,EKB-0091,Екатеринбург,visit,,0,ads,android
2026-06-29 16:30:38,EKB-0010,Екатеринбург,visit,,0,ads,web
2026-06-29 16:30:51,SPB-0035,Санкт-Петербург,visit,,0,ads,ios
2026-06-29 16:31:36,EKB-0049,Екатеринбург,product_view,,0,organic,android
2026-06-29 16:34:07,KZN-0103,Казань,visit,,0,organic,web
2026-06-29 16:36:03,NSK-0072,Новосибирск,visit,,0,organic,ios
2026-06-29 16:36:12,SPB-0027,Санкт-Петербург,purchase,ORD-001126,270.00,organic,android
2026-06-29 16:36:21,SPB-0002,Санкт-Петербург,product_view,,0,referral,android
2026-06-29 16:41:00,NSK-0015,Новосибирск,product_view,,0,organic,web
2026-06-29 16:42:09,MSK-0028,Москва,product_view,,0,referral,android
2026-06-29 16:42:25,SPB-0031,Санкт-Петербург,visit,,0,ads,android
2026-06-29 16:50:25,EKB-0010,Екатеринбург,product_view,,0,ads,web
2026-06-29 16:52:20,EKB-0113,Екатеринбург,visit,,0,organic,android
2026-06-29 16:56:01,SPB-0149,Санкт-Петербург,visit,,0,organic,android
2026-06-29 16:56:13,EKB-0082,Екатеринбург,visit,,0,referral,android
2026-06-29 16:57:42,SPB-0031,Санкт-Петербург,product_view,,0,ads,android
2026-06-29 16:59:07,EKB-0017,Екатеринбург,product_view,,0,organic,web
2026-06-29 16:59:17,NSK-0072,Новосибирск,product_view,,0,organic,ios
2026-06-29 17:03:38,EKB-0113,Екатеринбург,product_view,,0,organic,android
2026-06-29 17:03:59,MSK-0134,Москва,product_view,,0,ads,android
2026-06-29 17:04:54,SPB-0153,Санкт-Петербург,visit,,0,ads,android
2026-06-29 17:05:12,MSK-0076,Москва,visit,,0,organic,web
2026-06-29 17:05:36,MSK-0154,Москва,visit,,0,organic,android
2026-06-29 17:06:11,NSK-0060,Новосибирск,visit,,0,ads,web
2026-06-29 17:11:56,NSK-0059,Новосибирск,visit,,0,ads,ios
2026-06-29 17:16:39,EKB-0008,Екатеринбург,purchase,ORD-001146,250.00,organic,android
2026-06-29 17:16:46,MSK-0076,Москва,product_view,,0,organic,web
2026-06-29 17:18:11,SPB-0153,Санкт-Петербург,product_view,,0,ads,android
2026-06-29 17:19:26,EKB-0082,Екатеринбург,product_view,,0,referral,android
2026-06-29 17:21:00,NSK-0011,Новосибирск,visit,,0,organic,ios
2026-06-29 17:24:20,SPB-0106,Санкт-Петербург,visit,,0,referral,ios
2026-06-29 17:27:06,EKB-0012,Екатеринбург,visit,,0,referral,android
2026-06-29 17:28:34,KZN-0030,Казань,purchase,ORD-001137,260.00,ads,android
2026-06-29 17:28:41,MSK-0288,Москва,visit,,0,ads,android
2026-06-29 17:29:52,MSK-0047,Москва,visit,,0,organic,ios
2026-06-29 17:31:45,EKB-0090,Екатеринбург,visit,,0,organic,ios
2026-06-29 17:34:35,MSK-0033,Москва,visit,,0,ads,ios
2026-06-29 17:41:21,MSK-0051,Москва,visit,,0,organic,android
2026-06-29 17:42:52,NSK-0011,Новосибирск,product_view,,0,organic,ios
2026-06-29 17:43:35,MSK-0068,Москва,visit,,0,organic,android
2026-06-29 17:44:49,MSK-0051,Москва,product_view,,0,organic,android
2026-06-29 17:47:23,NSK-0089,Новосибирск,visit,,0,organic,android
2026-06-29 17:49:14,KZN-0008,Казань,visit,,0,organic,android
2026-06-29 17:54:56,MSK-0079,Москва,visit,,0,ads,android
2026-06-29 17:56:00,MSK-0288,Москва,product_view,,0,ads,android
2026-06-29 17:57:19,EKB-0028,Екатеринбург,visit,,0,referral,android
2026-06-29 17:57:20,EKB-0104,Екатеринбург,visit,,0,organic,web
2026-06-29 17:58:26,EKB-0012,Екатеринбург,product_view,,0,referral,android
2026-06-29 17:58:40,MSK-0068,Москва,product_view,,0,organic,android
2026-06-29 17:59:01,SPB-0134,Санкт-Петербург,visit,,0,organic,android
2026-06-29 17:59:44,KZN-0014,Казань,purchase,ORD-001141,220.00,organic,android
2026-06-29 17:59:46,MSK-0033,Москва,product_view,,0,ads,ios
2026-06-29 18:00:14,NSK-0089,Новосибирск,product_view,,0,organic,android
2026-06-29 18:04:38,MSK-0068,Москва,product_view,,0,organic,android
2026-06-29 18:05:39,SPB-0134,Санкт-Петербург,product_view,,0,organic,android
2026-06-29 18:09:24,SPB-0037,Санкт-Петербург,purchase,ORD-001132,270.00,referral,web
2026-06-29 18:10:42,NSK-0081,Новосибирск,visit,,0,referral,android
2026-06-29 18:13:45,MSK-0034,Москва,visit,,0,organic,android
2026-06-29 18:17:01,MSK-0079,Москва,product_view,,0,ads,android
2026-06-29 18:17:38,MSK-0034,Москва,product_view,,0,organic,android
2026-06-29 18:17:53,MSK-0071,Москва,visit,,0,organic,web
2026-06-29 18:24:14,NSK-0081,Новосибирск,product_view,,0,referral,android
2026-06-29 18:30:04,MSK-0053,Москва,visit,,0,organic,ios
2026-06-29 18:30:49,EKB-0005,Екатеринбург,visit,,0,organic,android
2026-06-29 18:33:52,KZN-0037,Казань,visit,,0,organic,android
2026-06-29 18:35:01,KZN-0039,Казань,visit,,0,ads,android
2026-06-29 18:37:51,MSK-0034,Москва,product_view,,0,organic,android
2026-06-29 18:39:04,NSK-0083,Новосибирск,visit,,0,organic,web
2026-06-29 18:39:14,SPB-0166,Санкт-Петербург,visit,,0,organic,android
2026-06-29 18:39:44,EKB-0010,Екатеринбург,purchase,ORD-001144,710.00,ads,web
2026-06-29 18:44:45,MSK-0068,Москва,purchase,ORD-001117,320.00,organic,android
2026-06-29 18:45:04,EKB-0005,Екатеринбург,product_view,,0,organic,android
2026-06-29 18:45:33,MSK-0262,Москва,visit,,0,organic,web
2026-06-29 18:47:12,SPB-0051,Санкт-Петербург,visit,,0,organic,ios
2026-06-29 18:47:22,MSK-0071,Москва,product_view,,0,organic,web
2026-06-29 18:49:15,KZN-0028,Казань,purchase,ORD-001139,640.00,organic,web
2026-06-29 18:50:05,NSK-0011,Новосибирск,purchase,ORD-001148,540.00,organic,ios
2026-06-29 18:52:42,MSK-0066,Москва,purchase,ORD-001124,880.00,organic,android
2026-06-29 18:54:43,MSK-0207,Москва,visit,,0,organic,android
2026-06-29 18:54:46,SPB-0166,Санкт-Петербург,product_view,,0,organic,android
2026-06-29 18:54:55,SPB-0128,Санкт-Петербург,visit,,0,organic,android
2026-06-29 18:55:30,MSK-0129,Москва,visit,,0,ads,ios
2026-06-29 18:58:27,SPB-0051,Санкт-Петербург,product_view,,0,organic,ios
2026-06-29 18:59:48,SPB-0128,Санкт-Петербург,product_view,,0,organic,android
2026-06-29 19:00:29,SPB-0013,Санкт-Петербург,purchase,ORD-001127,270.00,organic,web
2026-06-29 19:05:14,MSK-0053,Москва,product_view,,0,organic,ios
2026-06-29 19:13:22,NSK-0083,Новосибирск,product_view,,0,organic,web
2026-06-29 19:16:03,MSK-0207,Москва,product_view,,0,organic,android
2026-06-29 19:36:41,MSK-0064,Москва,purchase,ORD-001122,760.00,ads,ios
2026-06-29 19:47:05,MSK-0009,Москва,purchase,ORD-001120,760.00,organic,ios
2026-06-29 19:59:11,SPB-0021,Санкт-Петербург,purchase,ORD-001130,270.00,organic,android
2026-06-29 20:02:51,MSK-0012,Москва,purchase,ORD-001119,670.00,ads,ios
2026-06-29 20:13:02,SPB-0033,Санкт-Петербург,purchase,ORD-001131,570.00,ads,ios
2026-06-29 20:33:00,NSK-0015,Новосибирск,purchase,ORD-001151,250.00,organic,web
2026-06-29 21:19:57,EKB-0007,Екатеринбург,purchase,ORD-001145,820.00,organic,android
2026-06-29 21:22:03,SPB-0002,Санкт-Петербург,purchase,ORD-001129,430.00,referral,android
2026-06-30 02:00:06,TEST-KZN-0120,Казань,purchase,TEST-00120,100.00,test,ios
2026-06-30 02:30:51,TEST-KZN-0030,Казань,purchase,TEST-00030,100.00,test,android
2026-06-30 03:00:44,TEST-KZN-0060,Казань,purchase,TEST-00060,100.00,test,ios
2026-06-30 03:30:14,TEST-KZN-0090,Казань,purchase,TEST-00090,100.00,test,ios
2026-06-30 08:02:39,MSK-0283,Москва,visit,,0,ads,ios
2026-06-30 08:10:28,MSK-0283,Москва,product_view,,0,ads,ios
2026-06-30 08:10:33,EKB-0045,Екатеринбург,visit,,0,organic,web
2026-06-30 08:11:50,SPB-0010,Санкт-Петербург,visit,,0,organic,ios
2026-06-30 08:18:25,SPB-0051,Санкт-Петербург,visit,,0,organic,ios
2026-06-30 08:21:42,MSK-0225,Москва,visit,,0,ads,ios
2026-06-30 08:21:45,SPB-0132,Санкт-Петербург,visit,,0,organic,android
2026-06-30 08:30:03,KZN-0062,Казань,visit,,0,organic,ios
2026-06-30 08:31:12,MSK-0233,Москва,visit,,0,ads,android
2026-06-30 08:32:00,SPB-0132,Санкт-Петербург,product_view,,0,organic,android
2026-06-30 08:33:06,EKB-0045,Екатеринбург,product_view,,0,organic,web
2026-06-30 08:35:18,KZN-0062,Казань,product_view,,0,organic,ios
2026-06-30 08:39:39,NSK-0010,Новосибирск,visit,,0,ads,ios
2026-06-30 08:40:12,SPB-0132,Санкт-Петербург,product_view,,0,organic,android
2026-06-30 08:43:40,SPB-0078,Санкт-Петербург,visit,,0,ads,web
2026-06-30 08:45:05,SPB-0051,Санкт-Петербург,product_view,,0,organic,ios
2026-06-30 08:48:17,NSK-0038,Новосибирск,visit,,0,organic,ios
2026-06-30 08:48:33,EKB-0068,Екатеринбург,visit,,0,organic,android
2026-06-30 08:55:42,MSK-0225,Москва,product_view,,0,ads,ios
2026-06-30 08:58:47,NSK-0026,Новосибирск,visit,,0,organic,android
2026-06-30 08:59:38,SPB-0195,Санкт-Петербург,visit,,0,referral,ios
2026-06-30 09:04:51,EKB-0068,Екатеринбург,product_view,,0,organic,android
2026-06-30 09:05:16,MSK-0003,Москва,visit,,0,referral,android
2026-06-30 09:06:27,SPB-0087,Санкт-Петербург,visit,,0,organic,web
2026-06-30 09:06:40,NSK-0003,Новосибирск,visit,,0,ads,ios
2026-06-30 09:08:55,NSK-0010,Новосибирск,product_view,,0,ads,ios
2026-06-30 09:10:29,SPB-0124,Санкт-Петербург,visit,,0,referral,android
2026-06-30 09:14:44,KZN-0008,Казань,visit,,0,organic,android
2026-06-30 09:17:01,SPB-0078,Санкт-Петербург,product_view,,0,ads,web
2026-06-30 09:18:46,NSK-0003,Новосибирск,product_view,,0,ads,ios
2026-06-30 09:19:26,MSK-0016,Москва,visit,,0,ads,ios
2026-06-30 09:24:43,MSK-0016,Москва,product_view,,0,ads,ios
2026-06-30 09:26:51,SPB-0087,Санкт-Петербург,product_view,,0,organic,web
2026-06-30 09:28:14,MSK-0013,Москва,visit,,0,ads,web
2026-06-30 09:29:53,NSK-0046,Новосибирск,visit,,0,organic,android
2026-06-30 09:30:24,MSK-0136,Москва,visit,,0,ads,android
2026-06-30 09:30:31,MSK-0074,Москва,visit,,0,organic,android
2026-06-30 09:36:29,SPB-0041,Санкт-Петербург,visit,,0,ads,web
2026-06-30 09:47:42,MSK-0110,Москва,visit,,0,organic,ios
2026-06-30 09:48:32,MSK-0136,Москва,product_view,,0,ads,android
2026-06-30 09:49:36,MSK-0013,Москва,product_view,,0,ads,web
2026-06-30 09:50:50,MSK-0013,Москва,product_view,,0,ads,web
2026-06-30 09:58:12,KZN-0123,Казань,visit,,0,organic,ios
2026-06-30 10:00:10,KZN-0007,Казань,purchase,ORD-001184,220.00,ads,android
2026-06-30 10:05:48,MSK-0074,Москва,product_view,,0,organic,android
2026-06-30 10:06:18,SPB-0026,Санкт-Петербург,purchase,ORD-001173,180.00,organic,android
2026-06-30 10:07:01,MSK-0013,Москва,purchase,ORD-001160,400.00,ads,web
2026-06-30 10:08:53,MSK-0171,Москва,visit,,0,organic,android
2026-06-30 10:15:37,EKB-0003,Екатеринбург,visit,,0,organic,android
2026-06-30 10:16:37,MSK-0171,Москва,product_view,,0,organic,android
2026-06-30 10:17:48,SPB-0011,Санкт-Петербург,visit,,0,ads,android
2026-06-30 10:19:00,NSK-0007,Новосибирск,purchase,ORD-001195,1060.00,organic,ios
2026-06-30 10:19:05,NSK-0023,Новосибирск,visit,,0,organic,ios
2026-06-30 10:22:05,KZN-0123,Казань,product_view,,0,organic,ios
2026-06-30 10:22:28,MSK-0110,Москва,product_view,,0,organic,ios
2026-06-30 10:25:37,KZN-0009,Казань,purchase,ORD-001178,720.00,organic,android
2026-06-30 10:26:17,SPB-0203,Санкт-Петербург,visit,,0,ads,android
2026-06-30 10:28:29,NSK-0025,Новосибирск,purchase,ORD-001192,170.00,ads,android
2026-06-30 10:29:01,KZN-0123,Казань,product_view,,0,organic,ios
2026-06-30 10:31:25,MSK-0151,Москва,visit,,0,ads,web
2026-06-30 10:32:13,EKB-0010,Екатеринбург,purchase,ORD-001190,630.00,ads,web
2026-06-30 10:34:00,SPB-0203,Санкт-Петербург,product_view,,0,ads,android
2026-06-30 10:36:06,SPB-0223,Санкт-Петербург,visit,,0,organic,ios
2026-06-30 10:38:57,MSK-0230,Москва,visit,,0,ads,android
2026-06-30 10:47:35,MSK-0151,Москва,product_view,,0,ads,web
2026-06-30 10:48:18,NSK-0023,Новосибирск,product_view,,0,organic,ios
2026-06-30 10:49:40,NSK-0007,Новосибирск,visit,,0,organic,ios
2026-06-30 10:51:21,MSK-0230,Москва,product_view,,0,ads,android
2026-06-30 10:52:57,NSK-0023,Новосибирск,product_view,,0,organic,ios
2026-06-30 10:53:05,NSK-0007,Новосибирск,product_view,,0,organic,ios
2026-06-30 10:54:25,SPB-0134,Санкт-Петербург,visit,,0,organic,android
2026-06-30 10:58:09,MSK-0213,Москва,visit,,0,organic,android
2026-06-30 10:59:54,SPB-0036,Санкт-Петербург,visit,,0,organic,ios
2026-06-30 11:00:17,KZN-0009,Казань,visit,,0,organic,android
2026-06-30 11:00:28,EKB-0090,Екатеринбург,visit,,0,organic,ios
2026-06-30 11:07:13,MSK-0045,Москва,purchase,ORD-001158,590.00,ads,ios
2026-06-30 11:07:44,MSK-0011,Москва,visit,,0,organic,android
2026-06-30 11:08:24,SPB-0134,Санкт-Петербург,product_view,,0,organic,android
2026-06-30 11:10:03,SPB-0040,Санкт-Петербург,visit,,0,referral,ios
2026-06-30 11:10:52,KZN-0105,Казань,visit,,0,organic,ios
2026-06-30 11:11:07,SPB-0203,Санкт-Петербург,product_view,,0,ads,android
2026-06-30 11:12:35,KZN-0009,Казань,product_view,,0,organic,android
2026-06-30 11:18:22,EKB-0023,Екатеринбург,visit,,0,organic,ios
2026-06-30 11:20:37,KZN-0105,Казань,product_view,,0,organic,ios
2026-06-30 11:21:26,SPB-0040,Санкт-Петербург,purchase,ORD-001168,180.00,referral,ios
2026-06-30 11:25:33,NSK-0007,Новосибирск,product_view,,0,organic,ios
2026-06-30 11:26:30,MSK-0011,Москва,product_view,,0,organic,android
2026-06-30 11:30:55,EKB-0026,Екатеринбург,visit,,0,referral,android
2026-06-30 11:31:18,EKB-0015,Екатеринбург,purchase,ORD-001189,370.00,organic,ios
2026-06-30 11:32:50,SPB-0036,Санкт-Петербург,product_view,,0,organic,ios
2026-06-30 11:34:06,MSK-0213,Москва,product_view,,0,organic,android
2026-06-30 11:34:07,SPB-0040,Санкт-Петербург,product_view,,0,referral,ios
2026-06-30 11:36:35,NSK-0056,Новосибирск,visit,,0,ads,android
2026-06-30 11:45:26,KZN-0102,Казань,visit,,0,organic,ios
2026-06-30 11:53:00,KZN-0102,Казань,product_view,,0,organic,ios
2026-06-30 11:53:13,MSK-0246,Москва,visit,,0,ads,ios
2026-06-30 11:54:14,EKB-0023,Екатеринбург,product_view,,0,organic,ios
2026-06-30 11:56:20,MSK-0034,Москва,visit,,0,organic,android
2026-06-30 11:58:50,NSK-0056,Новосибирск,product_view,,0,ads,android
2026-06-30 12:02:40,SPB-0161,Санкт-Петербург,visit,,0,organic,android
2026-06-30 12:03:31,MSK-0011,Москва,purchase,ORD-001153,880.00,organic,android
2026-06-30 12:05:52,KZN-0028,Казань,visit,,0,organic,web
2026-06-30 12:07:56,MSK-0246,Москва,product_view,,0,ads,ios
2026-06-30 12:09:54,SPB-0218,Санкт-Петербург,visit,,0,organic,web
2026-06-30 12:10:16,SPB-0161,Санкт-Петербург,product_view,,0,organic,android
2026-06-30 12:12:01,EKB-0099,Екатеринбург,visit,,0,organic,ios
2026-06-30 12:13:47,MSK-0034,Москва,product_view,,0,organic,android
2026-06-30 12:16:29,MSK-0032,Москва,visit,,0,organic,ios
2026-06-30 12:19:02,MSK-0034,Москва,product_view,,0,organic,android
2026-06-30 12:23:39,MSK-0234,Москва,visit,,0,ads,web
2026-06-30 12:23:46,SPB-0049,Санкт-Петербург,visit,,0,organic,ios
2026-06-30 12:24:41,SPB-0125,Санкт-Петербург,visit,,0,organic,android
2026-06-30 12:25:41,KZN-0102,Казань,product_view,,0,organic,ios
2026-06-30 12:29:34,EKB-0013,Екатеринбург,visit,,0,organic,android
2026-06-30 12:30:43,SPB-0113,Санкт-Петербург,visit,,0,organic,ios
2026-06-30 12:32:09,EKB-0013,Екатеринбург,product_view,,0,organic,android
2026-06-30 12:32:33,EKB-0010,Екатеринбург,visit,,0,ads,web
2026-06-30 12:35:09,SPB-0218,Санкт-Петербург,product_view,,0,organic,web
2026-06-30 12:35:15,KZN-0074,Казань,visit,,0,organic,ios
2026-06-30 12:36:20,SPB-0049,Санкт-Петербург,product_view,,0,organic,ios
2026-06-30 12:37:32,NSK-0015,Новосибирск,visit,,0,organic,web
2026-06-30 12:42:25,MSK-0017,Москва,visit,,0,organic,web
2026-06-30 12:43:11,EKB-0099,Екатеринбург,product_view,,0,organic,ios
2026-06-30 12:46:00,KZN-0074,Казань,product_view,,0,organic,ios
2026-06-30 12:46:39,MSK-0032,Москва,product_view,,0,organic,ios
2026-06-30 12:53:09,KZN-0074,Казань,product_view,,0,organic,ios
2026-06-30 12:53:28,KZN-0022,Казань,purchase,ORD-001183,180.00,organic,web
2026-06-30 12:55:55,EKB-0074,Екатеринбург,visit,,0,referral,ios
2026-06-30 12:56:23,SPB-0113,Санкт-Петербург,product_view,,0,organic,ios
2026-06-30 12:57:25,MSK-0033,Москва,purchase,ORD-001159,190.00,ads,ios
2026-06-30 12:58:06,EKB-0010,Екатеринбург,product_view,,0,ads,web
2026-06-30 13:06:58,KZN-0051,Казань,visit,,0,organic,ios
2026-06-30 13:07:58,NSK-0015,Новосибирск,product_view,,0,organic,web
2026-06-30 13:13:56,KZN-0139,Казань,visit,,0,organic,android
2026-06-30 13:14:11,NSK-0061,Новосибирск,visit,,0,ads,ios
2026-06-30 13:18:24,KZN-0033,Казань,visit,,0,organic,ios
2026-06-30 13:26:06,KZN-0019,Казань,visit,,0,organic,web
2026-06-30 13:26:55,NSK-0061,Новосибирск,product_view,,0,ads,ios
2026-06-30 13:27:01,SPB-0090,Санкт-Петербург,visit,,0,organic,android
2026-06-30 13:31:43,SPB-0094,Санкт-Петербург,visit,,0,referral,android
2026-06-30 13:31:48,EKB-0047,Екатеринбург,visit,,0,ads,android
2026-06-30 13:32:55,KZN-0047,Казань,visit,,0,organic,ios
2026-06-30 13:34:54,SPB-0088,Санкт-Петербург,visit,,0,organic,web
2026-06-30 13:35:57,NSK-0062,Новосибирск,visit,,0,organic,android
2026-06-30 13:36:00,EKB-0042,Екатеринбург,visit,,0,ads,ios
2026-06-30 13:37:04,SPB-0073,Санкт-Петербург,visit,,0,ads,web
2026-06-30 13:38:09,NSK-0061,Новосибирск,product_view,,0,ads,ios
2026-06-30 13:38:43,SPB-0016,Санкт-Петербург,visit,,0,referral,ios
2026-06-30 13:42:13,KZN-0033,Казань,product_view,,0,organic,ios
2026-06-30 13:44:49,NSK-0062,Новосибирск,product_view,,0,organic,android
2026-06-30 13:45:02,SPB-0016,Санкт-Петербург,product_view,,0,referral,ios
2026-06-30 13:48:02,MSK-0074,Москва,purchase,ORD-001166,360.00,organic,android
2026-06-30 13:54:43,SPB-0097,Санкт-Петербург,visit,,0,organic,android
2026-06-30 13:55:17,SPB-0094,Санкт-Петербург,product_view,,0,referral,android
2026-06-30 13:56:05,SPB-0090,Санкт-Петербург,product_view,,0,organic,android
2026-06-30 13:58:46,MSK-0125,Москва,visit,,0,organic,android
2026-06-30 14:01:07,KZN-0018,Казань,purchase,ORD-001181,260.00,ads,android
2026-06-30 14:01:28,EKB-0042,Екатеринбург,product_view,,0,ads,ios
2026-06-30 14:01:52,SPB-0090,Санкт-Петербург,product_view,,0,organic,android
2026-06-30 14:03:11,EKB-0042,Екатеринбург,product_view,,0,ads,ios
2026-06-30 14:04:44,SPB-0102,Санкт-Петербург,visit,,0,organic,ios
2026-06-30 14:06:23,SPB-0102,Санкт-Петербург,product_view,,0,organic,ios
2026-06-30 14:10:52,KZN-0125,Казань,visit,,0,organic,android
2026-06-30 14:11:13,MSK-0072,Москва,visit,,0,organic,android
2026-06-30 14:13:56,EKB-0096,Екатеринбург,visit,,0,ads,ios
2026-06-30 14:15:28,KZN-0079,Казань,visit,,0,ads,ios
2026-06-30 14:17:40,NSK-0033,Новосибирск,visit,,0,ads,web
2026-06-30 14:17:44,NSK-0025,Новосибирск,visit,,0,ads,android
2026-06-30 14:20:49,EKB-0034,Екатеринбург,visit,,0,organic,android
2026-06-30 14:21:46,SPB-0137,Санкт-Петербург,visit,,0,referral,android
2026-06-30 14:23:02,NSK-0025,Новосибирск,product_view,,0,ads,android
2026-06-30 14:24:41,MSK-0100,Москва,visit,,0,organic,ios
2026-06-30 14:24:51,MSK-0125,Москва,product_view,,0,organic,android
2026-06-30 14:25:05,SPB-0136,Санкт-Петербург,visit,,0,ads,ios
2026-06-30 14:26:34,SPB-0171,Санкт-Петербург,visit,,0,organic,android
2026-06-30 14:29:04,SPB-0038,Санкт-Петербург,purchase,ORD-001177,430.00,organic,android
2026-06-30 14:36:44,SPB-0030,Санкт-Петербург,visit,,0,ads,android
2026-06-30 14:37:52,KZN-0125,Казань,product_view,,0,organic,android
2026-06-30 14:39:10,EKB-0029,Екатеринбург,visit,,0,ads,android
2026-06-30 14:41:26,NSK-0055,Новосибирск,visit,,0,referral,ios
2026-06-30 14:53:17,MSK-0089,Москва,visit,,0,organic,android
2026-06-30 14:53:24,MSK-0205,Москва,visit,,0,organic,ios
2026-06-30 14:55:14,MSK-0216,Москва,visit,,0,ads,android
2026-06-30 14:55:50,SPB-0137,Санкт-Петербург,product_view,,0,referral,android
2026-06-30 14:57:46,MSK-0004,Москва,purchase,ORD-001163,880.00,referral,ios
2026-06-30 15:05:37,NSK-0075,Новосибирск,visit,,0,organic,web
2026-06-30 15:06:52,MSK-0010,Москва,visit,,0,ads,android
2026-06-30 15:09:32,MSK-0256,Москва,visit,,0,organic,web
2026-06-30 15:09:46,NSK-0081,Новосибирск,visit,,0,referral,android
2026-06-30 15:12:09,MSK-0024,Москва,visit,,0,referral,ios
2026-06-30 15:12:29,SPB-0030,Санкт-Петербург,product_view,,0,ads,android
2026-06-30 15:14:50,EKB-0029,Екатеринбург,product_view,,0,ads,android
2026-06-30 15:23:29,NSK-0075,Новосибирск,product_view,,0,organic,web
2026-06-30 15:25:04,MSK-0256,Москва,product_view,,0,organic,web
2026-06-30 15:28:19,MSK-0205,Москва,product_view,,0,organic,ios
2026-06-30 15:29:22,MSK-0116,Москва,visit,,0,organic,android
2026-06-30 15:33:38,EKB-0010,Екатеринбург,purchase,ORD-001191,290.00,ads,web
2026-06-30 15:41:12,MSK-0010,Москва,product_view,,0,ads,android
2026-06-30 15:43:54,MSK-0116,Москва,product_view,,0,organic,android
2026-06-30 15:47:31,EKB-0106,Екатеринбург,visit,,0,organic,android
2026-06-30 15:48:36,MSK-0116,Москва,product_view,,0,organic,android
2026-06-30 15:53:01,EKB-0106,Екатеринбург,product_view,,0,organic,android
2026-06-30 15:53:24,MSK-0004,Москва,visit,,0,referral,ios
2026-06-30 15:54:39,MSK-0067,Москва,visit,,0,ads,web
2026-06-30 15:59:16,MSK-0113,Москва,visit,,0,organic,android
2026-06-30 16:01:55,NSK-0098,Новосибирск,visit,,0,ads,ios
2026-06-30 16:05:26,MSK-0021,Москва,visit,,0,organic,android
2026-06-30 16:14:34,EKB-0117,Екатеринбург,visit,,0,ads,ios
2026-06-30 16:15:12,MSK-0004,Москва,product_view,,0,referral,ios
2026-06-30 16:18:57,KZN-0004,Казань,visit,,0,organic,android
2026-06-30 16:22:22,EKB-0117,Екатеринбург,product_view,,0,ads,ios
2026-06-30 16:24:42,KZN-0005,Казань,purchase,ORD-001180,300.00,ads,ios
2026-06-30 16:27:34,KZN-0128,Казань,visit,,0,organic,ios
2026-06-30 16:29:15,SPB-0076,Санкт-Петербург,visit,,0,referral,web
2026-06-30 16:30:03,MSK-0113,Москва,product_view,,0,organic,android
2026-06-30 16:31:18,KZN-0046,Казань,visit,,0,ads,android
2026-06-30 16:32:42,KZN-0004,Казань,product_view,,0,organic,android
2026-06-30 16:33:19,EKB-0023,Екатеринбург,purchase,ORD-001188,250.00,organic,ios
2026-06-30 16:36:48,MSK-0119,Москва,visit,,0,organic,ios
2026-06-30 16:37:51,SPB-0007,Санкт-Петербург,visit,,0,organic,web
2026-06-30 16:44:34,NSK-0023,Новосибирск,purchase,ORD-001193,810.00,organic,ios
2026-06-30 16:45:50,MSK-0163,Москва,visit,,0,organic,ios
2026-06-30 16:47:50,MSK-0074,Москва,purchase,ORD-001165,360.00,organic,android
2026-06-30 16:48:14,KZN-0022,Казань,visit,,0,organic,web
2026-06-30 16:49:11,SPB-0076,Санкт-Петербург,product_view,,0,referral,web
2026-06-30 16:51:26,MSK-0163,Москва,product_view,,0,organic,ios
2026-06-30 16:52:36,KZN-0033,Казань,purchase,ORD-001179,960.00,organic,ios
2026-06-30 16:53:54,MSK-0203,Москва,visit,,0,referral,android
2026-06-30 16:54:31,MSK-0015,Москва,visit,,0,organic,android
2026-06-30 16:56:31,SPB-0007,Санкт-Петербург,product_view,,0,organic,web
2026-06-30 16:56:36,KZN-0116,Казань,visit,,0,ads,ios
2026-06-30 16:56:53,MSK-0015,Москва,product_view,,0,organic,android
2026-06-30 16:57:45,MSK-0009,Москва,purchase,ORD-001155,760.00,organic,ios
2026-06-30 16:58:05,KZN-0022,Казань,product_view,,0,organic,web
2026-06-30 17:01:02,MSK-0255,Москва,visit,,0,ads,web
2026-06-30 17:01:56,MSK-0119,Москва,product_view,,0,organic,ios
2026-06-30 17:05:36,MSK-0026,Москва,visit,,0,ads,android
2026-06-30 17:08:33,MSK-0255,Москва,product_view,,0,ads,web
2026-06-30 17:08:35,EKB-0089,Екатеринбург,visit,,0,organic,android
2026-06-30 17:08:57,MSK-0075,Москва,visit,,0,referral,android
2026-06-30 17:10:36,EKB-0015,Екатеринбург,visit,,0,organic,ios
2026-06-30 17:11:48,MSK-0182,Москва,visit,,0,referral,ios
2026-06-30 17:12:35,MSK-0045,Москва,visit,,0,ads,ios
2026-06-30 17:13:07,KZN-0116,Казань,product_view,,0,ads,ios
2026-06-30 17:14:00,EKB-0089,Екатеринбург,product_view,,0,organic,android
2026-06-30 17:16:20,MSK-0092,Москва,visit,,0,referral,web
2026-06-30 17:16:36,SPB-0006,Санкт-Петербург,purchase,ORD-001176,350.00,referral,ios
2026-06-30 17:18:14,SPB-0051,Санкт-Петербург,purchase,ORD-001169,180.00,organic,ios
2026-06-30 17:20:27,EKB-0015,Екатеринбург,product_view,,0,organic,ios
2026-06-30 17:23:37,NSK-0003,Новосибирск,purchase,ORD-001196,210.00,ads,ios
2026-06-30 17:25:34,MSK-0146,Москва,visit,,0,ads,android
2026-06-30 17:28:56,MSK-0031,Москва,visit,,0,organic,android
2026-06-30 17:28:58,MSK-0045,Москва,product_view,,0,ads,ios
2026-06-30 17:33:36,EKB-0012,Екатеринбург,visit,,0,referral,android
2026-06-30 17:34:56,MSK-0026,Москва,product_view,,0,ads,android
2026-06-30 17:35:13,EKB-0004,Екатеринбург,visit,,0,ads,web
2026-06-30 17:35:58,MSK-0031,Москва,product_view,,0,organic,android
2026-06-30 17:37:56,SPB-0121,Санкт-Петербург,visit,,0,organic,web
2026-06-30 17:40:23,SPB-0002,Санкт-Петербург,visit,,0,referral,android
2026-06-30 17:40:40,EKB-0015,Екатеринбург,product_view,,0,organic,ios
2026-06-30 17:42:28,MSK-0010,Москва,purchase,ORD-001157,670.00,ads,android
2026-06-30 17:42:34,SPB-0052,Санкт-Петербург,visit,,0,organic,android
2026-06-30 17:44:17,NSK-0006,Новосибирск,visit,,0,ads,ios
2026-06-30 17:44:22,MSK-0146,Москва,product_view,,0,ads,android
2026-06-30 17:45:43,MSK-0182,Москва,product_view,,0,referral,ios
2026-06-30 17:45:55,SPB-0026,Санкт-Петербург,visit,,0,organic,android
2026-06-30 17:47:42,EKB-0004,Екатеринбург,product_view,,0,ads,web
2026-06-30 17:49:48,SPB-0009,Санкт-Петербург,visit,,0,organic,ios
2026-06-30 17:50:40,MSK-0031,Москва,product_view,,0,organic,android
2026-06-30 17:50:58,KZN-0018,Казань,visit,,0,ads,android
2026-06-30 17:51:26,SPB-0009,Санкт-Петербург,product_view,,0,organic,ios
2026-06-30 17:51:46,EKB-0013,Екатеринбург,purchase,ORD-001187,1080.00,organic,android
2026-06-30 17:52:25,SPB-0026,Санкт-Петербург,product_view,,0,organic,android
2026-06-30 18:02:17,MSK-0025,Москва,visit,,0,organic,android
2026-06-30 18:03:26,EKB-0012,Екатеринбург,product_view,,0,referral,android
2026-06-30 18:04:05,MSK-0215,Москва,visit,,0,organic,ios
2026-06-30 18:04:11,KZN-0032,Казань,visit,,0,organic,ios
2026-06-30 18:05:12,MSK-0033,Москва,visit,,0,ads,ios
2026-06-30 18:09:46,SPB-0006,Санкт-Петербург,visit,,0,referral,ios
2026-06-30 18:09:46,KZN-0018,Казань,product_view,,0,ads,android
2026-06-30 18:10:18,MSK-0210,Москва,visit,,0,organic,ios
2026-06-30 18:10:23,EKB-0065,Екатеринбург,visit,,0,organic,android
2026-06-30 18:10:48,KZN-0055,Казань,visit,,0,organic,web
2026-06-30 18:13:09,MSK-0009,Москва,visit,,0,organic,ios
2026-06-30 18:13:40,MSK-0200,Москва,visit,,0,organic,ios
2026-06-30 18:15:27,SPB-0009,Санкт-Петербург,purchase,ORD-001172,220.00,organic,ios
2026-06-30 18:15:40,MSK-0025,Москва,product_view,,0,organic,android
2026-06-30 18:18:54,KZN-0036,Казань,visit,,0,organic,ios
2026-06-30 18:18:55,SPB-0052,Санкт-Петербург,product_view,,0,organic,android
2026-06-30 18:21:16,SPB-0038,Санкт-Петербург,visit,,0,organic,android
2026-06-30 18:22:26,MSK-0009,Москва,product_view,,0,organic,ios
2026-06-30 18:23:15,MSK-0173,Москва,visit,,0,organic,android
2026-06-30 18:23:33,MSK-0033,Москва,product_view,,0,ads,ios
2026-06-30 18:23:58,SPB-0026,Санкт-Петербург,product_view,,0,organic,android
2026-06-30 18:25:04,SPB-0198,Санкт-Петербург,visit,,0,referral,ios
2026-06-30 18:27:42,KZN-0005,Казань,visit,,0,ads,ios
2026-06-30 18:27:50,SPB-0052,Санкт-Петербург,purchase,ORD-001170,310.00,organic,android
2026-06-30 18:28:21,KZN-0055,Казань,product_view,,0,organic,web
2026-06-30 18:29:01,EKB-0065,Екатеринбург,product_view,,0,organic,android
2026-06-30 18:30:48,MSK-0009,Москва,product_view,,0,organic,ios
2026-06-30 18:31:33,MSK-0025,Москва,purchase,ORD-001162,440.00,organic,android
2026-06-30 18:31:43,MSK-0210,Москва,product_view,,0,organic,ios
2026-06-30 18:31:46,SPB-0038,Санкт-Петербург,product_view,,0,organic,android
2026-06-30 18:34:05,SPB-0038,Санкт-Петербург,product_view,,0,organic,android
2026-06-30 18:34:10,MSK-0025,Москва,product_view,,0,organic,android
2026-06-30 18:34:12,SPB-0030,Санкт-Петербург,purchase,ORD-001175,390.00,ads,android
2026-06-30 18:34:47,KZN-0007,Казань,visit,,0,ads,android
2026-06-30 18:38:49,MSK-0259,Москва,visit,,0,organic,android
2026-06-30 18:38:59,MSK-0200,Москва,product_view,,0,organic,ios
2026-06-30 18:40:04,MSK-0083,Москва,visit,,0,ads,android
2026-06-30 18:40:45,SPB-0006,Санкт-Петербург,product_view,,0,referral,ios
2026-06-30 18:42:14,MSK-0200,Москва,product_view,,0,organic,ios
2026-06-30 18:46:03,KZN-0007,Казань,product_view,,0,ads,android
2026-06-30 18:46:28,MSK-0009,Москва,purchase,ORD-001156,270.00,organic,ios
2026-06-30 18:46:54,SPB-0022,Санкт-Петербург,visit,,0,organic,ios
2026-06-30 18:50:30,MSK-0173,Москва,product_view,,0,organic,android
2026-06-30 18:50:59,KZN-0005,Казань,product_view,,0,ads,ios
2026-06-30 18:53:57,SPB-0198,Санкт-Петербург,product_view,,0,referral,ios
2026-06-30 18:54:27,MSK-0259,Москва,product_view,,0,organic,android
2026-06-30 18:55:03,MSK-0259,Москва,product_view,,0,organic,android
2026-06-30 18:55:25,MSK-0152,Москва,visit,,0,referral,ios
2026-06-30 18:58:52,SPB-0198,Санкт-Петербург,product_view,,0,referral,ios
2026-06-30 19:01:40,KZN-0005,Казань,product_view,,0,ads,ios
2026-06-30 19:10:57,MSK-0152,Москва,product_view,,0,referral,ios
2026-06-30 19:11:52,KZN-0007,Казань,product_view,,0,ads,android
2026-06-30 19:23:42,EKB-0004,Екатеринбург,purchase,ORD-001185,550.00,ads,web
2026-06-30 19:38:43,EKB-0004,Екатеринбург,purchase,ORD-001186,550.00,ads,web
2026-06-30 19:42:09,SPB-0026,Санкт-Петербург,purchase,ORD-001174,220.00,organic,android
2026-06-30 20:23:18,SPB-0007,Санкт-Петербург,purchase,ORD-001167,730.00,organic,web
2026-06-30 20:54:07,MSK-0015,Москва,purchase,ORD-001161,590.00,organic,android
2026-06-30 20:54:38,MSK-0031,Москва,purchase,ORD-001164,670.00,organic,android
2026-06-30 21:19:42,NSK-0023,Новосибирск,purchase,ORD-001194,290.00,organic,ios
2026-06-30 21:32:36,SPB-0009,Санкт-Петербург,purchase,ORD-001171,570.00,organic,ios
2026-06-30 21:32:36,KZN-0018,Казань,purchase,ORD-001182,220.00,ads,android
2026-06-30 21:59:57,MSK-0034,Москва,purchase,ORD-001154,230.00,organic,android
